CD,FI3312A,FI3312B
6.011,28.951,31.324
6.011,29.264,31.376
6.010,29.071,31.471
6.011,28.901,31.488
6.010,29.470,31.255
6.010,28.899,31.488
6.009,29.830,31.422
6.010,29.386,31.237
6.012,28.743,31.218
6.011,29.800,31.945
6.011,29.270,31.809
6.012,29.961,31.762
6.012,29.879,31.659
6.012,29.725,31.858
6.013,29.813,31.651
6.013,29.557,31.742
6.012,29.290,31.712
6.012,29.925,31.818
6.010,29.241,31.740
6.010,29.681,31.765
6.010,29.142,31.715
6.010,29.298,31.897
6.011,29.059,31.589
6.011,29.117,31.553
6.013,29.427,31.693
6.010,29.546,31.426
6.013,29.228,31.669
6.011,29.797,31.628
6.011,29.202,31.619
6.010,29.889,31.618
6.009,30.111,31.623
6.011,29.567,31.794
6.011,30.072,31.575
6.011,29.515,31.719
6.011,29.994,31.522
6.012,29.883,31.464
6.012,30.079,31.625
6.011,29.927,31.625
6.011,30.014,31.683
6.011,29.860,31.689
6.010,29.207,31.854
6.011,30.153,31.720
6.010,29.336,31.732
6.011,29.938,31.471
6.011,29.709,31.518
6.011,29.848,31.652
6.012,29.865,31.480
6.010,29.822,31.757
6.010,29.350,31.809
6.011,29.032,31.636
6.010,29.507,31.816
6.010,29.250,31.747
6.009,29.188,31.567
6.010,29.134,31.706
6.010,30.097,31.798
6.012,29.530,31.741
6.011,29.899,31.708
5.060,29.387,31.815
3.677,19.479,31.181
4.046,23.984,31.319
6.012,28.577,31.586
6.011,28.484,31.510
6.010,28.446,31.503
6.011,28.329,31.678
6.010,27.753,31.552
6.010,28.433,31.608
6.010,28.556,31.651
6.009,28.170,31.415
6.012,28.441,31.667
6.009,28.648,31.483
6.010,28.739,31.502
6.010,28.685,31.542
6.010,28.684,31.374
6.010,28.042,31.452
6.012,28.647,31.537
6.011,28.417,31.405
6.013,28.206,31.685
6.014,28.456,31.623
6.014,28.625,31.786
6.014,28.144,31.516
6.014,28.357,31.622
6.013,28.299,31.644
6.012,28.677,31.869
6.012,28.317,31.703
6.011,28.421,31.511
6.011,28.425,31.615
6.011,28.584,31.748
6.010,28.543,31.415
6.010,28.699,31.573
6.010,28.726,31.570
6.011,28.474,31.516
6.011,28.203,31.812
6.011,28.749,31.553
6.010,28.584,31.512
6.011,28.536,31.521
6.011,28.668,31.672
6.012,28.322,31.910
6.012,28.105,31.575
6.013,28.082,31.492
6.014,28.614,31.631
6.011,28.229,31.568
6.013,28.162,31.677
6.013,28.717,31.682
6.012,28.133,31.631
6.012,28.385,31.604
6.012,28.042,31.586
6.011,28.329,31.632
6.011,28.327,31.889
6.012,28.382,31.796
6.013,28.440,31.860
6.013,28.840,31.910
6.012,28.451,31.620
6.012,28.558,31.726
6.013,28.407,31.512
6.010,28.575,31.777
6.012,28.434,31.565
6.013,28.526,31.723
6.012,27.914,31.618
6.013,28.344,31.761
6.013,28.152,31.778
6.013,28.672,31.778
6.014,28.268,31.614
6.012,28.547,31.534
6.014,28.533,31.539
6.015,28.676,31.638
6.014,28.669,31.428
6.014,28.709,31.459
6.013,28.440,31.645
6.014,28.378,31.656
6.015,27.937,31.651
6.014,28.757,31.393
6.012,28.627,31.654
6.014,28.269,31.402
6.012,28.679,31.559
6.011,28.002,31.593
6.011,28.409,31.742
6.012,28.631,31.809
6.011,28.049,31.598
6.012,28.019,31.854
6.011,28.472,31.638
4.293,21.429,31.593
4.261,21.012,31.283
4.260,21.204,31.373
4.261,20.972,31.301
4.261,20.943,31.219
4.260,21.051,31.054
4.262,21.199,31.101
4.261,21.199,30.986
4.260,21.132,31.254
4.260,21.202,30.869
4.260,20.859,31.298
4.260,21.158,31.353
4.260,20.921,31.068
6.011,29.296,31.746
6.012,29.263,31.697
6.011,29.439,31.422
6.011,29.432,31.336
6.009,29.368,31.577
6.010,29.432,31.352
6.009,29.070,31.435
6.009,29.342,31.384
6.011,29.524,31.461
6.010,29.266,31.600
6.010,29.445,31.470
6.011,29.362,31.448
6.011,29.362,31.590
6.011,29.376,31.705
6.012,29.405,31.464
6.012,29.501,31.716
6.012,29.420,31.585
6.011,29.432,31.599
6.011,29.492,31.573
6.011,29.440,31.747
6.011,29.367,31.801
6.011,29.387,31.623
6.014,29.651,31.846
6.010,29.713,31.758
6.011,29.678,31.768
6.011,29.071,31.613
6.014,29.342,31.519
6.012,29.572,31.440
6.012,29.480,31.268
6.011,29.570,31.447
6.011,29.608,31.734
6.012,29.546,31.605
6.013,29.434,31.574
6.014,29.722,31.756
6.013,29.646,31.926
6.013,29.686,31.480
6.012,29.553,31.363
6.013,29.561,31.534
6.013,29.594,31.621
6.013,29.489,31.559
6.012,29.687,31.637
6.011,29.799,31.668
6.011,29.747,31.545
6.011,29.646,31.702
6.011,29.567,31.612
6.009,29.634,31.653
6.010,29.689,31.676
6.012,29.766,31.835
6.011,29.016,31.698
6.010,29.659,31.576
6.013,29.651,31.587
6.011,29.542,31.648
6.011,29.754,31.417
6.012,29.660,31.740
6.012,29.614,31.834
6.012,29.651,31.708
6.012,29.629,31.578
6.012,29.706,31.606
6.013,29.688,31.493
6.013,29.768,31.628
6.013,29.371,31.510
6.012,29.794,31.767
6.011,29.729,31.961
6.012,29.739,31.677
6.010,29.609,31.665
6.011,29.779,31.902
6.010,29.855,31.607
6.010,29.452,31.715
6.009,29.569,31.586
6.011,29.593,31.798
6.010,29.628,31.618
6.011,29.589,31.640
6.011,29.603,31.376
6.011,29.475,31.473
6.011,29.611,31.665
6.009,29.788,31.415
6.012,29.575,31.661
6.013,29.811,31.632
6.012,29.771,31.707
6.012,29.858,31.785
6.013,29.653,31.538
6.013,29.628,31.879
6.012,29.581,31.652
6.013,29.923,31.695
6.012,29.814,31.622
6.012,29.946,31.648
6.011,29.757,31.673
6.011,29.159,31.625
6.013,29.740,31.826
6.010,29.676,31.757
6.010,29.733,31.734
6.011,29.712,31.676
6.010,29.706,31.539
6.012,29.393,31.502
6.011,29.062,31.638
6.010,29.618,31.541
6.011,29.589,31.630
6.010,29.627,31.560
6.013,29.661,32.056
6.013,29.770,31.377
6.013,29.732,31.794
6.012,29.698,31.629
6.014,29.836,31.716
6.014,29.826,31.750
6.014,29.826,31.419
6.013,29.792,31.796
6.014,29.900,31.516
6.012,29.660,31.561
6.012,29.830,31.595
6.011,29.721,31.862
6.012,29.740,31.666
6.012,29.673,31.512
6.011,29.550,31.699
6.012,29.689,31.623
6.015,29.792,31.855
6.013,29.020,31.800
6.011,29.716,31.711
6.013,29.441,31.787
6.012,29.691,31.510
6.013,29.687,31.754
6.013,29.685,31.517
6.014,29.417,31.762
6.014,29.636,31.622
6.015,29.220,31.731
6.015,29.702,31.542
6.013,29.838,31.638
6.014,29.437,31.756
6.013,29.711,31.650
6.013,29.716,31.722
6.011,29.872,31.724
6.010,29.534,31.561
6.012,29.662,31.511
6.012,29.779,31.826
6.011,29.797,31.477
6.012,29.658,31.484
6.013,29.796,31.592
6.014,29.657,31.547
6.013,28.938,31.558
6.013,29.738,31.583
6.013,29.799,31.622
6.014,29.755,31.636
6.013,29.377,31.702
5.982,29.848,31.648
6.013,29.983,31.639
6.013,29.619,31.740
6.014,29.812,31.757
6.012,29.805,31.496
6.014,29.460,31.637
6.013,29.581,31.632
6.013,29.093,31.548
6.012,29.074,31.755
6.013,29.739,31.343
6.012,29.652,31.608
6.012,29.318,31.716
6.014,29.391,31.446
6.011,29.652,31.408
6.011,29.854,31.823
6.011,29.724,31.686
6.011,29.670,31.626
6.011,29.902,31.700
6.010,29.674,31.475
6.010,29.809,31.603
6.013,29.853,31.644
6.014,29.491,31.725
6.014,29.191,31.956
6.013,29.838,31.675
6.013,29.721,31.619
6.014,29.699,31.552
6.015,29.632,31.662
6.015,29.731,31.495
6.014,29.660,31.598
6.014,29.831,31.741
6.014,29.720,31.742
6.012,29.850,31.733
6.014,29.896,31.654
6.013,29.310,31.646
6.013,29.722,31.784
6.012,29.623,31.718
6.013,29.874,31.703
6.012,29.696,31.464
6.011,29.819,31.439
6.011,29.421,31.627
6.014,28.992,31.613
6.013,29.603,31.593
6.011,29.857,31.506
6.012,29.677,31.752
6.013,29.820,31.532
6.014,29.793,31.480
6.014,29.100,31.691
6.014,29.802,31.287
6.014,29.717,31.506
6.013,29.163,31.686
6.015,29.245,31.679
6.014,29.497,31.584
6.014,29.715,31.815
6.013,29.701,31.464
6.012,29.571,31.743
6.013,29.419,31.884
6.013,29.356,31.698
6.014,29.452,31.753
6.012,29.591,31.672
6.013,29.549,31.688
6.010,29.619,31.723
6.012,28.791,31.661
6.012,28.755,31.582
6.011,29.130,31.899
6.011,29.317,31.902
6.013,29.526,31.681
6.012,29.570,31.550
6.013,29.336,31.369
6.012,29.337,31.274
6.014,28.833,31.578
6.014,29.452,31.651
6.013,29.428,31.654
6.013,28.829,31.456
6.013,29.487,31.562
6.013,29.581,31.733
6.013,28.759,31.590
6.012,29.202,31.704
6.013,29.785,31.673
6.012,29.126,31.405
6.012,29.557,31.661
6.012,28.791,31.468
6.010,29.557,31.455
6.012,29.210,31.575
6.010,28.844,31.709
6.010,29.370,31.731
6.010,29.650,31.610
6.010,28.880,31.494
6.011,29.533,31.647
6.011,29.681,31.572
6.012,29.297,31.622
6.011,29.524,31.535
6.010,29.537,31.502
6.009,29.551,31.410
6.009,29.432,31.447
6.009,29.474,31.821
6.009,29.807,31.817
6.010,29.388,31.790
6.011,29.645,31.548
6.010,29.413,31.799
6.009,28.950,31.503
6.010,29.465,31.488
6.009,29.523,31.495
6.009,29.504,31.472
6.010,29.493,31.434
6.012,29.334,31.181
6.011,29.350,31.691
6.012,29.502,31.570
6.011,28.884,31.690
6.009,29.607,31.539
6.010,29.567,31.465
6.012,29.121,31.484
6.013,29.570,31.512
6.014,29.756,31.727
6.015,29.204,31.422
6.014,29.448,31.612
6.014,29.793,31.702
6.014,29.051,31.489
6.013,29.548,31.395
6.013,28.800,31.610
6.013,29.766,31.327
6.013,29.565,31.506
6.015,29.637,31.459
6.014,29.347,31.557
6.013,29.463,31.644
6.011,29.521,31.700
6.012,29.565,31.873
6.011,29.616,31.603
6.013,29.228,31.910
6.011,29.665,31.817
6.011,29.651,31.741
6.009,29.745,31.736
6.012,29.652,31.816
6.013,29.478,32.003
6.011,29.697,31.814
6.016,29.642,31.752
6.015,29.706,31.876
6.015,28.958,31.747
6.014,29.492,31.430
6.014,29.706,31.636
6.014,29.560,31.661
6.012,29.648,31.832
6.013,29.724,31.625
6.013,29.430,31.406
6.014,29.530,31.368
6.013,29.511,31.481
6.012,29.840,31.463
6.013,29.507,31.607
6.012,29.550,31.484
6.011,29.323,30.950
6.009,29.451,31.072
6.010,29.880,31.540
6.010,29.620,31.373
6.010,28.909,31.402
6.012,28.940,31.530
6.011,29.025,31.499
6.012,29.726,31.373
6.012,29.892,31.752
6.013,29.876,31.401
6.013,29.947,31.402
6.014,29.890,31.711
6.013,29.982,31.763
6.012,29.031,31.512
6.012,29.894,31.807
6.012,29.991,31.894
6.013,29.840,31.774
6.012,30.008,31.784
6.012,29.813,31.679
6.012,29.829,31.884
6.013,29.880,31.468
6.012,29.345,31.367
6.012,29.858,31.462
6.011,29.747,31.305
6.013,29.889,31.412
6.013,29.387,31.628
6.012,29.690,31.538
6.014,29.549,31.612
6.013,29.694,31.651
6.013,29.943,31.737
6.013,29.750,31.892
6.014,29.836,31.707
6.014,29.810,31.471
6.014,29.913,31.663
6.013,29.746,31.502
6.013,29.712,31.783
6.013,29.829,31.519
6.012,29.958,31.612
6.013,29.769,31.784
6.013,29.882,31.494
6.013,29.559,31.586
6.014,29.712,31.533
6.012,29.778,31.460
6.012,29.831,31.567
6.012,29.909,31.561
6.011,29.797,31.489
6.012,29.702,31.477
6.012,29.845,31.451
6.010,29.229,31.452
6.010,29.687,31.687
6.011,29.873,31.732
6.009,29.682,31.624
6.011,29.700,31.665
6.011,29.519,31.550
6.011,29.688,31.806
6.013,29.658,31.490
6.012,29.432,31.599
6.012,29.612,31.561
6.012,29.234,31.578
6.012,29.137,31.579
6.011,29.355,31.247
6.011,29.839,31.692
6.015,29.223,31.774
6.012,29.820,31.674
6.012,29.864,31.635
6.012,29.632,31.569
6.013,29.251,31.569
6.012,29.774,31.629
6.012,29.458,31.538
6.013,29.850,31.382
6.012,29.828,31.549
6.012,29.779,31.464
6.011,29.837,31.384
6.012,28.960,31.344
6.013,29.165,31.584
6.014,28.988,31.571
6.014,29.866,31.465
6.013,29.632,31.535
6.013,29.892,31.485
6.013,29.794,31.509
6.014,29.879,31.742
6.012,29.760,31.318
6.013,29.833,31.507
6.012,29.581,31.508
6.013,29.923,31.641
6.012,29.805,31.560
6.012,29.929,31.768
6.010,30.042,31.617
6.011,29.624,31.552
6.011,29.737,31.472
6.011,29.685,31.625
6.011,29.795,31.533
6.013,29.800,31.601
6.013,29.632,31.569
6.013,29.927,31.628
6.013,29.745,31.543
6.013,29.967,31.523
6.014,29.680,31.641
6.014,29.835,31.739
6.014,29.902,31.640
6.014,29.106,31.542
6.012,29.825,31.559
6.012,29.953,31.404
6.012,29.880,31.776
6.012,29.827,31.510
6.013,29.881,31.617
6.012,29.723,31.655
6.014,29.804,31.665
6.013,29.780,31.547
6.015,29.824,31.429
6.015,29.736,31.495
6.013,29.651,31.521
6.014,29.802,31.815
6.012,29.889,31.575
6.013,29.913,31.651
6.013,29.889,31.603
6.013,30.014,31.708
6.014,29.381,31.516
6.014,29.884,31.521
6.015,29.805,31.622
6.015,29.656,31.828
6.014,29.671,31.487
6.015,29.827,31.519
6.013,29.814,31.535
6.012,29.620,31.760
6.012,29.835,31.742
6.013,29.701,31.453
6.013,29.968,31.548
6.013,29.913,31.663
6.012,29.818,31.510
6.012,29.673,31.378
6.014,29.864,31.662
6.012,29.684,31.559
6.012,29.837,31.513
6.012,29.990,31.680
6.013,29.902,31.491
6.013,29.907,31.591
6.014,29.575,31.699
6.014,29.987,31.561
6.013,29.971,31.597
6.015,29.678,31.690
6.015,29.772,31.848
6.015,29.872,31.713
6.014,29.737,31.715
6.014,29.734,31.555
6.012,30.046,31.799
6.014,29.790,31.453
6.013,29.737,31.674
6.014,29.760,31.636
6.015,29.981,31.628
6.012,29.637,31.596
6.013,29.738,31.651
6.012,29.519,31.387
6.013,29.561,31.655
6.013,29.132,31.803
6.014,29.943,31.589
6.012,29.858,31.723
6.013,29.158,31.760
6.013,29.986,31.834
2.547,15.496,30.883
2.455,15.722,30.885
2.331,17.235,30.878
6.011,28.539,29.879
6.013,28.528,29.749
6.012,28.539,30.292
6.013,28.022,30.227
6.013,28.458,30.748
6.014,28.536,30.403
6.013,28.134,30.608
6.013,28.091,30.712
6.012,27.955,30.616
3.047,16.188,30.184
2.454,14.097,29.611
2.454,13.972,29.744
2.455,13.949,29.995
2.454,13.973,29.776
2.453,13.973,29.690
2.454,13.976,29.674
2.453,13.893,29.426
2.452,13.781,29.889
2.454,13.851,29.941
2.452,13.858,29.765
2.453,13.784,29.628
2.452,13.747,29.399
6.012,28.888,30.458
6.012,28.566,30.233
6.012,28.278,30.391
6.013,28.608,30.807
6.014,28.223,30.146
6.012,28.359,30.573
6.014,28.875,29.766
6.013,28.528,30.302
6.012,28.434,30.501
4.294,25.381,29.749
2.452,14.447,30.687
2.451,14.397,30.935
2.454,14.474,30.775
2.453,14.476,30.316
2.453,14.416,30.525
2.452,14.328,30.879
2.453,14.412,30.793
2.453,14.446,30.558
2.453,14.507,30.761
2.453,14.500,30.699
2.453,14.492,30.567
2.453,14.473,30.525
6.012,30.025,31.576
6.011,30.045,31.801
6.012,29.969,31.543
6.012,29.975,31.607
6.011,30.036,31.478
6.011,30.133,31.433
6.012,30.031,31.910
6.012,30.106,31.382
6.013,30.203,32.019
2.456,14.873,31.256
2.454,14.511,30.867
2.455,14.567,30.977
2.454,14.543,31.034
2.454,14.424,30.682
2.452,14.295,30.755
2.454,14.431,31.026
2.453,14.490,30.703
2.453,14.262,30.429
2.451,14.206,30.784
2.450,14.210,30.836
2.451,14.247,30.592
2.451,14.314,30.619
6.010,29.725,31.066
6.010,29.682,31.544
6.011,29.735,31.150
6.009,29.627,31.202
6.011,29.938,31.426
6.011,29.572,31.622
6.010,29.863,30.827
6.009,29.761,31.078
6.011,29.943,31.252
3.372,18.977,30.628
2.452,13.220,30.570
2.454,13.314,30.687
2.455,13.367,30.890
2.456,13.552,30.898
2.456,13.592,31.165
2.455,14.006,31.017
2.455,14.140,31.060
2.455,14.100,31.082
2.454,14.074,30.700
2.455,14.030,31.073
2.454,14.023,30.528
2.453,13.964,30.570
6.010,29.561,31.508
6.010,28.799,31.395
6.011,29.264,31.302
6.011,29.392,31.356
6.011,29.243,31.362
6.008,28.773,31.347
6.008,29.241,31.158
6.010,29.291,31.129
6.010,29.094,31.285
6.010,29.171,31.357
6.008,29.270,31.538
6.012,29.215,31.143
6.011,28.541,31.056
6.012,29.190,31.379
6.013,28.871,31.056
6.010,29.234,31.225
6.012,29.182,31.103
6.010,29.097,31.343
6.010,29.027,30.960
6.009,28.429,30.874
6.008,29.008,30.712
6.007,29.036,30.868
6.006,29.088,30.896
6.006,29.161,31.276
6.005,29.094,30.727
6.006,29.192,30.798
6.006,29.207,30.760
6.005,29.080,30.633
6.005,29.081,30.571
6.003,29.079,30.721
6.003,29.005,30.342
6.005,28.967,30.888
6.006,29.225,30.957
6.009,29.308,30.828
6.011,29.096,31.000
6.011,29.198,30.875
6.010,29.254,30.981
6.012,29.387,31.209
6.013,29.420,31.040
6.013,29.380,31.231
6.012,29.237,31.156
6.011,29.236,31.512
6.012,29.355,31.349
6.011,29.199,30.963
6.010,29.233,30.899
6.009,29.016,30.853
6.009,29.131,30.815
6.008,28.879,30.862
6.009,29.191,30.857
6.008,29.399,30.982
6.008,29.229,30.911
6.008,29.174,30.724
6.007,28.961,30.944
6.009,29.309,31.044
6.011,29.250,30.561
6.012,28.861,30.256
6.012,28.337,30.620
6.014,28.432,30.744
6.013,28.366,30.598
6.012,28.314,30.306
6.012,28.089,30.705
6.013,28.296,30.793
6.013,28.996,30.780
6.012,28.486,30.728
6.012,28.629,30.610
6.013,28.467,30.850
6.012,28.045,30.927
6.009,29.037,30.651
6.011,29.345,30.683
6.012,28.782,30.577
6.010,29.381,30.324
6.011,29.546,30.550
6.011,29.500,30.691
6.010,29.414,30.379
6.010,29.394,30.313
6.012,28.964,30.595
6.013,29.598,30.664
6.013,28.819,30.590
6.013,28.900,30.659
6.015,29.511,30.811
6.016,29.499,30.851
6.016,29.515,30.719
6.014,29.478,30.925
6.015,29.514,30.815
6.013,29.594,30.583
6.012,29.591,30.900
6.013,29.500,30.576
6.011,29.362,30.758
6.011,29.476,30.653
6.014,29.126,30.552
6.014,29.373,30.785
6.013,28.789,30.739
6.014,29.406,30.420
6.013,29.621,30.581
6.011,29.026,30.605
6.011,28.861,30.795
6.012,29.559,30.218
6.014,29.643,30.807
6.015,28.862,30.464
6.017,29.613,30.726
6.015,29.548,30.656
6.015,29.659,30.602
6.017,29.593,30.429
6.017,29.482,30.640
6.015,28.901,30.312
6.014,28.685,30.470
6.013,29.552,30.558
6.014,28.837,30.586
6.013,29.008,30.471
6.014,29.603,30.485
6.012,29.589,30.656
6.013,28.778,30.696
6.014,29.422,30.614
6.013,29.551,30.649
6.013,29.568,30.387
6.014,29.649,30.627
6.013,28.599,30.564
6.013,29.505,30.540
6.013,29.591,30.199
3.677,18.954,30.308
3.678,18.999,30.264
3.678,18.981,29.986
3.678,18.975,30.170
3.679,18.976,29.942
3.678,18.977,29.981
3.678,18.956,29.895
3.677,18.954,29.880
3.677,18.909,29.847
3.677,18.902,30.000
3.677,18.906,30.090
3.678,18.894,30.075
3.677,18.904,30.210
6.012,28.606,30.441
6.013,28.562,30.416
6.010,28.523,30.515
6.010,28.305,30.453
6.012,28.377,30.367
6.013,28.242,30.285
6.012,28.530,30.329
6.011,28.627,30.305
6.011,28.261,30.154
3.677,18.999,30.372
3.677,19.255,30.203
3.679,19.253,30.382
3.678,19.377,30.471
3.678,19.341,30.281
3.677,19.350,30.199
3.679,19.353,30.286
3.677,19.270,30.248
3.676,19.006,30.157
3.676,18.946,30.366
3.676,18.557,30.252
3.675,19.214,29.924
3.676,19.181,30.280
6.012,28.093,30.797
6.010,28.283,30.495
6.011,28.484,30.260
6.011,28.060,30.607
6.012,28.229,30.594
6.011,28.349,30.475
6.011,28.226,30.699
6.010,28.368,30.564
6.012,28.453,30.518
6.011,28.598,30.782
6.014,28.711,30.705
6.013,28.720,30.712
6.014,28.566,30.448
6.014,28.141,30.555
6.015,28.740,30.678
6.012,28.274,30.527
6.013,28.332,30.485
6.014,28.668,30.458
6.014,28.490,30.431
6.013,28.937,30.398
6.012,28.882,30.493
6.012,28.811,30.526
6.012,28.806,30.746
6.014,28.768,30.478
6.012,28.847,30.349
6.012,28.392,30.548
6.011,28.743,30.445
6.011,28.881,30.161
6.013,28.842,30.156
6.012,28.649,30.393
6.012,28.748,30.431
6.012,28.825,30.459
6.013,28.744,30.265
6.012,28.872,30.364
6.013,28.776,30.466
6.013,28.861,30.450
6.013,28.852,30.499
6.013,28.937,30.217
6.013,28.958,30.448
6.013,28.919,30.295
6.014,28.883,30.404
6.015,28.503,30.451
6.012,29.008,30.528
6.012,28.838,30.326
6.014,28.983,30.350
6.014,28.888,30.047
6.014,29.005,30.054
6.012,28.509,30.185
6.013,28.646,30.240
6.014,28.861,30.142
6.012,28.844,30.225
6.012,28.857,30.109
6.011,28.992,30.256
6.012,28.653,30.335
6.012,28.847,30.100
6.013,28.041,30.281
6.013,28.503,30.006
6.013,28.130,30.081
6.013,28.861,30.369
6.014,28.596,30.186
6.013,28.166,30.154
6.012,28.744,30.219
6.013,28.621,30.279
6.012,28.134,30.162
6.013,28.562,30.132
6.013,28.816,30.316
6.012,28.283,30.311
6.013,28.914,30.207
6.014,28.829,30.338
6.015,28.869,30.304
6.014,28.809,30.119
6.014,28.537,30.265
6.013,28.176,30.164
6.012,28.266,30.171
6.013,28.827,30.173
6.012,28.474,30.034
6.013,28.949,30.160
6.013,28.801,30.080
6.013,28.805,30.252
6.015,28.912,30.198
6.015,28.445,30.072
6.016,28.043,30.231
6.015,28.869,30.169
6.014,28.597,30.225
6.015,28.139,30.000
6.014,28.801,30.154
6.014,28.258,30.066
6.014,28.227,30.155
6.014,28.576,29.964
6.014,28.785,30.173
6.014,28.328,29.973
6.014,28.495,29.992
6.012,28.856,30.266
6.012,28.254,30.072
6.013,28.755,29.755
6.015,28.485,30.074
6.012,28.463,29.922
6.012,28.883,30.134
6.013,28.829,30.168
6.013,28.486,29.880
6.015,28.987,29.869
6.017,28.990,30.271
6.013,29.085,30.147
6.014,29.143,30.094
6.015,28.888,30.077
6.014,28.968,30.118
6.015,28.303,30.180
6.015,28.231,30.231
6.014,28.327,30.377
6.013,28.710,30.140
6.015,28.142,30.372
6.013,28.726,30.066
6.013,28.845,30.177
6.014,28.644,30.231
6.014,28.200,30.091
6.012,28.355,30.226
6.013,28.343,30.223
6.014,28.438,30.088
6.012,28.746,30.068
6.013,28.166,30.121
6.013,28.032,30.105
6.014,28.381,30.297
6.014,28.575,30.170
6.014,28.280,30.119
6.015,28.891,29.963
6.016,28.868,30.060
6.016,28.142,30.016
6.014,28.854,30.196
6.016,28.698,30.326
6.015,28.762,30.227
6.016,29.055,30.256
6.014,28.915,30.319
6.012,28.437,30.335
6.014,28.790,30.076
6.014,28.121,30.249
6.015,28.817,30.134
6.014,28.662,30.117
6.014,28.036,30.092
6.014,28.186,30.406
6.016,28.838,30.101
6.017,28.636,30.205
6.014,29.564,30.052
6.014,29.317,29.957
6.018,29.660,29.850
6.016,29.465,30.117
6.018,29.205,30.224
6.017,29.456,29.761
6.015,29.061,30.058
6.016,29.575,30.238
6.015,29.086,29.892
6.019,29.090,30.123
6.016,29.478,29.939
6.017,29.448,30.164
6.017,28.937,30.131
6.017,28.655,30.027
6.014,28.954,29.950
6.014,28.526,29.990
6.015,29.200,30.159
6.014,29.306,29.963
6.012,28.833,29.810
6.012,29.280,29.751
6.013,28.943,29.960
6.014,29.082,29.876
6.014,29.550,30.164
6.014,29.580,29.950
6.015,29.615,29.861
6.015,29.371,29.906
6.015,29.315,29.966
6.016,29.350,29.951
6.015,29.294,30.279
6.016,28.748,29.929
6.016,29.430,29.893
6.014,28.919,29.987
6.014,29.521,30.133
6.016,29.250,29.832
6.015,29.439,30.131
6.015,28.864,30.101
6.014,29.363,30.078
6.014,28.628,30.110
6.015,29.086,30.114
6.014,29.314,29.954
6.013,28.689,30.021
6.014,28.713,30.017
6.014,29.486,30.003
6.013,29.621,29.777
6.014,29.062,29.896
6.014,29.113,29.827
6.013,29.092,29.881
5.211,28.259,29.159
5.578,28.677,29.793
6.011,29.023,29.936
6.013,29.273,30.032
6.013,29.212,29.770
6.014,29.125,30.052
6.013,29.100,30.218
6.010,29.418,30.144
6.012,28.666,30.233
6.014,28.547,30.091
6.012,29.245,30.057
6.014,28.692,30.005
6.015,28.844,30.125
6.013,28.811,30.036
6.012,29.325,29.923
6.013,29.179,29.831
6.011,28.929,30.163
6.012,28.946,29.870
6.011,28.853,29.862
6.013,29.068,29.916
6.014,28.818,30.072
5.672,29.376,29.546
5.671,29.090,29.721
6.010,28.572,29.672
6.008,29.052,29.916
6.008,28.690,30.105
6.009,29.254,29.725
6.010,28.791,29.928
6.011,29.233,29.955
6.010,29.396,30.054
6.010,29.268,29.727
6.011,29.346,30.000
6.009,29.185,29.714
6.010,29.140,29.659
6.011,28.844,29.621
6.009,29.187,29.879
6.009,29.273,29.845
6.009,29.293,29.825
6.010,28.715,29.588
6.010,28.975,29.501
6.009,28.879,29.601
6.009,29.182,29.538
6.010,29.280,29.769
6.009,29.158,29.444
6.010,28.602,29.754
6.011,29.148,29.911
6.010,28.628,29.720
6.011,29.033,29.706
6.010,28.966,29.833
6.010,29.106,30.368
6.010,29.335,30.425
6.012,29.657,30.506
6.011,28.992,30.156
6.011,29.363,30.243
6.011,29.055,30.206
6.010,29.725,30.281
6.012,29.736,30.279
6.011,29.749,30.190
6.011,29.449,30.493
6.011,29.614,30.256
6.010,29.588,30.071
6.010,29.923,30.082
6.010,29.745,29.855
6.011,29.124,30.156
6.014,29.756,30.181
6.014,29.951,30.461
6.014,29.076,30.109
6.014,29.510,30.288
6.013,29.886,30.302
6.014,29.992,30.179
6.014,29.732,30.422
6.013,29.460,30.188
6.013,29.285,30.325
6.014,29.079,30.156
6.014,29.908,29.991
6.014,29.193,29.868
6.014,29.193,30.404
6.013,29.359,30.313
6.014,29.944,30.263
6.015,30.050,30.173
6.013,30.153,29.960
6.012,30.011,30.506
6.012,30.026,30.161
6.012,30.277,30.246
6.011,29.464,30.064
6.012,29.535,30.287
6.013,29.859,30.088
6.012,29.903,30.078
6.013,29.918,30.199
6.013,29.622,30.030
6.014,29.633,30.118
6.012,29.363,30.158
6.012,29.847,30.123
6.013,29.761,30.284
6.013,29.860,30.198
6.012,29.807,30.127
6.012,29.530,30.127
6.014,29.856,30.350
6.012,29.822,29.994
6.012,29.609,30.143
6.013,29.667,30.041
6.014,29.076,29.870
6.014,29.928,30.060
6.014,29.159,29.972
6.013,29.222,30.040
6.013,29.610,30.063
6.013,29.964,30.138
6.014,29.455,30.061
6.014,29.872,30.139
6.014,29.904,30.082
6.015,29.882,29.876
6.014,29.726,30.087
6.015,30.028,29.841
6.014,29.928,30.052
6.014,30.285,30.211
6.015,29.453,29.963
6.014,29.974,29.857
6.014,30.161,30.089
6.013,29.428,30.136
6.014,30.020,30.097
6.014,29.934,30.054
6.014,29.502,30.109
6.014,29.627,29.990
6.013,30.159,30.125
6.014,29.475,30.040
6.013,29.427,30.137
6.015,29.368,29.956
6.014,30.036,29.939
6.014,30.083,30.067
6.014,29.394,30.079
6.013,30.137,30.016
6.014,29.352,29.994
6.015,29.317,30.152
6.014,30.091,30.014
6.014,29.554,30.117
6.015,30.157,29.870
6.015,29.971,30.154
6.015,29.886,29.959
6.015,30.083,29.852
6.016,29.718,30.283
6.014,30.002,29.941
6.015,29.432,29.963
6.014,30.139,30.070
6.015,29.252,30.196
6.013,29.130,30.184
6.014,29.922,30.095
6.012,30.128,29.917
6.012,29.485,30.081
6.013,30.178,29.950
6.013,29.420,29.946
6.013,30.309,30.236
6.011,30.024,29.942
6.014,30.137,29.888
6.014,29.300,29.970
6.014,29.674,30.137
6.014,29.358,29.837
6.016,30.147,30.006
6.014,30.159,30.104
6.015,29.370,30.113
6.014,30.269,30.132
6.015,29.871,30.066
6.015,29.548,30.044
6.014,30.158,29.909
6.014,29.328,29.994
6.015,30.131,30.028
6.013,29.833,29.837
6.013,30.141,30.038
6.013,29.857,29.881
6.014,30.056,29.997
6.013,29.727,30.031
6.013,29.751,30.060
6.015,29.966,29.913
6.013,29.902,30.010
6.014,30.355,30.016
6.014,29.727,29.802
6.014,30.304,29.911
6.015,30.115,29.919
6.014,29.546,29.707
6.014,30.084,30.042
6.015,29.478,29.854
6.015,29.930,29.752
6.015,30.561,29.915
6.015,29.817,29.997
6.014,30.413,30.019
6.014,30.462,29.827
6.015,30.020,30.798
6.013,29.532,30.996
6.014,29.401,30.748
6.015,30.183,30.525
6.014,30.167,30.753
6.013,29.604,30.556
6.013,29.443,30.685
6.014,30.160,30.669
6.014,29.892,30.856
6.014,30.119,30.474
6.014,30.416,30.695
6.014,29.509,30.765
6.014,29.570,30.680
6.015,29.924,30.729
6.015,29.626,30.669
6.014,29.536,30.651
6.014,30.359,30.656
6.013,30.256,30.887
6.014,30.053,30.622
6.014,29.434,30.753
6.014,30.306,30.825
6.014,29.465,30.806
6.012,30.205,30.833
6.013,30.221,30.749
6.013,29.897,30.698
6.013,30.066,30.862
6.013,30.125,30.695
6.012,29.750,30.773
6.011,29.848,30.707
6.012,29.591,30.425
6.013,30.190,30.588
6.012,30.107,30.551
6.014,30.262,30.653
6.014,29.357,30.687
6.014,30.109,30.810
6.014,30.121,30.906
6.016,29.440,30.646
6.015,29.766,30.601
6.015,29.487,30.665
6.017,29.787,30.695
6.017,29.516,30.618
6.016,30.173,30.673
6.016,30.088,30.516
6.014,30.024,30.658
6.016,29.593,30.818
6.016,29.792,30.785
6.016,29.444,30.507
6.016,29.359,30.557
6.016,29.976,30.935
6.013,29.651,30.671
6.014,29.961,30.651
6.014,29.885,30.675
6.014,29.815,30.420
6.013,29.754,30.671
6.014,29.686,30.521
6.016,30.075,30.753
6.015,29.597,30.703
6.016,30.206,30.742
6.016,29.232,30.702
6.016,30.167,30.694
6.016,30.036,30.608
6.015,29.333,30.798
6.015,29.302,30.651
6.016,30.319,30.796
6.015,29.724,30.627
6.015,30.046,30.808
6.015,29.847,30.940
6.015,29.840,30.687
6.014,29.886,30.506
6.013,29.200,30.584
6.011,29.031,30.692
6.012,29.960,30.650
6.013,29.645,30.691
6.013,29.690,30.652
6.014,29.428,30.609
6.013,29.396,30.457
6.014,29.292,30.673
6.015,29.773,30.648
6.015,29.510,30.704
6.015,29.980,30.543
6.014,29.747,30.766
6.016,29.397,30.751
6.015,29.700,30.915
6.016,29.662,30.838
6.017,29.278,30.527
6.015,29.684,30.850
6.015,30.047,30.916
6.015,29.087,30.945
6.015,29.135,30.633
6.013,29.744,30.834
6.014,29.906,30.822
6.015,29.686,31.031
6.015,30.221,30.806
6.015,29.840,30.872
6.016,29.422,30.814
6.014,29.358,30.666
6.015,29.937,30.589
6.016,29.097,30.801
6.015,29.928,30.813
6.015,29.485,30.801
6.017,29.458,31.009
6.017,29.273,30.776
6.017,30.228,30.639
6.016,30.097,30.532
6.016,29.586,30.898
6.014,29.285,30.660
6.016,29.465,30.376
6.014,29.766,30.662
6.014,29.647,30.710
6.015,29.692,30.644
6.015,29.331,30.600
6.014,29.684,30.792
6.015,30.100,30.596
6.015,29.393,30.737
6.015,29.495,30.572
6.014,29.024,30.797
6.015,29.497,30.654
6.015,29.891,30.738
6.015,29.638,30.369
6.013,29.790,30.481
6.012,29.723,30.154
6.014,29.860,30.666
6.012,29.797,30.536
6.013,29.986,30.362
6.015,29.462,30.517
6.013,29.463,30.311
6.014,29.246,30.655
6.013,30.064,30.615
6.014,29.705,30.532
6.012,29.084,30.520
6.014,30.386,30.359
6.011,30.255,30.650
6.014,30.202,30.553
6.014,29.672,30.465
6.013,30.368,30.726
6.014,30.480,30.545
6.014,30.394,30.489
6.014,30.282,30.523
6.014,30.486,30.342
6.014,30.366,30.337
6.014,30.054,30.248
6.012,29.650,30.285
4.247,24.899,29.420
2.451,13.575,30.126
2.452,13.596,30.405
2.451,13.565,30.311
2.451,13.570,30.466
2.452,13.604,30.514
2.453,13.641,30.679
2.453,13.611,30.110
2.452,13.601,30.263
2.452,13.579,30.385
2.451,13.523,30.030
2.451,13.450,30.519
2.452,13.436,30.038
6.010,30.046,31.413
6.009,29.862,31.191
6.010,29.112,31.109
6.010,29.907,31.177
6.009,29.257,31.180
6.009,29.704,31.074
6.009,29.385,31.175
6.009,29.394,31.123
6.009,29.126,31.048
2.756,14.648,30.486
2.756,14.652,30.683
2.757,14.611,30.398
2.756,14.630,30.521
2.757,14.745,30.393
2.757,14.756,30.462
2.758,14.864,30.557
2.757,14.896,30.439
2.757,14.890,30.534
2.758,14.939,30.405
2.757,14.896,30.121
2.757,14.810,30.454
2.756,14.856,30.188
6.010,29.593,31.093
6.008,29.890,30.989
6.009,29.655,31.003
6.008,29.677,30.959
6.008,29.913,30.988
6.007,29.544,30.816
6.008,29.802,31.012
6.008,29.365,30.969
6.008,29.179,30.952
6.008,29.847,31.092
6.010,29.737,30.884
6.011,29.710,31.110
6.012,29.958,30.927
6.012,29.954,31.027
6.013,29.838,31.367
6.013,29.820,31.106
6.011,29.740,31.400
6.011,30.047,31.116
6.013,29.578,31.042
6.012,30.330,31.004
6.012,29.919,31.212
6.012,29.878,30.976
6.011,29.298,30.922
6.010,29.932,31.118
6.012,29.992,31.075
6.010,29.697,31.072
6.010,29.621,30.717
6.009,29.819,31.125
6.009,29.833,30.972
6.010,29.841,30.979
6.011,29.270,30.775
2.726,14.908,30.118
2.726,14.853,30.534
2.726,14.866,30.169
2.727,14.925,30.340
2.727,14.974,30.622
2.726,14.990,30.649
2.726,14.968,30.399
3.309,17.416,29.971
3.309,17.036,30.379
3.308,17.223,30.208
3.307,17.263,30.413
3.307,17.287,30.197
3.308,17.283,30.139
6.009,29.013,31.061
6.008,29.796,30.958
6.009,29.725,31.013
6.010,29.853,30.967
6.012,29.838,30.923
6.010,29.836,30.863
6.010,29.151,30.525
6.011,29.851,30.943
6.010,28.912,31.065
3.282,16.295,30.284
3.282,16.379,30.694
3.283,16.306,30.408
3.282,16.318,30.542
3.282,16.300,30.410
3.282,16.288,30.119
3.281,16.286,30.367
3.281,16.447,31.334
3.280,17.120,31.237
3.280,17.149,30.588
2.759,14.970,30.855
2.758,14.979,30.783
2.759,15.018,30.932
6.012,28.846,31.144
6.012,29.458,31.095
6.012,29.470,30.394
6.013,29.238,30.420
6.011,29.080,30.418
6.010,29.110,30.293
6.011,28.754,30.530
6.012,29.297,30.267
6.013,29.117,30.462
6.012,28.928,30.855
6.015,28.748,30.888
6.016,28.985,30.713
6.016,29.359,30.640
6.015,29.265,30.575
6.014,28.689,30.789
6.012,29.108,30.865
6.012,28.462,31.147
6.015,29.588,30.919
6.015,28.985,30.747
6.016,29.468,31.024
6.014,29.386,30.775
6.014,28.941,30.686
6.014,29.471,30.694
6.012,29.353,30.626
6.011,28.713,30.751
6.012,29.206,30.652
6.010,29.110,30.606
6.010,29.366,30.731
6.012,29.399,30.857
6.011,29.392,30.853
6.010,28.658,30.556
6.014,28.925,30.615
6.014,28.963,31.036
6.014,29.660,31.032
6.015,29.422,30.885
6.016,29.505,30.841
6.016,28.956,31.016
6.016,29.627,30.986
6.016,29.189,30.719
6.015,29.485,31.030
6.015,29.506,30.802
6.016,29.055,30.828
6.015,29.263,30.964
6.015,28.991,31.028
6.013,29.587,30.883
6.014,29.233,30.797
6.014,29.473,30.775
6.015,29.401,31.029
6.013,28.807,30.933
6.014,29.373,30.941
6.013,28.874,30.398
6.013,28.734,30.627
6.013,29.253,30.535
3.039,17.906,30.199
2.456,14.133,29.952
2.455,14.140,30.385
2.455,14.120,30.077
2.455,14.181,30.296
2.455,14.159,29.919
2.454,14.156,29.913
2.454,14.120,30.129
2.454,14.125,29.827
2.452,14.059,30.038
2.453,14.064,29.785
2.452,13.981,29.888
2.453,14.051,29.987
6.012,29.036,30.630
6.012,28.892,30.805
6.014,28.839,30.707
6.013,29.203,30.818
6.013,28.615,30.686
6.012,28.883,30.706
6.012,28.343,30.985
6.011,29.576,30.840
6.012,28.744,30.921
2.728,15.047,29.926
2.453,13.586,30.995
2.453,13.569,31.164
2.452,13.470,30.642
2.453,13.535,30.719
2.452,13.533,30.895
2.452,13.539,30.708
2.452,13.634,30.897
2.453,13.584,30.793
2.453,13.553,30.865
2.452,13.550,30.680
2.452,13.519,30.950
2.452,13.526,30.924
6.013,28.553,31.959
6.012,28.266,31.859
6.013,28.294,31.861
6.011,28.295,31.825
6.011,28.459,31.899
6.011,28.138,31.885
6.012,28.076,31.797
6.011,28.513,31.927
6.012,28.059,31.819
3.219,15.995,30.875
2.454,14.876,31.148
2.454,14.866,31.035
2.454,14.756,31.049
2.453,14.746,30.871
2.453,14.767,31.035
2.453,14.763,31.010
2.453,14.716,30.855
2.453,14.719,30.945
2.453,14.703,30.773
2.454,14.746,30.596
2.452,14.744,30.981
2.452,14.729,30.943
6.011,29.574,30.981
6.013,29.067,31.056
6.012,29.714,30.796
6.012,29.645,30.744
6.012,29.616,30.711
6.012,29.706,30.738
6.013,29.595,30.810
6.012,29.585,30.896
6.013,29.157,30.993
2.454,14.140,29.719
2.454,14.725,30.065
2.454,14.742,29.986
2.454,14.749,30.036
2.452,14.714,29.965
2.453,14.826,30.120
2.453,14.815,29.951
2.453,14.941,29.915
2.453,14.947,30.013
2.452,14.950,30.048
2.452,14.950,29.888
2.453,14.965,29.992
2.452,14.862,30.212
6.012,29.458,30.816
6.013,29.840,31.159
6.013,29.958,30.946
6.011,29.945,30.774
6.011,29.803,30.885
6.011,29.892,30.675
6.011,29.909,30.720
6.012,29.595,30.824
6.011,29.871,30.861
2.453,14.148,30.054
2.453,14.190,30.121
2.454,14.205,30.300
2.454,14.232,30.044
2.454,14.219,30.236
2.454,14.217,30.340
2.454,14.302,30.276
2.453,14.411,30.058
2.454,14.373,29.970
2.454,14.347,29.899
2.453,14.356,30.048
2.453,14.355,29.970
2.453,14.341,30.048
6.012,29.507,31.152
6.013,29.496,30.899
6.014,29.362,30.840
6.012,29.454,30.988
6.012,29.401,30.946
6.011,29.358,30.826
6.012,29.678,31.087
6.013,29.431,31.045
6.011,29.356,31.159
6.013,29.371,30.700
6.013,29.128,30.822
6.014,29.373,30.580
6.014,28.808,30.805
6.014,29.428,30.643
6.015,29.253,30.708
6.015,29.325,30.653
6.016,29.400,30.982
6.014,29.284,30.681
6.016,29.140,30.767
6.016,29.128,30.764
6.016,29.293,30.590
6.016,29.258,30.611
6.015,29.266,30.649
6.015,29.403,30.725
6.015,29.318,30.842
6.014,29.176,30.780
6.014,29.158,30.799
6.014,29.310,30.565
6.014,29.050,30.839
6.014,29.324,30.904
6.013,29.275,30.471
6.014,29.296,30.639
6.013,29.332,30.665
6.014,28.663,30.791
6.014,29.205,30.757
6.016,29.254,30.829
6.014,28.961,30.815
6.014,29.308,30.813
6.015,29.236,30.811
6.014,29.191,30.785
6.015,29.380,30.791
6.014,29.355,31.007
6.014,28.771,30.812
6.014,28.914,30.979
6.014,29.158,30.912
6.012,29.320,31.069
6.014,29.184,31.227
6.013,29.215,30.917
6.014,29.122,30.966
6.012,28.805,30.925
6.014,29.359,30.915
6.012,29.373,30.936
6.012,29.400,30.953
2.761,16.997,29.878
2.760,14.975,30.039
2.761,15.119,29.913
2.761,15.007,29.962
2.759,14.974,29.941
2.758,15.008,29.776
2.758,15.044,29.905
2.759,15.100,30.055
2.758,15.028,30.223
2.759,15.158,29.899
2.759,15.207,30.023
2.758,15.164,29.880
2.759,15.059,29.961
6.012,29.122,30.863
6.014,28.586,30.875
6.012,28.648,30.708
6.011,28.755,30.653
6.011,28.711,30.625
6.011,28.745,30.924
6.013,28.576,30.349
6.010,28.486,30.631
6.011,28.835,30.515
2.759,15.360,29.947
2.759,15.358,29.852
2.759,15.220,29.768
2.759,15.290,29.960
2.760,15.341,30.152
2.759,15.291,30.168
2.759,15.352,29.920
2.760,15.365,30.105
2.760,15.354,29.874
2.760,15.348,30.119
2.759,15.317,30.105
2.759,15.259,29.825
2.759,15.216,29.755
6.011,28.493,30.835
6.009,28.338,30.600
6.009,28.121,30.771
6.010,28.580,30.967
6.011,28.648,30.650
6.011,28.733,30.625
6.011,28.424,30.705
6.010,28.593,30.884
6.010,28.635,30.718
2.759,14.607,30.026
2.759,14.458,29.814
2.759,14.443,30.076
2.759,14.447,30.127
2.759,14.460,30.143
2.759,14.456,30.064
2.759,14.453,29.881
2.759,14.449,30.048
2.759,14.453,30.146
2.759,14.456,29.932
2.758,14.449,29.850
2.758,14.455,30.016
2.758,14.446,30.057
6.011,28.836,30.541
6.009,29.203,30.623
6.010,29.385,30.701
6.009,29.082,30.561
6.009,29.082,30.921
6.011,29.338,30.633
6.011,29.306,30.534
6.013,29.197,30.563
6.012,29.233,30.589
2.758,15.726,29.983
2.758,15.395,30.126
2.758,15.436,30.083
2.758,15.438,30.010
2.758,15.489,29.891
2.759,15.515,30.301
2.759,15.519,30.038
2.758,15.767,30.123
2.758,15.528,30.032
2.758,15.488,30.059
2.758,15.456,29.991
2.758,15.373,29.782
2.758,15.415,29.957
6.012,29.913,31.154
6.011,29.547,30.953
6.013,29.990,30.961
6.012,29.145,30.874
6.013,29.881,30.731
6.012,29.768,30.937
6.012,29.842,30.811
6.012,29.193,30.757
6.013,29.922,30.866
2.759,14.777,30.282
2.759,14.826,30.005
2.759,14.816,30.072
2.758,14.827,30.012
2.758,14.855,29.811
2.758,14.691,29.909
2.757,14.789,30.156
2.757,14.812,30.187
2.758,14.833,30.019
2.757,14.841,30.043
2.758,14.859,30.046
2.757,14.876,30.061
2.758,14.898,29.872
6.010,29.703,30.956
6.011,29.742,30.837
6.011,29.478,30.964
6.012,29.626,30.781
6.012,29.326,30.659
6.011,29.132,30.968
6.011,29.532,30.883
6.011,29.581,30.804
6.012,29.151,30.718
6.011,29.599,30.797
6.012,29.126,30.970
6.011,28.904,30.806
6.012,28.855,30.798
6.010,29.493,30.839
6.010,29.152,30.883
6.011,29.593,30.999
6.012,29.009,30.884
6.011,29.584,30.952
6.011,28.937,30.863
6.010,29.521,30.720
6.010,29.187,31.055
6.011,29.222,31.079
6.012,29.438,30.929
6.009,29.384,31.157
6.010,29.584,30.861
6.011,29.631,30.872
6.010,29.543,31.026
6.013,29.564,30.938
6.010,29.691,31.155
6.011,29.693,30.995
6.011,29.392,31.119
6.013,29.625,31.097
6.012,29.427,30.702
6.012,29.066,30.768
6.012,29.373,30.927
6.012,29.129,30.808
6.011,29.512,30.665
6.011,29.284,30.689
6.011,29.295,30.681
6.011,29.332,30.736
6.012,29.097,30.761
6.010,28.840,30.938
6.010,29.529,30.682
6.012,29.506,30.975
6.011,29.516,30.960
6.011,29.584,30.743
6.012,29.460,30.923
6.011,29.287,30.939
6.011,29.243,30.924
6.011,29.669,30.877
6.011,29.573,30.834
6.011,29.586,30.881
6.011,29.626,30.830
6.012,29.103,30.729
6.008,29.264,30.705
6.013,29.102,30.844
6.014,29.386,30.971
6.013,29.194,30.649
6.014,29.375,30.997
6.015,29.404,30.842
6.013,29.394,31.085
6.014,29.477,30.970
6.013,29.522,30.736
6.015,29.373,31.133
6.014,29.281,31.026
6.014,29.223,30.979
6.013,28.086,30.944
6.013,28.395,30.844
6.013,28.323,30.828
6.012,28.397,31.069
6.012,28.101,31.086
6.011,28.388,30.950
6.012,28.341,31.013
6.011,28.156,31.076
6.013,27.989,30.863
6.013,28.179,30.861
6.015,28.515,30.896
6.015,28.513,30.817
6.014,28.523,30.989
6.014,28.493,30.813
6.014,27.904,30.743
6.015,28.185,30.748
6.015,28.416,30.891
6.015,28.516,30.808
6.014,28.054,30.906
6.013,28.167,30.961
6.013,28.100,30.914
6.011,28.115,31.094
6.012,28.528,31.037
6.010,28.468,30.909
6.012,28.203,31.071
6.011,28.402,30.843
6.012,28.600,30.895
6.012,28.614,31.040
6.012,28.595,30.810
6.012,28.120,30.903
6.012,28.650,31.334
6.013,28.270,30.880
6.014,28.707,30.860
6.014,28.677,31.121
6.015,28.455,30.983
6.015,28.650,30.836
6.015,28.349,30.863
6.015,28.671,30.951
6.015,28.704,30.837
6.014,28.786,30.939
6.016,28.604,30.990
6.015,28.652,31.088
6.015,28.461,31.093
6.015,28.583,31.036
6.014,28.562,30.882
6.014,28.743,30.863
6.012,28.665,30.888
6.012,28.666,30.840
6.012,28.585,30.724
6.012,29.033,30.891
6.012,28.789,30.705
6.010,28.450,30.826
6.011,28.609,30.959
6.012,29.433,30.904
6.015,29.514,30.742
6.014,29.501,30.923
6.014,29.460,30.983
6.013,29.415,31.059
6.014,29.635,30.973
6.014,29.948,30.878
6.013,30.195,31.236
6.015,29.953,30.893
6.014,30.212,30.979
6.014,30.106,31.231
6.013,29.896,31.226
6.014,29.966,30.937
6.011,31.006,31.088
6.012,29.030,31.044
6.012,29.237,30.974
6.012,29.244,30.968
6.013,29.288,30.943
6.012,29.237,30.961
6.012,29.048,30.890
6.012,29.466,30.907
6.012,29.016,30.965
6.014,28.305,31.017
6.014,27.923,30.989
6.014,28.045,30.930
6.015,28.619,31.122
6.015,28.579,31.020
6.015,28.041,30.880
6.016,27.898,31.000
6.015,29.400,30.876
6.015,29.336,30.925
6.015,29.100,30.857
6.013,29.316,30.967
6.014,29.322,31.032
6.013,29.395,31.079
6.013,29.470,30.887
6.013,29.550,30.888
6.012,29.444,30.754
6.013,29.039,31.009
6.013,29.190,30.852
6.012,29.352,30.892
6.011,29.373,31.087
6.012,29.128,30.966
6.012,29.037,30.844
6.012,29.320,30.954
6.013,29.276,30.713
6.012,28.651,30.744
6.014,29.237,30.750
6.014,29.292,30.785
6.016,28.677,31.012
6.014,29.333,30.872
6.014,28.882,30.815
6.014,29.338,30.805
6.013,29.342,30.719
6.015,29.156,30.833
6.014,28.576,30.717
6.016,28.634,30.638
6.012,29.395,30.916
6.013,29.094,30.899
6.014,28.587,30.812
6.012,29.359,31.006
6.012,28.886,30.646
6.012,29.287,30.767
6.012,28.667,30.907
6.012,28.706,31.021
6.014,29.265,30.907
6.012,29.301,30.652
6.011,29.380,30.810
6.016,28.918,30.852
4.264,20.727,30.354
4.263,20.293,30.650
4.262,20.481,30.568
4.263,21.331,30.724
6.014,29.175,31.037
6.013,29.724,30.885
6.013,29.665,31.030
6.014,29.207,30.949
6.015,29.868,31.056
6.014,29.787,31.062
6.013,29.884,30.664
6.013,29.759,31.021
6.013,29.831,30.897
6.013,29.859,30.859
6.013,29.794,30.828
6.011,29.795,31.021
6.012,29.449,30.904
6.012,29.849,30.978
6.012,29.704,30.804
6.013,29.173,30.730
6.012,29.391,30.898
6.013,29.193,30.921
6.014,29.245,30.863
6.015,29.246,30.647
6.014,29.353,30.776
6.015,29.414,30.925
6.014,29.311,30.763
6.015,29.181,30.711
6.014,29.141,30.686
6.013,29.271,30.833
6.014,29.284,30.878
6.013,29.123,30.774
6.014,28.661,30.840
6.013,28.879,30.496
6.013,28.942,30.788
6.011,28.575,30.725
6.013,28.747,30.934
6.012,28.919,30.804
6.015,28.948,30.718
6.013,28.230,30.624
6.012,28.835,30.594
2.760,15.743,30.022
2.759,15.759,30.047
2.759,15.752,29.899
2.760,15.770,30.007
2.760,15.761,29.725
2.760,15.760,29.801
2.759,15.808,30.080
2.759,15.850,29.886
2.759,15.794,30.025
2.758,15.723,30.062
2.758,15.770,30.003
2.759,15.753,29.921
2.759,15.737,29.977
6.043,28.861,30.855
6.013,28.924,30.720
6.012,29.393,30.617
6.012,28.851,30.798
6.012,29.200,30.689
6.012,29.112,30.625
6.012,29.523,30.589
6.015,29.369,30.625
6.014,28.738,30.518
2.760,14.824,30.038
2.760,15.011,30.226
2.760,14.802,30.025
2.761,14.746,30.341
2.761,14.797,30.253
2.761,14.829,30.222
2.760,14.826,30.133
2.760,14.813,29.937
2.759,14.859,30.172
2.758,14.734,29.968
2.758,14.725,30.228
2.758,14.714,30.154
2.758,14.714,30.369
6.043,29.163,31.152
6.010,29.105,30.948
6.012,29.057,30.847
6.011,29.287,30.824
6.013,29.169,30.976
6.012,29.019,30.970
6.014,29.083,31.012
6.013,29.061,30.599
6.014,29.081,30.839
2.760,14.950,29.935
2.759,15.017,30.214
2.760,15.006,30.070
2.760,15.010,30.095
2.760,15.013,30.125
2.760,14.995,30.146
2.759,15.005,29.974
2.760,14.993,30.313
2.760,14.951,30.376
2.760,14.930,30.325
2.759,14.921,30.167
2.758,14.887,30.141
2.759,14.900,30.219
6.012,29.555,30.840
6.013,29.521,31.053
6.012,29.404,31.152
6.013,29.304,31.206
6.012,29.390,30.912
6.013,28.959,31.090
6.012,28.672,30.791
6.013,29.463,31.080
6.013,29.043,31.148
6.013,29.505,30.867
6.013,29.458,31.166
6.014,28.891,30.795
6.014,29.507,30.962
6.015,29.165,30.995
6.014,29.447,30.829
6.016,29.561,30.945
6.015,29.600,31.002
6.016,29.459,30.830
6.015,29.293,30.890
6.016,29.241,31.258
6.013,29.546,30.926
6.014,29.707,31.116
6.014,29.137,30.934
6.013,29.540,30.864
6.015,29.434,30.986
6.013,29.360,30.995
6.014,28.836,30.688
6.013,28.981,30.828
6.012,29.591,30.966
6.014,29.429,30.965
6.014,29.394,30.936
6.014,29.602,30.762
6.013,29.729,30.860
6.014,29.359,30.898
6.014,29.266,30.911
6.014,29.590,30.721
6.013,29.573,30.932
6.014,29.298,31.104
6.013,29.281,30.945
6.014,28.966,30.881
6.015,29.475,30.971
6.015,29.472,30.944
6.015,29.537,30.812
6.015,28.985,31.010
6.012,29.486,30.883
6.013,28.676,30.949
6.013,29.243,31.015
6.012,29.182,31.157
6.011,29.555,31.131
6.014,29.565,30.925
6.012,29.519,30.949
6.012,29.500,31.082
6.012,29.473,31.055
6.012,29.289,30.991
6.014,29.491,30.856
6.014,29.645,30.993
6.013,28.796,30.724
6.013,29.584,31.027
6.013,29.598,31.118
6.014,29.119,30.914
6.015,28.959,31.218
6.014,29.044,30.986
6.012,29.591,30.993
6.014,29.553,30.989
6.014,28.950,31.086
6.013,28.736,31.082
6.012,29.369,30.877
6.014,29.455,30.969
6.013,28.621,30.949
6.014,29.476,31.115
6.013,29.247,31.230
6.014,29.526,30.986
6.012,29.496,31.063
6.013,29.504,31.163
6.011,28.972,31.010
3.678,20.037,30.668
3.676,20.031,30.586
3.065,15.490,30.144
3.064,15.490,30.262
3.064,15.485,29.959
3.065,15.550,30.027
3.065,15.605,29.927
3.066,15.691,30.074
3.065,15.632,30.190
3.066,15.600,30.309
3.065,15.593,30.270
3.064,15.595,30.325
6.010,29.370,30.792
6.009,29.515,30.862
6.010,29.566,31.019
6.010,29.576,30.814
6.009,29.624,30.710
6.009,29.631,30.737
6.010,29.675,30.880
6.011,29.459,30.825
6.010,29.355,30.746
6.010,29.451,30.935
3.064,15.361,30.049
3.064,15.373,30.087
3.064,15.366,30.139
3.064,15.363,30.230
3.064,15.347,30.018
3.064,15.400,30.043
3.065,15.420,30.196
3.064,15.470,30.072
3.065,15.476,30.115
3.064,15.448,30.061
3.062,15.427,29.992
3.063,15.419,30.152
3.063,15.437,30.193
6.011,29.516,30.798
6.010,29.535,30.858
6.010,29.453,30.611
6.010,29.133,30.785
6.011,29.442,30.800
6.011,29.435,30.582
6.010,29.463,30.732
6.012,29.422,30.959
6.011,29.389,30.746
3.063,15.139,30.199
3.064,15.132,30.291
3.064,15.135,29.982
3.064,15.149,29.991
3.063,15.135,30.105
3.064,15.213,30.055
3.064,15.235,30.078
3.064,15.236,30.157
3.065,15.241,30.169
3.064,15.238,30.294
3.065,15.234,30.055
3.063,15.240,30.101
3.063,15.239,30.325
6.011,29.409,31.055
6.011,28.893,31.003
6.013,29.468,30.961
6.012,28.813,30.840
6.013,29.340,30.982
6.012,29.382,31.028
6.012,29.319,30.888
6.012,29.370,30.762
6.014,29.367,30.921
2.455,13.737,30.000
2.453,13.924,30.299
2.454,13.908,30.038
2.453,13.912,29.993
2.454,13.942,30.128
2.455,13.942,30.105
2.454,13.961,29.952
2.454,14.016,30.065
2.455,14.021,30.321
2.452,14.010,30.151
2.452,14.020,29.899
2.452,14.022,30.049
2.452,14.024,30.410
6.011,28.792,31.240
6.011,28.326,30.978
6.012,28.320,31.058
6.013,28.244,31.298
6.012,28.301,31.241
6.012,28.882,31.211
6.013,28.200,30.855
6.011,28.155,30.992
6.012,28.585,31.190
2.454,14.631,30.300
2.454,14.441,29.994
2.453,14.414,30.032
2.453,14.349,30.333
2.453,14.351,30.151
2.453,14.361,30.296
2.453,14.349,30.330
2.453,14.356,30.203
2.454,14.351,30.622
2.453,14.336,30.403
2.453,14.300,30.393
2.452,14.282,30.295
2.453,14.272,30.248
6.011,29.207,31.107
6.013,28.921,31.066
6.011,28.580,31.037
6.011,29.056,31.324
6.012,28.982,31.253
6.014,29.035,31.137
6.012,28.447,31.044
6.012,28.756,31.199
6.015,28.667,31.189
6.014,28.896,31.253
6.013,29.042,31.358
6.014,29.089,31.120
6.014,28.965,31.114
6.013,28.976,31.010
6.015,29.098,31.124
6.013,28.974,31.013
6.014,28.919,30.947
6.014,29.126,31.086
6.014,29.000,31.307
6.015,29.034,31.114
6.015,28.559,31.105
6.015,28.939,31.061
6.014,28.961,31.107
6.014,28.960,31.384
6.014,28.979,31.155
6.014,28.998,30.982
6.013,28.975,31.109
6.014,28.918,31.095
6.012,28.921,31.260
6.014,28.982,30.931
6.013,29.019,31.166
6.014,29.028,31.054
6.014,29.015,31.128
6.014,28.930,30.931
6.015,29.017,31.056
6.015,28.488,30.956
6.015,28.988,30.873
6.015,28.940,31.090
6.016,28.885,31.214
6.016,28.781,30.894
6.016,28.889,31.051
6.015,28.939,31.007
6.014,28.842,30.927
6.015,28.927,30.890
6.013,28.374,30.915
6.013,28.844,31.111
6.014,28.838,31.301
6.015,28.736,31.081
6.014,28.585,31.007
6.015,28.597,30.313
6.013,28.570,30.944
6.010,28.688,30.773
6.011,28.761,30.863
2.455,14.903,30.472
2.453,14.892,30.738
2.453,14.889,30.600
2.454,14.924,30.356
2.454,14.886,30.567
2.454,14.913,30.380
2.454,14.894,30.604
2.454,14.919,30.515
2.454,14.910,30.278
2.453,14.880,30.328
2.454,14.876,30.331
2.454,14.869,30.506
2.454,14.874,30.579
6.014,29.258,31.143
6.012,29.156,30.968
6.013,29.519,31.135
6.014,28.979,31.230
6.013,29.366,30.843
6.013,29.086,30.937
6.014,29.492,31.084
6.015,29.246,31.146
6.015,28.911,31.267
2.454,14.680,30.105
2.454,14.518,30.359
2.454,14.536,30.491
2.454,14.551,30.452
2.455,14.551,30.614
2.454,14.545,30.677
2.454,14.554,30.404
2.454,14.561,30.472
2.454,14.542,30.570
2.454,14.553,30.571
2.453,14.543,30.527
2.454,15.010,30.434
2.455,15.045,30.268
6.012,29.469,31.468
6.012,29.695,31.222
6.012,29.588,31.205
6.013,29.737,31.226
6.014,29.534,31.106
6.011,29.792,31.255
6.012,29.731,31.164
6.012,29.696,30.861
6.013,29.888,30.964
2.454,15.047,30.565
2.454,14.972,30.719
2.454,14.974,30.396
2.453,14.933,30.622
2.454,14.926,30.583
2.454,14.942,30.602
2.454,14.978,30.693
2.454,14.925,30.664
2.453,14.991,30.920
2.453,14.874,30.717
2.453,14.792,30.449
2.453,14.791,30.643
2.453,14.785,30.659
6.011,29.711,31.200
6.013,29.563,31.352
6.013,29.384,31.271
6.014,29.505,31.016
6.014,29.515,31.476
6.014,29.385,31.305
6.014,29.572,31.187
6.014,29.241,31.351
6.013,29.431,31.361
2.454,13.644,30.570
2.454,13.655,30.511
2.454,13.672,30.572
2.454,13.671,30.487
2.453,13.676,30.617
2.454,13.673,30.500
2.453,13.677,30.602
2.454,13.679,30.596
2.454,13.673,30.593
2.453,13.653,30.744
2.453,13.662,30.646
2.454,13.650,30.508
2.453,13.652,30.567
6.012,28.604,31.266
6.012,28.482,31.385
6.014,28.466,31.205
6.014,28.700,31.429
6.013,28.346,31.400
6.013,28.670,31.447
6.015,28.696,31.261
6.015,28.601,31.388
6.013,28.559,31.130
2.454,13.329,30.700
2.455,13.337,30.686
2.454,13.342,30.914
2.455,13.345,30.923
2.454,13.351,30.502
2.454,13.337,30.425
2.454,13.336,30.532
2.454,13.343,30.654
2.453,13.344,30.930
2.453,13.331,30.664
2.453,13.311,30.782
2.453,13.326,30.562
2.454,13.321,30.918
6.013,29.408,31.333
6.013,29.130,31.281
6.015,29.288,31.117
6.015,29.303,30.902
6.014,29.297,31.243
6.015,29.144,31.169
6.014,29.223,30.996
6.014,29.301,31.233
6.016,29.319,31.474
6.015,29.030,31.091
6.016,29.099,31.467
6.014,29.179,31.343
6.016,29.063,31.211
6.017,29.126,31.528
6.018,29.018,31.290
6.017,29.000,31.434
6.019,29.190,31.372
6.017,29.158,31.473
6.018,29.247,31.165
6.016,29.104,31.460
6.016,29.128,31.395
6.015,28.363,31.195
6.017,28.889,31.237
6.014,29.079,31.199
6.014,29.012,31.529
6.012,28.351,31.383
6.015,29.080,31.202
6.013,29.075,31.307
6.012,29.057,31.287
6.013,28.872,31.352
6.014,28.936,31.135
6.014,29.062,31.490
6.015,29.032,30.952
6.016,29.148,31.127
6.017,29.122,31.343
6.018,28.944,30.984
6.016,29.064,31.208
6.015,29.061,31.057
6.017,29.371,31.237
6.018,29.080,31.296
6.019,28.659,31.189
6.016,29.071,30.985
6.014,28.674,31.310
6.014,28.876,31.147
6.015,28.903,31.042
6.014,28.921,31.163
6.015,29.038,31.096
6.015,29.010,30.896
6.015,28.925,30.959
6.014,28.957,31.189
6.014,29.081,31.015
6.014,29.059,31.224
6.014,28.955,31.314
2.760,15.408,30.651
2.760,15.309,30.433
2.761,15.319,30.511
2.760,15.302,30.602
2.761,15.293,30.495
2.760,15.305,30.590
2.760,15.298,30.564
2.760,15.430,30.513
2.760,15.451,30.531
2.760,15.428,30.416
2.759,15.443,30.358
2.759,15.709,30.531
2.759,15.636,30.512
6.013,29.572,31.118
6.014,28.949,31.067
6.014,29.284,30.850
6.012,28.678,30.998
6.013,29.361,31.026
6.012,29.205,30.915
6.011,29.378,31.091
6.012,29.463,31.012
6.012,28.639,31.083
2.760,15.886,30.534
2.759,15.876,30.403
2.759,15.885,30.579
2.759,15.868,30.476
2.759,15.853,30.426
2.759,15.847,30.450
2.758,15.833,30.244
2.759,15.853,30.337
2.759,15.861,30.375
2.759,15.857,30.279
2.758,15.852,30.262
2.759,15.849,30.307
2.759,15.850,30.366
6.010,29.696,30.919
6.011,29.525,30.948
6.012,29.492,31.204
6.013,29.427,30.945
6.013,29.539,31.030
6.013,29.578,30.871
6.015,29.551,31.197
6.015,29.544,31.029
6.014,29.510,30.773
2.760,15.082,30.254
2.760,14.883,30.380
2.760,14.998,30.241
2.761,15.032,30.488
2.760,14.978,30.325
2.760,14.900,30.265
2.759,14.973,30.346
2.758,14.943,30.140
2.757,14.984,30.107
2.757,14.823,30.682
2.757,15.117,30.571
2.758,15.138,30.378
2.758,15.083,30.474
6.011,29.160,31.256
6.013,29.252,30.948
6.014,29.456,31.129
6.014,29.206,31.306
6.013,29.351,31.238
6.013,29.404,31.074
6.014,29.436,31.025
6.014,29.301,31.096
6.014,29.384,31.178
2.760,15.319,30.032
2.758,15.125,30.551
2.758,15.279,30.453
2.757,15.302,30.460
2.758,15.357,30.377
2.757,15.403,30.678
2.758,15.459,30.486
2.758,15.413,30.524
2.758,15.453,30.415
2.758,15.493,30.792
2.759,15.480,30.666
2.758,15.511,30.646
2.759,15.472,30.787
6.013,29.203,31.346
6.012,29.483,31.001
6.013,29.574,30.831
6.014,29.545,31.090
6.013,28.813,30.986
6.013,29.433,31.025
6.015,28.998,30.924
6.014,29.541,30.852
6.011,29.143,30.468
2.758,15.203,30.101
2.757,15.236,30.392
2.756,15.205,30.522
2.755,15.197,30.385
2.756,15.216,30.440
2.757,15.236,30.335
2.757,15.289,30.545
2.757,15.296,30.493
2.757,15.302,30.484
2.756,15.280,30.637
2.758,15.267,30.382
2.757,15.248,30.576
2.757,15.438,30.499
6.010,28.580,31.252
6.012,28.536,31.196
6.013,28.476,31.234
6.013,28.539,30.798
6.012,28.719,31.012
6.012,28.613,31.147
6.011,28.443,31.214
6.011,28.621,31.004
6.012,28.559,31.057
6.014,28.688,31.103
6.013,28.590,31.094
6.013,28.692,30.992
6.015,28.639,30.935
6.014,28.476,31.183
6.014,28.548,31.232
6.016,28.786,31.191
6.015,28.292,31.147
6.014,28.515,31.037
6.016,28.765,31.036
6.014,28.671,31.254
6.013,28.686,31.304
6.014,28.602,30.871
6.012,28.575,31.056
6.014,28.604,31.193
6.013,28.521,31.034
6.014,28.532,31.156
6.013,28.687,31.085
6.012,28.595,31.056
6.012,28.695,31.273
6.011,28.868,31.101
6.014,28.625,31.474
6.014,28.787,31.173
6.014,28.604,31.180
6.015,28.586,31.185
6.015,28.650,31.155
6.013,28.605,31.159
6.015,28.440,31.312
6.012,28.670,31.092
6.013,28.746,31.237
6.013,28.839,30.803
6.014,28.655,31.117
6.014,28.580,31.015
6.014,28.616,30.892
6.014,28.818,31.295
6.015,28.675,31.014
6.014,28.738,31.296
6.013,28.751,31.303
6.014,28.591,31.321
6.013,28.766,31.438
6.013,28.832,31.333
6.012,28.572,31.335
6.013,28.641,31.136
6.014,28.606,31.279
2.760,15.110,30.129
2.760,15.681,30.689
2.759,15.669,30.336
2.759,15.658,30.478
2.759,15.634,30.308
2.758,15.661,30.283
2.759,15.684,30.457
2.759,15.862,30.472
2.758,15.786,30.449
2.758,15.792,30.602
2.759,15.778,30.303
2.758,15.788,30.460
2.759,15.790,30.615
5.490,26.421,31.207
5.491,26.677,31.155
5.491,26.763,31.104
5.491,26.555,31.020
5.490,26.727,30.953
5.490,26.482,30.960
5.491,26.544,31.082
5.489,26.655,31.207
5.490,26.516,30.955
5.490,26.530,31.028
5.490,26.501,31.062
5.490,26.591,30.864
5.491,26.652,31.117
5.491,26.460,31.040
5.493,26.812,31.276
5.492,26.647,31.043
5.493,26.604,30.916
5.492,26.619,31.288
5.492,26.660,31.025
5.491,26.641,31.056
5.491,26.613,31.033
5.491,26.586,31.119
5.493,26.588,31.138
5.491,26.659,31.363
5.491,26.570,31.173
5.490,26.606,31.001
5.490,26.511,31.185
5.489,26.642,31.198
5.490,26.670,31.163
5.489,26.429,31.287
5.490,26.623,30.914
5.490,26.648,30.938
5.490,26.689,31.080
5.492,26.659,30.968
5.492,26.393,30.922
5.493,26.764,31.032
5.494,26.684,30.916
5.493,26.738,31.073
5.493,26.627,31.037
5.492,26.782,30.882
5.492,26.710,31.198
5.492,26.681,31.159
5.493,26.658,30.915
5.491,26.608,30.868
5.493,26.638,31.111
5.493,26.666,31.229
5.491,26.667,31.112
5.492,26.666,31.162
5.492,26.584,31.154
5.490,26.556,30.859
5.491,26.464,30.811
5.491,26.623,31.167
5.491,26.517,30.904
5.491,26.684,31.001
5.491,26.761,31.130
5.493,26.664,31.000
5.492,26.540,30.998
5.497,26.670,30.909
5.493,26.678,30.938
5.492,26.561,30.993
5.492,26.571,30.838
5.492,26.644,30.973
5.493,26.664,30.844
5.492,26.688,30.926
5.490,26.658,30.745
5.491,26.644,30.697
5.490,26.534,30.741
5.489,26.533,30.900
5.490,26.626,30.927
5.489,26.470,30.949
5.488,26.528,30.958
5.490,26.429,30.802
5.491,26.305,31.009
5.490,26.509,30.803
5.490,26.624,30.784
5.490,26.546,30.848
5.490,26.724,31.329
5.490,26.657,31.334
5.491,26.642,31.183
5.493,26.428,31.111
5.491,26.677,31.437
5.493,26.627,31.314
5.492,26.848,31.543
5.491,26.596,31.301
5.490,26.785,31.199
5.489,26.412,31.147
5.488,26.545,31.279
5.488,26.493,31.154
5.490,26.878,31.493
5.490,26.660,31.454
5.490,26.605,31.287
5.489,26.744,31.332
5.490,26.501,31.387
5.491,26.425,31.331
5.491,26.618,31.293
5.489,26.514,31.349
3.065,15.415,30.693
3.065,15.155,30.556
3.066,15.154,30.742
3.065,15.159,30.726
3.065,15.155,30.552
3.065,15.146,30.516
3.066,15.135,30.676
3.064,15.128,30.615
3.064,15.112,30.465
3.063,15.119,30.550
3.064,15.108,30.501
3.064,15.078,30.690
3.065,15.107,30.425
3.064,15.068,30.586
3.064,15.080,30.432
3.064,15.075,30.487
3.065,15.056,30.469
3.062,15.015,30.584
3.063,14.990,30.604
3.064,14.966,30.688
3.065,14.960,30.577
3.063,14.950,30.567
3.065,14.930,30.702
5.491,27.377,30.962
5.490,27.144,30.961
5.492,27.068,31.074
5.491,27.049,30.895
5.491,27.070,31.041
5.493,26.950,30.961
5.492,26.877,30.982
5.491,27.219,30.935
5.491,27.200,31.124
5.491,27.211,31.117
5.489,27.058,31.155
5.491,27.004,30.996
5.491,27.030,31.177
5.491,27.040,30.881
5.489,27.003,30.890
5.491,27.016,31.195
5.489,27.050,31.056
5.490,27.000,31.050
5.489,26.973,31.143
5.490,26.867,30.949
5.490,27.075,31.003
5.490,27.057,31.205
3.064,15.472,30.659
3.064,15.460,30.644
3.064,15.436,30.459
3.064,15.454,30.322
3.064,15.445,30.587
3.063,15.464,30.608
3.062,15.435,30.708
3.064,15.437,30.556
3.063,15.411,30.632
3.063,15.410,30.636
3.063,15.393,30.523
3.062,15.375,30.508
3.062,15.384,30.588
5.487,27.186,31.080
5.488,27.118,30.873
5.489,27.113,30.900
5.489,27.062,30.928
5.489,27.095,31.083
5.489,27.198,30.875
5.490,27.167,30.932
5.489,27.169,30.958
5.491,27.227,30.946
3.064,15.749,30.595
3.065,15.749,30.690
3.065,15.751,30.678
3.064,15.698,30.506
3.064,15.749,30.584
3.064,15.761,30.561
3.064,15.771,30.634
3.065,15.782,30.493
3.064,15.764,30.744
3.064,15.761,30.620
3.063,15.746,30.665
3.063,15.747,30.488
3.065,15.757,30.771
5.486,27.327,31.306
5.488,27.369,31.200
5.489,27.280,31.076
5.490,27.271,31.156
5.489,27.406,31.405
5.488,27.375,31.411
5.489,27.325,31.225
5.488,27.308,31.187
5.490,27.444,31.244
3.064,15.573,30.704
3.064,15.556,30.546
3.064,15.566,30.665
3.064,15.503,30.499
3.064,15.455,30.380
3.064,15.476,30.600
3.065,15.436,30.767
3.063,15.593,30.623
3.065,15.549,30.765
3.065,15.483,30.527
3.065,15.481,30.715
3.064,15.497,30.758
3.064,15.455,30.565
5.491,27.522,31.270
5.490,27.593,31.291
5.491,26.992,31.129
5.491,27.360,31.157
5.490,27.192,31.217
5.490,27.597,31.234
5.490,27.509,30.930
5.491,27.511,31.160
5.490,27.571,31.250
2.759,15.040,30.655
2.759,14.968,30.621
2.759,14.967,30.825
2.760,14.960,30.610
2.759,14.863,30.625
2.759,14.931,30.635
2.760,14.929,30.680
2.759,14.970,30.675
2.759,14.939,30.550
2.759,14.991,30.699
2.759,14.984,30.687
2.758,14.942,30.579
2.758,14.965,30.616
5.490,27.674,31.363
5.489,27.601,31.177
5.490,27.583,31.172
5.490,27.566,31.276
5.490,27.741,31.061
5.489,27.616,31.046
5.489,27.697,31.219
5.490,27.572,31.067
5.491,27.736,31.252
3.065,15.960,30.574
3.066,15.925,30.889
3.065,15.938,30.798
3.064,15.938,30.725
3.065,15.943,30.531
3.064,15.962,30.680
3.064,15.942,30.723
3.064,15.996,30.750
3.064,15.946,30.843
3.062,15.683,30.726
3.062,15.676,30.732
3.061,15.890,30.421
3.062,15.863,30.658
5.489,26.726,31.363
5.490,26.659,31.221
5.489,26.645,31.443
5.488,26.898,31.506
5.488,26.857,31.365
5.487,26.757,31.404
5.488,26.888,31.440
5.488,26.876,31.265
5.490,26.675,31.582
5.491,26.973,31.287
5.490,26.837,31.244
5.490,26.885,31.417
5.489,26.881,31.283
5.489,26.902,31.405
5.489,27.080,31.283
5.490,27.029,31.158
5.487,26.496,31.142
5.488,26.897,31.160
5.486,26.957,31.260
5.486,27.008,31.043
5.487,26.760,30.967
5.487,26.976,31.306
5.488,26.964,31.222
5.487,26.892,30.988
5.487,27.007,31.314
5.488,26.386,31.277
5.487,26.920,31.141
5.487,26.949,31.088
5.488,26.947,31.266
5.486,26.899,31.184
5.487,27.026,31.076
5.487,26.881,31.161
5.487,26.864,30.776
5.489,26.895,31.073
5.488,26.603,31.140
5.489,26.848,31.174
5.488,26.924,31.154
5.490,26.938,31.408
5.489,26.904,31.156
5.491,26.811,31.318
5.491,26.855,31.245
5.489,26.885,31.142
5.490,26.921,31.113
5.492,26.896,31.079
5.489,26.641,31.073
5.490,26.926,31.147
5.490,26.488,31.106
5.490,26.919,31.147
5.488,26.232,31.232
5.489,26.888,31.328
5.491,26.906,31.057
5.489,26.559,31.167
5.489,26.825,31.248
3.065,15.470,30.676
3.062,15.458,30.747
3.064,15.538,30.505
3.064,15.539,30.892
3.065,15.522,30.611
3.065,15.516,30.878
3.064,15.480,30.789
3.064,15.496,30.610
3.063,15.001,30.460
3.062,15.278,30.729
3.062,15.366,30.676
3.062,15.297,30.748
3.062,15.553,30.573
6.009,30.084,31.220
6.010,29.824,31.466
6.013,29.978,31.168
6.012,30.166,31.124
6.011,30.088,31.236
6.009,29.960,31.131
6.010,29.914,31.407
6.011,30.167,31.063
6.012,30.038,31.249
3.062,15.219,30.656
3.063,15.136,30.662
3.063,14.975,30.627
3.065,15.249,30.803
3.065,15.244,30.551
3.064,15.246,30.772
3.065,15.215,30.576
3.065,15.271,30.553
3.064,15.207,30.856
3.065,15.207,30.614
3.064,15.102,30.534
3.063,15.062,30.491
3.063,15.032,30.542
6.009,29.997,31.181
6.009,29.896,31.407
6.009,29.947,31.340
6.009,29.734,31.066
6.008,29.813,31.320
6.010,29.935,31.372
6.010,29.866,31.195
6.009,29.805,31.110
6.009,29.679,31.177
6.011,29.374,30.951
6.010,29.657,31.214
6.011,29.788,31.380
6.013,29.548,31.291
6.013,29.685,31.347
6.013,29.543,31.301
6.014,29.644,31.198
6.015,29.780,31.237
6.013,29.696,31.187
6.011,29.688,31.128
6.012,29.786,31.153
6.012,29.673,31.114
6.011,29.689,31.156
6.013,29.795,31.332
6.011,29.811,31.371
6.012,29.812,31.466
6.011,29.606,31.287
6.011,29.813,31.363
6.011,29.794,31.406
6.011,29.848,31.295
6.011,29.801,31.179
6.011,29.660,31.206
6.011,29.446,31.385
6.012,29.721,31.429
6.013,29.743,31.471
6.014,29.758,31.404
6.015,29.791,31.395
6.017,29.854,31.361
6.017,29.784,31.561
6.015,29.432,31.367
6.013,29.813,31.140
6.013,29.796,31.372
6.013,29.662,31.213
6.012,29.790,31.289
6.010,30.064,31.064
6.013,29.913,31.340
6.013,29.748,31.193
6.012,29.760,31.564
6.012,29.716,31.016
6.012,29.821,31.270
6.012,29.624,31.349
6.012,29.716,31.242
6.010,29.670,31.307
6.011,29.854,31.427
6.012,29.785,31.416
2.758,14.529,30.599
2.758,14.627,30.819
2.758,14.664,30.480
2.758,14.659,30.745
2.758,14.664,30.645
2.758,14.660,30.661
2.758,14.691,30.532
2.758,14.652,30.892
2.757,14.684,30.602
2.757,14.637,30.843
2.757,14.675,30.529
2.757,14.661,30.671
6.011,29.305,31.378
6.013,29.043,31.186
6.014,29.214,31.206
6.013,29.314,31.372
6.012,29.294,31.112
6.012,29.454,31.120
6.012,29.334,31.268
6.012,29.243,31.086
6.012,29.053,31.081
6.011,28.909,31.243
6.011,28.934,31.060
6.013,29.344,31.309
6.013,29.104,31.335
6.014,29.203,30.948
6.014,29.289,31.056
6.012,29.060,31.128
6.012,29.127,31.050
6.013,29.102,31.144
6.013,29.128,31.169
6.013,29.153,31.321
6.014,29.130,31.068
6.014,29.044,31.139
6.013,29.162,31.131
6.012,29.286,31.062
6.012,29.169,31.138
6.013,29.085,31.149
6.013,29.435,31.437
6.012,29.092,31.134
6.011,29.161,31.130
6.012,29.112,30.998
6.011,29.101,31.043
6.012,29.233,31.098
6.012,29.005,31.034
6.012,29.373,31.053
6.014,28.775,31.143
6.013,28.921,30.939
6.012,29.090,31.087
6.014,28.823,31.242
6.014,29.215,31.147
6.014,29.035,31.365
6.014,29.459,31.073
6.014,29.306,31.341
6.013,29.400,31.216
6.014,29.024,31.379
6.012,29.288,31.334
6.014,29.251,31.259
6.014,29.025,31.249
6.014,29.401,31.033
6.015,29.157,31.081
6.012,29.290,30.904
6.013,29.155,31.197
6.012,29.285,31.173
6.012,29.301,30.800
4.229,24.300,31.404
3.062,15.041,31.253
3.064,15.109,31.301
3.065,15.109,31.387
3.066,15.092,31.282
3.068,15.079,31.061
3.067,15.064,30.981
3.066,14.964,31.015
3.065,14.988,30.792
3.066,14.865,30.967
3.066,14.901,30.965
3.065,14.835,30.901
3.064,14.823,30.795
6.012,28.933,31.624
6.013,28.824,31.597
6.014,28.902,31.105
6.013,29.069,31.402
6.013,28.513,31.443
6.012,29.063,31.487
6.012,29.087,31.525
6.011,28.695,31.599
6.011,29.116,32.118
3.678,18.459,31.361
3.678,18.481,31.515
3.678,18.457,31.402
3.679,18.437,31.431
3.679,18.440,31.286
3.678,18.437,31.496
3.678,18.446,31.485
3.678,18.420,31.488
3.678,18.375,31.485
3.677,18.405,31.489
3.678,18.428,31.833
3.678,18.454,31.633
3.677,18.395,31.309
6.012,29.635,32.146
6.013,29.356,31.785
6.012,29.531,31.928
6.013,29.535,31.788
6.013,29.497,31.618
6.014,29.470,31.675
6.013,29.670,31.709
6.013,29.563,31.883
6.015,29.577,31.872
6.015,29.575,31.874
6.014,29.693,32.070
6.012,29.628,31.964
6.015,29.576,31.721
6.015,29.630,31.811
6.013,29.423,31.609
6.013,29.754,31.680
6.014,29.771,31.834
6.014,29.667,31.818
6.013,29.633,31.860
6.014,29.899,31.851
6.013,29.761,31.811
6.014,29.575,31.757
6.012,29.679,31.561
6.013,29.696,31.645
6.013,29.712,31.612
6.012,29.467,31.289
6.010,29.234,31.699
6.010,29.586,31.957
6.010,29.753,31.631
6.010,29.423,31.704
6.010,29.801,31.748
6.010,29.689,31.582
6.008,29.705,31.537
6.010,29.474,31.375
6.009,29.347,30.491
6.010,29.552,30.497
6.010,29.386,30.659
6.011,29.670,30.716
6.011,29.595,31.485
6.011,29.934,31.487
6.012,29.224,30.420
6.012,29.357,30.503
6.010,29.456,30.535
6.012,29.511,30.690
6.009,29.578,30.652
6.011,29.546,30.935
6.011,30.099,30.856
6.012,29.509,30.872
6.011,29.943,30.892
6.011,29.656,30.874
6.012,29.456,30.914
6.012,29.936,30.814
6.012,29.583,30.847
6.011,30.218,31.089
6.012,29.588,30.978
6.012,29.804,31.015
6.013,30.322,30.974
6.013,29.698,31.012
6.014,29.609,31.016
6.014,30.267,30.913
6.015,29.670,31.024
6.016,29.619,31.033
6.016,30.283,30.865
6.014,30.082,30.855
6.015,29.687,30.730
6.016,29.664,31.197
6.016,29.547,31.003
6.015,29.720,31.015
6.012,29.680,30.863
6.012,30.037,31.124
6.010,29.703,30.921
6.011,29.685,30.872
6.011,29.995,30.999
6.011,29.962,30.930
6.011,30.010,30.971
6.013,29.779,30.832
6.012,30.018,30.827
6.013,29.764,30.754
6.015,29.742,30.866
6.013,29.821,30.783
6.013,29.466,30.701
6.014,29.637,30.790
6.013,29.656,30.879
6.013,29.562,30.940
6.013,29.675,30.870
6.011,29.916,30.895
6.013,29.237,30.855
6.013,29.606,31.252
6.014,29.964,30.935
6.013,30.018,31.014
6.013,29.753,31.070
6.014,29.710,30.721
6.013,29.627,30.942
6.012,29.843,31.087
6.012,29.972,31.001
6.011,29.820,30.821
6.014,30.295,30.647
6.012,29.732,30.962
6.013,29.663,31.233
6.012,29.572,30.972
6.013,29.769,30.899
6.014,29.719,30.998
6.014,29.706,30.997
6.015,29.744,30.851
6.015,29.876,30.850
6.014,29.797,30.920
6.016,29.762,30.957
6.014,29.813,31.109
6.014,29.659,30.964
6.013,29.856,30.550
6.012,29.665,30.688
6.012,30.162,30.805
6.012,29.768,30.644
6.013,29.952,30.806
6.010,29.539,30.862
6.013,29.724,30.873
6.013,29.766,30.842
6.013,29.562,30.537
6.013,29.866,31.012
4.262,21.637,30.735
4.262,21.798,30.319
4.260,21.779,30.520
4.262,21.694,30.469
4.262,21.793,30.267
4.263,21.855,30.555
4.262,21.791,30.425
4.263,21.838,30.454
4.264,21.816,30.502
4.263,21.859,30.193
4.262,21.856,30.685
4.262,21.796,30.359
4.262,21.881,30.758
6.010,28.961,30.981
6.012,28.780,30.837
6.011,29.258,30.903
6.013,29.092,30.979
6.013,29.009,30.789
6.012,28.816,30.745
6.012,28.915,30.834
6.012,28.994,31.006
6.011,29.272,30.997
4.261,20.986,30.283
4.261,20.991,30.369
4.261,20.858,30.486
4.262,20.966,30.551
4.263,20.872,30.539
4.261,20.930,30.585
4.261,20.931,30.507
4.261,20.951,30.487
4.261,20.956,30.455
4.261,20.946,30.569
4.262,20.969,30.778
4.261,20.836,30.700
4.261,20.834,30.646
6.014,28.610,30.810
6.013,28.607,30.623
6.014,28.830,30.888
6.012,28.764,30.727
6.015,28.677,30.660
6.012,28.765,30.875
6.013,28.672,30.920
6.012,29.102,30.878
6.013,28.674,31.063
4.294,21.468,30.331
4.294,21.412,30.444
4.294,21.315,30.439
4.294,21.204,30.469
4.294,21.301,30.306
4.295,21.409,30.564
4.293,21.461,30.442
4.294,21.321,30.412
4.293,21.316,30.457
4.294,21.210,30.657
4.294,21.282,30.374
4.294,21.322,30.759
4.295,21.447,30.692
6.013,28.607,31.152
6.013,28.789,30.912
6.013,28.775,30.909
6.012,28.551,30.771
6.013,28.689,30.999
6.013,28.714,30.843
6.012,28.782,30.718
6.011,28.701,30.650
6.012,28.704,31.048
6.014,28.545,30.951
6.013,28.548,30.768
6.013,28.737,30.657
6.012,28.560,30.915
6.012,28.860,30.959
6.014,28.639,30.932
6.015,28.666,30.915
6.014,28.815,30.845
6.014,28.910,30.866
6.014,28.563,30.852
6.014,29.021,30.935
6.014,28.745,31.110
6.012,28.786,30.761
6.013,28.834,30.786
6.014,28.721,31.016
6.014,28.740,30.918
6.014,28.665,31.140
6.014,28.630,30.713
6.013,28.817,30.673
6.012,28.808,30.982
6.013,28.789,30.916
6.014,28.697,30.854
3.678,18.995,30.391
3.677,19.100,30.717
3.678,19.111,30.555
3.678,19.122,30.603
3.678,19.108,30.497
3.679,19.166,30.673
3.680,19.200,30.645
3.679,19.193,30.636
3.680,19.128,30.568
3.678,19.090,30.597
3.678,19.108,30.621
3.679,19.051,30.715
3.679,19.072,30.731
6.012,29.719,31.250
6.013,29.610,31.091
6.012,29.570,31.222
6.013,29.727,31.054
6.013,29.760,31.322
6.013,29.447,31.076
6.012,29.715,30.946
6.014,29.721,31.417
6.015,29.607,31.112
6.013,29.692,31.087
6.013,29.584,31.166
6.015,29.480,31.013
6.013,29.757,30.765
6.012,29.642,31.131
6.014,29.537,31.138
6.015,29.617,31.011
6.014,29.673,31.129
6.013,29.747,30.983
6.013,29.630,31.398
6.014,29.724,31.104
6.013,29.792,31.141
6.013,29.653,31.150
6.014,29.688,31.225
6.013,29.559,31.283
6.015,29.685,31.080
6.014,29.727,31.026
6.014,29.617,30.853
6.015,29.663,31.076
6.014,29.610,31.138
6.014,29.672,31.209
6.014,29.708,30.941
6.014,29.687,31.206
6.014,29.775,31.193
6.014,29.656,30.987
6.014,29.605,31.037
6.014,29.738,30.857
6.015,29.741,31.279
6.015,29.740,31.013
6.014,29.702,31.025
6.015,29.732,31.001
6.013,29.640,31.122
6.015,29.692,31.199
6.014,29.658,31.132
6.013,29.743,31.254
6.016,29.823,31.361
6.016,29.655,31.220
6.017,29.662,31.156
6.016,29.691,30.977
6.014,29.604,31.137
6.014,29.716,31.331
6.014,29.637,31.269
6.013,29.733,31.172
6.014,29.658,31.191
3.064,15.375,30.409
3.064,15.396,30.331
3.064,15.324,30.432
3.063,15.264,30.682
3.370,16.568,30.479
3.370,16.555,30.406
3.370,16.550,30.290
3.370,16.620,30.367
3.065,16.528,30.423
3.064,15.143,30.452
3.062,15.124,30.323
3.063,15.071,30.334
3.063,15.011,30.083
6.010,29.897,30.985
6.011,29.598,30.863
6.011,29.849,30.843
6.011,29.897,30.992
6.010,29.648,31.012
6.012,29.564,30.694
6.012,29.803,31.073
6.011,29.595,30.987
6.014,29.588,31.021
3.063,15.101,30.363
3.062,15.075,30.370
3.369,16.991,30.647
3.368,17.012,30.298
3.368,16.987,30.346
3.674,17.501,30.401
3.063,15.265,30.391
3.063,15.175,30.205
3.063,15.159,30.142
3.063,15.136,30.337
3.063,15.154,30.402
3.064,15.154,30.067
3.063,15.133,30.248
6.010,29.878,30.996
6.009,29.877,31.075
6.010,29.851,30.666
6.009,29.714,30.569
6.010,29.873,30.971
6.012,29.632,30.901
6.010,29.399,30.927
6.011,29.935,30.830
6.012,29.718,30.824
3.065,14.781,30.341
3.063,14.801,30.385
3.063,14.826,30.529
3.063,14.856,30.419
3.064,14.860,30.389
3.064,14.851,30.433
3.064,14.861,30.436
3.064,14.852,30.132
3.064,14.836,30.274
3.063,14.810,30.087
3.063,14.760,30.190
3.063,14.794,30.340
3.062,14.812,30.342
6.010,29.343,31.171
6.012,29.613,30.824
6.011,29.235,30.760
6.011,29.414,30.944
6.012,29.557,30.819
6.011,29.841,31.021
6.010,29.561,30.824
6.011,29.441,30.977
6.010,29.404,31.061
3.063,14.963,30.643
3.064,14.934,30.367
3.064,14.930,30.444
3.064,14.922,30.448
3.065,14.921,30.282
3.065,14.934,30.306
3.063,14.953,30.550
3.066,14.954,30.407
3.064,14.934,30.511
3.063,14.943,30.474
3.064,14.937,30.545
3.064,14.929,30.631
3.064,15.089,30.540
6.012,29.848,30.930
6.012,29.828,30.962
6.012,29.865,31.268
6.011,29.834,30.960
6.009,29.879,30.848
6.010,29.697,31.011
6.010,29.848,31.007
6.012,29.974,30.825
6.010,29.766,30.834
2.452,14.375,30.428
2.452,14.474,30.770
2.452,14.480,30.616
2.452,14.508,30.468
2.452,14.489,30.482
2.452,14.496,30.425
2.452,14.521,30.502
2.452,14.596,30.445
2.453,14.550,30.630
2.452,14.558,30.410
2.452,14.531,30.426
2.451,14.455,30.508
2.451,14.552,30.450
5.793,28.817,31.063
5.795,29.094,30.993
5.795,29.165,30.959
5.795,28.922,30.988
5.795,28.755,31.224
5.796,28.879,30.729
5.797,28.851,30.642
5.795,28.979,31.021
5.797,29.045,31.128
5.797,29.062,31.057
5.798,29.045,31.141
5.798,28.951,30.940
5.797,28.975,30.748
5.797,28.978,31.102
5.798,29.065,31.088
5.797,29.023,30.916
5.798,28.997,31.253
5.796,28.840,30.953
5.796,28.944,31.091
5.794,28.950,30.976
5.795,28.953,31.139
5.796,28.830,31.032
5.796,28.958,30.965
5.795,29.030,31.045
5.795,28.960,30.882
5.795,28.991,31.044
5.796,28.956,30.874
5.794,28.797,31.009
5.795,29.082,31.263
5.794,28.717,30.884
5.796,29.005,31.038
5.796,28.820,31.030
5.796,28.842,31.092
5.797,28.984,30.945
5.797,29.020,30.912
5.798,28.990,30.824
5.797,28.968,31.169
5.797,29.017,31.076
5.798,29.041,31.118
5.796,28.986,31.345
5.799,28.928,31.053
5.799,28.894,30.887
5.798,28.890,31.113
5.798,28.903,30.909
5.797,29.086,31.000
5.797,28.866,31.091
5.796,29.002,30.659
5.797,28.945,30.971
5.796,29.057,31.100
5.796,28.979,30.909
5.796,29.033,31.330
5.797,28.939,30.924
5.796,28.908,30.880
2.453,13.023,30.619
2.740,13.010,30.624
3.064,14.612,29.819
3.062,15.142,30.441
3.062,15.165,30.755
3.062,15.157,30.509
3.063,15.133,30.705
3.063,13.870,30.384
3.063,13.886,31.343
3.063,13.883,31.426
3.063,13.806,30.937
3.062,13.843,31.400
3.061,13.856,31.386
6.010,28.701,31.910
6.011,28.842,31.651
6.012,28.721,31.800
6.012,28.979,31.675
6.011,28.815,31.726
6.011,28.999,31.874
6.012,29.420,31.554
6.012,29.693,31.334
6.011,28.782,31.475
3.063,16.168,30.859
3.063,16.209,31.153
3.064,16.250,31.126
3.065,16.310,31.222
3.065,16.249,31.200
3.063,16.250,31.337
3.064,16.249,31.092
3.065,16.228,31.301
3.063,16.853,31.415
3.676,18.569,29.078
2.452,14.575,30.558
2.451,14.465,30.583
2.452,14.433,30.639
6.011,28.704,31.416
6.011,28.774,31.002
6.012,28.581,31.011
6.012,28.798,31.096
6.012,28.348,31.175