CD,FI3312B,TI3302A
6.011,31.324,88.364
6.011,31.376,88.354
6.010,31.471,88.328
6.011,31.488,88.278
6.010,31.255,88.282
6.010,31.488,88.299
6.009,31.422,88.306
6.010,31.237,88.346
6.012,31.218,88.393
6.011,31.945,88.373
6.011,31.809,88.357
6.012,31.762,88.421
6.012,31.659,88.439
6.012,31.858,88.431
6.013,31.651,88.396
6.013,31.742,88.361
6.012,31.712,88.294
6.012,31.818,88.271
6.010,31.740,88.275
6.010,31.765,88.288
6.010,31.715,88.255
6.010,31.897,88.294
6.011,31.589,88.228
6.011,31.553,88.225
6.013,31.693,88.252
6.010,31.426,88.245
6.013,31.669,88.274
6.011,31.628,88.270
6.011,31.619,88.224
6.010,31.618,88.310
6.009,31.623,88.358
6.011,31.794,88.386
6.011,31.575,88.397
6.011,31.719,88.443
6.011,31.522,88.431
6.012,31.464,88.354
6.012,31.625,88.307
6.011,31.625,88.315
6.011,31.683,88.327
6.011,31.689,88.321
6.010,31.854,88.318
6.011,31.720,88.286
6.010,31.732,88.277
6.011,31.471,88.314
6.011,31.518,88.315
6.011,31.652,88.331
6.012,31.480,88.229
6.010,31.757,88.266
6.010,31.809,88.249
6.011,31.636,88.242
6.010,31.816,88.280
6.010,31.747,88.326
6.009,31.567,88.341
6.010,31.706,88.359
6.010,31.798,88.419
6.012,31.741,88.426
6.011,31.708,88.445
5.060,31.815,88.065
3.677,31.181,85.175
4.046,31.319,84.885
6.012,31.586,88.300
6.011,31.510,88.554
6.010,31.503,88.575
6.011,31.678,88.555
6.010,31.552,88.549
6.010,31.608,88.575
6.010,31.651,88.509
6.009,31.415,88.491
6.012,31.667,88.471
6.009,31.483,88.496
6.010,31.502,88.469
6.010,31.542,88.506
6.010,31.374,88.509
6.010,31.452,88.519
6.012,31.537,88.550
6.011,31.405,88.542
6.013,31.685,88.537
6.014,31.623,88.554
6.014,31.786,88.552
6.014,31.516,88.581
6.014,31.622,88.549
6.013,31.644,88.486
6.012,31.869,88.460
6.012,31.703,88.373
6.011,31.511,88.402
6.011,31.615,88.499
6.011,31.748,88.488
6.010,31.415,88.431
6.010,31.573,88.433
6.010,31.570,88.404
6.011,31.516,88.382
6.011,31.812,88.378
6.011,31.553,88.400
6.010,31.512,88.408
6.011,31.521,88.422
6.011,31.672,88.447
6.012,31.910,88.491
6.012,31.575,88.506
6.013,31.492,88.539
6.014,31.631,88.544
6.011,31.568,88.570
6.013,31.677,88.582
6.013,31.682,88.527
6.012,31.631,88.478
6.012,31.604,88.473
6.012,31.586,88.517
6.011,31.632,88.508
6.011,31.889,88.491
6.012,31.796,88.494
6.013,31.860,88.491
6.013,31.910,88.475
6.012,31.620,88.437
6.012,31.726,88.440
6.013,31.512,88.435
6.010,31.777,88.446
6.012,31.565,88.421
6.013,31.723,88.446
6.012,31.618,88.479
6.013,31.761,88.536
6.013,31.778,88.554
6.013,31.778,88.541
6.014,31.614,88.551
6.012,31.534,88.589
6.014,31.539,88.592
6.015,31.638,88.562
6.014,31.428,88.515
6.014,31.459,88.436
6.013,31.645,88.435
6.014,31.656,88.450
6.015,31.651,88.495
6.014,31.393,88.487
6.012,31.654,88.511
6.014,31.402,88.496
6.012,31.559,88.469
6.011,31.593,88.476
6.011,31.742,88.466
6.012,31.809,88.489
6.011,31.598,88.454
6.012,31.854,88.464
6.011,31.638,88.451
4.293,31.593,86.606
4.261,31.283,86.421
4.260,31.373,86.438
4.261,31.301,86.457
4.261,31.219,86.450
4.260,31.054,86.450
4.262,31.101,86.403
4.261,30.986,86.408
4.260,31.254,86.383
4.260,30.869,86.349
4.260,31.298,86.334
4.260,31.353,86.344
4.260,31.068,86.364
6.011,31.746,88.273
6.012,31.697,88.269
6.011,31.422,88.109
6.011,31.336,88.213
6.009,31.577,88.314
6.010,31.352,88.326
6.009,31.435,88.318
6.009,31.384,88.384
6.011,31.461,88.348
6.010,31.600,88.326
6.010,31.470,88.373
6.011,31.448,88.368
6.011,31.590,88.355
6.011,31.705,88.353
6.012,31.464,88.357
6.012,31.716,88.353
6.012,31.585,88.383
6.011,31.599,88.346
6.011,31.573,88.363
6.011,31.747,88.345
6.011,31.801,88.653
6.011,31.623,88.645
6.014,31.846,88.756
6.010,31.758,88.716
6.011,31.768,88.729
6.011,31.613,88.717
6.014,31.519,88.709
6.012,31.440,88.699
6.012,31.268,88.713
6.011,31.447,88.748
6.011,31.734,88.740
6.012,31.605,88.710
6.013,31.574,88.705
6.014,31.756,88.758
6.013,31.926,88.762
6.013,31.480,88.736
6.012,31.363,88.752
6.013,31.534,88.735
6.013,31.621,88.701
6.013,31.559,88.731
6.012,31.637,88.708
6.011,31.668,88.683
6.011,31.545,88.718
6.011,31.702,88.698
6.011,31.612,88.679
6.009,31.653,88.690
6.010,31.676,88.673
6.012,31.835,88.688
6.011,31.698,88.673
6.010,31.576,88.659
6.013,31.587,88.662
6.011,31.648,88.659
6.011,31.417,88.680
6.012,31.740,88.754
6.012,31.834,88.791
6.012,31.708,88.751
6.012,31.578,88.807
6.012,31.606,88.746
6.013,31.493,88.758
6.013,31.628,88.700
6.013,31.510,88.691
6.012,31.767,88.700
6.011,31.961,88.730
6.012,31.677,88.729
6.010,31.665,88.724
6.011,31.902,88.730
6.010,31.607,88.704
6.010,31.715,88.716
6.009,31.586,88.710
6.011,31.798,88.690
6.010,31.618,88.694
6.011,31.640,88.674
6.011,31.376,88.656
6.011,31.473,88.687
6.011,31.665,88.701
6.009,31.415,88.725
6.012,31.661,88.765
6.013,31.632,88.774
6.012,31.707,88.799
6.012,31.785,88.793
6.013,31.538,88.740
6.013,31.879,88.693
6.012,31.652,88.672
6.013,31.695,88.701
6.012,31.622,88.683
6.012,31.648,88.691
6.011,31.673,88.720
6.011,31.625,88.760
6.013,31.826,88.742
6.010,31.757,88.712
6.010,31.734,88.700
6.011,31.676,88.729
6.010,31.539,88.725
6.012,31.502,88.696
6.011,31.638,88.695
6.010,31.541,88.715
6.011,31.630,88.728
6.010,31.560,88.784
6.013,32.056,88.809
6.013,31.377,88.825
6.013,31.794,88.835
6.012,31.629,88.825
6.014,31.716,88.809
6.014,31.750,88.766
6.014,31.419,88.684
6.013,31.796,88.651
6.014,31.516,88.700
6.012,31.561,88.735
6.012,31.595,88.795
6.011,31.862,88.775
6.012,31.666,88.757
6.012,31.512,88.732
6.011,31.699,88.727
6.012,31.623,88.703
6.015,31.855,88.727
6.013,31.800,88.726
6.011,31.711,88.728
6.013,31.787,88.734
6.012,31.510,88.736
6.013,31.754,88.775
6.013,31.517,88.786
6.014,31.762,88.842
6.014,31.622,88.841
6.015,31.731,88.829
6.015,31.542,88.779
6.013,31.638,88.708
6.014,31.756,88.672
6.013,31.650,88.660
6.013,31.722,88.714
6.011,31.724,88.737
6.010,31.561,88.688
6.012,31.511,88.717
6.012,31.826,88.700
6.011,31.477,88.737
6.012,31.484,88.704
6.013,31.592,88.731
6.014,31.547,88.710
6.013,31.558,88.722
6.013,31.583,88.717
6.013,31.622,88.758
6.014,31.636,88.764
6.013,31.702,88.814
5.982,31.648,88.765
6.013,31.639,88.838
6.013,31.740,88.853
6.014,31.757,88.847
6.012,31.496,88.829
6.014,31.637,88.794
6.013,31.632,88.786
6.013,31.548,88.699
6.012,31.755,88.662
6.013,31.343,88.693
6.012,31.608,88.759
6.012,31.716,88.709
6.014,31.446,88.720
6.011,31.408,88.739
6.011,31.823,88.781
6.011,31.686,88.756
6.011,31.626,88.744
6.011,31.700,88.727
6.010,31.475,88.748
6.010,31.603,88.751
6.013,31.644,88.731
6.014,31.725,88.718
6.014,31.956,88.750
6.013,31.675,88.775
6.013,31.619,88.793
6.014,31.552,88.839
6.015,31.662,88.828
6.015,31.495,88.735
6.014,31.598,88.692
6.014,31.741,88.567
6.014,31.742,88.581
6.012,31.733,88.633
6.014,31.654,88.714
6.013,31.646,88.706
6.013,31.784,88.631
6.012,31.718,88.645
6.013,31.703,88.681
6.012,31.464,88.619
6.011,31.439,88.635
6.011,31.627,88.627
6.014,31.613,88.626
6.013,31.593,88.626
6.011,31.506,88.671
6.012,31.752,88.732
6.013,31.532,88.783
6.014,31.480,88.762
6.014,31.691,88.752
6.014,31.287,88.739
6.014,31.506,88.765
6.013,31.686,88.737
6.015,31.679,88.768
6.014,31.584,88.710
6.014,31.815,88.705
6.013,31.464,88.694
6.012,31.743,88.719
6.013,31.884,88.738
6.013,31.698,88.792
6.014,31.753,88.794
6.012,31.672,88.775
6.013,31.688,88.796
6.010,31.723,88.762
6.012,31.661,88.750
6.012,31.582,88.733
6.011,31.899,88.746
6.011,31.902,88.776
6.013,31.681,88.794
6.012,31.550,88.815
6.013,31.369,88.806
6.012,31.274,88.880
6.014,31.578,88.900
6.014,31.651,88.845
6.013,31.654,88.833
6.013,31.456,88.833
6.013,31.562,88.751
6.013,31.733,88.754
6.013,31.590,88.761
6.012,31.704,88.787
6.013,31.673,88.784
6.012,31.405,88.814
6.012,31.661,88.786
6.012,31.468,88.777
6.010,31.455,88.758
6.012,31.575,88.758
6.010,31.709,88.751
6.010,31.731,88.764
6.010,31.610,88.759
6.010,31.494,88.791
6.011,31.647,88.774
6.011,31.572,88.806
6.012,31.622,88.807
6.011,31.535,88.733
6.010,31.502,88.625
6.009,31.410,88.591
6.009,31.447,88.638
6.009,31.821,88.728
6.009,31.817,88.727
6.010,31.790,88.755
6.011,31.548,88.757
6.010,31.799,88.803
6.009,31.503,88.765
6.010,31.488,88.721
6.009,31.495,88.745
6.009,31.472,88.739
6.010,31.434,88.755
6.012,31.181,88.783
6.011,31.691,88.766
6.012,31.570,88.776
6.011,31.690,88.790
6.009,31.539,88.804
6.010,31.465,88.820
6.012,31.484,88.854
6.013,31.512,88.849
6.014,31.727,88.872
6.015,31.422,88.882
6.014,31.612,88.865
6.014,31.702,88.843
6.014,31.489,88.803
6.013,31.395,88.774
6.013,31.610,88.767
6.013,31.327,88.736
6.013,31.506,88.780
6.015,31.459,88.789
6.014,31.557,88.784
6.013,31.644,88.800
6.011,31.700,88.794
6.012,31.873,88.774
6.011,31.603,88.778
6.013,31.910,88.772
6.011,31.817,88.752
6.011,31.741,88.750
6.009,31.736,88.642
6.012,31.816,88.801
6.013,32.003,88.804
6.011,31.814,88.803
6.016,31.752,88.862
6.015,31.876,88.851
6.015,31.747,88.853
6.014,31.430,88.756
6.014,31.636,88.819
6.014,31.661,88.801
6.012,31.832,88.814
6.013,31.625,88.794
6.013,31.406,88.768
6.014,31.368,88.810
6.013,31.481,88.864
6.012,31.463,88.814
6.013,31.607,88.814
6.012,31.484,88.807
6.011,30.950,88.558
6.009,31.072,88.412
6.010,31.540,88.645
6.010,31.373,88.686
6.010,31.402,88.752
6.012,31.530,88.814
6.011,31.499,88.827
6.012,31.373,88.722
6.012,31.752,88.743
6.013,31.401,88.793
6.013,31.402,88.795
6.014,31.711,88.789
6.013,31.763,88.798
6.012,31.512,88.776
6.012,31.807,88.770
6.012,31.894,88.722
6.013,31.774,88.724
6.012,31.784,88.747
6.012,31.679,88.815
6.012,31.884,88.800
6.013,31.468,88.774
6.012,31.367,88.753
6.012,31.462,88.773
6.011,31.305,88.751
6.013,31.412,88.763
6.013,31.628,88.755
6.012,31.538,88.784
6.014,31.612,88.792
6.013,31.651,88.866
6.013,31.737,88.846
6.013,31.892,88.837
6.014,31.707,88.851
6.014,31.471,88.826
6.014,31.663,88.795
6.013,31.502,88.769
6.013,31.783,88.756
6.013,31.519,88.813
6.012,31.612,88.843
6.013,31.784,88.819
6.013,31.494,88.814
6.013,31.586,88.882
6.014,31.533,88.821
6.012,31.460,88.787
6.012,31.567,88.745
6.012,31.561,88.795
6.011,31.489,88.795
6.012,31.477,88.802
6.012,31.451,88.838
6.010,31.452,88.613
6.010,31.687,88.690
6.011,31.732,88.703
6.009,31.624,88.702
6.011,31.665,88.740
6.011,31.550,88.861
6.011,31.806,88.886
6.013,31.490,88.861
6.012,31.599,88.864
6.012,31.561,88.829
6.012,31.578,88.873
6.012,31.579,88.801
6.011,31.247,88.763
6.011,31.692,88.780
6.015,31.774,88.772
6.012,31.674,88.797
6.012,31.635,88.755
6.012,31.569,88.734
6.013,31.569,88.745
6.012,31.629,88.731
6.012,31.538,88.732
6.013,31.382,88.734
6.012,31.549,88.774
6.012,31.464,88.800
6.011,31.384,88.819
6.012,31.344,88.823
6.013,31.584,88.874
6.014,31.571,88.858
6.014,31.465,88.836
6.013,31.535,88.802
6.013,31.485,88.779
6.013,31.509,88.783
6.014,31.742,88.767
6.012,31.318,88.748
6.013,31.507,88.755
6.012,31.508,88.738
6.013,31.641,88.780
6.012,31.560,88.757
6.012,31.768,88.774
6.010,31.617,88.760
6.011,31.552,88.774
6.011,31.472,88.794
6.011,31.625,88.804
6.011,31.533,88.793
6.013,31.601,88.809
6.013,31.569,88.896
6.013,31.628,88.898
6.013,31.543,88.861
6.013,31.523,88.863
6.014,31.641,88.899
6.014,31.739,88.912
6.014,31.640,88.886
6.014,31.542,88.863
6.012,31.559,88.812
6.012,31.404,88.796
6.012,31.776,88.778
6.012,31.510,88.801
6.013,31.617,88.803
6.012,31.655,88.832
6.014,31.665,88.830
6.013,31.547,88.820
6.015,31.429,88.769
6.015,31.495,88.784
6.013,31.521,88.752
6.014,31.815,88.799
6.012,31.575,88.785
6.013,31.651,88.811
6.013,31.603,88.859
6.013,31.708,88.894
6.014,31.516,88.913
6.014,31.521,88.960
6.015,31.622,88.982
6.015,31.828,88.946
6.014,31.487,89.021
6.015,31.519,88.878
6.013,31.535,88.868
6.012,31.760,88.851
6.012,31.742,88.849
6.013,31.453,88.892
6.013,31.548,88.925
6.013,31.663,88.836
6.012,31.510,88.814
6.012,31.378,88.792
6.014,31.662,88.793
6.012,31.559,88.816
6.012,31.513,88.840
6.012,31.680,88.830
6.013,31.491,88.840
6.013,31.591,88.822
6.014,31.699,88.844
6.014,31.561,88.890
6.013,31.597,88.904
6.015,31.690,88.971
6.015,31.848,88.958
6.015,31.713,88.928
6.014,31.715,88.900
6.014,31.555,88.884
6.012,31.799,88.865
6.014,31.453,88.838
6.013,31.674,88.850
6.014,31.636,88.806
6.015,31.628,88.836
6.012,31.596,88.892
6.013,31.651,88.874
6.012,31.387,88.865
6.013,31.655,88.857
6.013,31.803,88.877
6.014,31.589,88.835
6.012,31.723,88.860
6.013,31.760,88.884
6.013,31.834,88.901
2.547,30.883,85.618
2.455,30.885,85.085
2.331,30.878,85.072
6.011,29.879,88.579
6.013,29.749,88.804
6.012,30.292,88.589
6.013,30.227,88.639
6.013,30.748,88.702
6.014,30.403,88.680
6.013,30.608,88.563
6.013,30.712,88.566
6.012,30.616,88.701
3.047,30.184,86.559
2.454,29.611,84.373
2.454,29.744,84.099
2.455,29.995,84.076
2.454,29.776,84.050
2.453,29.690,83.987
2.454,29.674,84.038
2.453,29.426,84.007
2.452,29.889,84.037
2.454,29.941,84.079
2.452,29.765,84.032
2.453,29.628,83.983
2.452,29.399,83.947
6.012,30.458,88.426
6.012,30.233,88.906
6.012,30.391,88.819
6.013,30.807,88.785
6.014,30.146,88.807
6.012,30.573,88.840
6.014,29.766,88.857
6.013,30.302,88.902
6.012,30.501,88.900
4.294,29.749,89.166
2.452,30.687,85.107
2.451,30.935,84.424
2.454,30.775,84.836
2.453,30.316,85.091
2.453,30.525,85.100
2.452,30.879,85.066
2.453,30.793,85.244
2.453,30.558,85.313
2.453,30.761,85.316
2.453,30.699,85.275
2.453,30.567,85.266
2.453,30.525,85.259
6.012,31.576,88.721
6.011,31.801,88.731
6.012,31.543,88.779
6.012,31.607,88.846
6.011,31.478,88.842
6.011,31.433,88.853
6.012,31.910,88.880
6.012,31.382,88.879
6.013,32.019,88.851
2.456,31.256,86.254
2.454,30.867,84.898
2.455,30.977,84.641
2.454,31.034,84.436
2.454,30.682,84.257
2.452,30.755,84.209
2.454,31.026,84.333
2.453,30.703,84.407
2.453,30.429,84.178
2.451,30.784,84.125
2.450,30.836,84.269
2.451,30.592,84.208
2.451,30.619,84.178
6.010,31.066,88.583
6.010,31.544,88.881
6.011,31.150,88.926
6.009,31.202,88.980
6.011,31.426,88.969
6.011,31.622,88.959
6.010,30.827,88.965
6.009,31.078,88.984
6.011,31.252,88.835
3.372,30.628,86.505
2.452,30.570,84.218
2.454,30.687,83.729
2.455,30.890,83.624
2.456,30.898,83.621
2.456,31.165,83.645
2.455,31.017,83.732
2.455,31.060,84.240
2.455,31.082,84.244
2.454,30.700,84.287
2.455,31.073,84.234
2.454,30.528,84.173
2.453,30.570,84.060
6.010,31.508,88.979
6.010,31.395,88.883
6.011,31.302,88.944
6.011,31.356,89.050
6.011,31.362,89.065
6.008,31.347,89.028
6.008,31.158,88.983
6.010,31.129,88.950
6.010,31.285,88.974
6.010,31.357,89.081
6.008,31.538,89.071
6.012,31.143,89.139
6.011,31.056,89.182
6.012,31.379,89.133
6.013,31.056,89.105
6.010,31.225,89.091
6.012,31.103,89.062
6.010,31.343,89.018
6.010,30.960,89.020
6.009,30.874,88.983
6.008,30.712,88.977
6.007,30.868,88.970
6.006,30.896,88.968
6.006,31.276,88.926
6.005,30.727,89.206
6.006,30.798,89.271
6.006,30.760,89.285
6.005,30.633,89.229
6.005,30.571,89.201
6.003,30.721,89.168
6.003,30.342,89.195
6.005,30.888,89.278
6.006,30.957,89.356
6.009,30.828,89.414
6.011,31.000,89.486
6.011,30.875,89.443
6.010,30.981,89.389
6.012,31.209,89.427
6.013,31.040,89.499
6.013,31.231,89.387
6.012,31.156,89.331
6.011,31.512,89.329
6.012,31.349,89.364
6.011,30.963,89.350
6.010,30.899,89.367
6.009,30.853,89.317
6.009,30.815,89.287
6.008,30.862,89.251
6.009,30.857,89.244
6.008,30.982,89.272
6.008,30.911,89.276
6.008,30.724,89.267
6.007,30.944,89.300
6.009,31.044,89.410
6.011,30.561,89.107
6.012,30.256,88.865
6.012,30.620,89.063
6.014,30.744,89.436
6.013,30.598,89.369
6.012,30.306,89.368
6.012,30.705,89.541
6.013,30.793,89.162
6.013,30.780,88.602
6.012,30.728,89.220
6.012,30.610,89.610
6.013,30.850,89.617
6.012,30.927,89.653
6.009,30.651,89.512
6.011,30.683,89.542
6.012,30.577,89.549
6.010,30.324,89.528
6.011,30.550,89.525
6.011,30.691,89.514
6.010,30.379,89.548
6.010,30.313,89.573
6.012,30.595,89.619
6.013,30.664,89.646
6.013,30.590,89.644
6.013,30.659,89.727
6.015,30.811,89.693
6.016,30.851,89.692
6.016,30.719,89.635
6.014,30.925,89.628
6.015,30.815,89.604
6.013,30.583,89.580
6.012,30.900,89.558
6.013,30.576,89.554
6.011,30.758,89.582
6.011,30.653,89.620
6.014,30.552,89.640
6.014,30.785,89.633
6.013,30.739,89.617
6.014,30.420,89.605
6.013,30.581,89.574
6.011,30.605,89.552
6.011,30.795,89.558
6.012,30.218,89.545
6.014,30.807,89.600
6.015,30.464,89.674
6.017,30.726,89.681
6.015,30.656,89.704
6.015,30.602,89.690
6.017,30.429,89.667
6.017,30.640,89.629
6.015,30.312,89.640
6.014,30.470,89.608
6.013,30.558,89.580
6.014,30.586,89.531
6.013,30.471,89.557
6.014,30.485,89.624
6.012,30.656,89.627
6.013,30.696,89.644
6.014,30.614,89.599
6.013,30.649,89.592
6.013,30.387,89.552
6.014,30.627,89.570
6.013,30.564,89.552
6.013,30.540,89.549
6.013,30.199,89.546
3.677,30.308,87.715
3.678,30.264,87.449
3.678,29.986,87.534
3.678,30.170,87.531
3.679,29.942,87.535
3.678,29.981,87.533
3.678,29.895,87.552
3.677,29.880,87.574
3.677,29.847,87.422
3.677,30.000,87.419
3.677,30.090,87.445
3.678,30.075,87.496
3.677,30.210,87.527
6.012,30.441,88.960
6.013,30.416,88.699
6.010,30.515,88.699
6.010,30.453,88.718
6.012,30.367,88.729
6.013,30.285,88.719
6.012,30.329,88.696
6.011,30.305,88.692
6.011,30.154,88.667
3.677,30.372,87.506
3.677,30.203,87.491
3.679,30.382,87.529
3.678,30.471,87.576
3.678,30.281,87.527
3.677,30.199,87.472
3.679,30.286,87.418
3.677,30.248,87.392
3.676,30.157,86.879
3.676,30.366,86.759
3.676,30.252,86.760
3.675,29.924,87.251
3.676,30.280,88.055
6.012,30.797,89.175
6.010,30.495,88.798
6.011,30.260,88.784
6.011,30.607,88.783
6.012,30.594,88.775
6.011,30.475,88.764
6.011,30.699,88.753
6.010,30.564,88.776
6.012,30.518,88.720
6.011,30.782,88.808
6.014,30.705,88.801
6.013,30.712,88.808
6.014,30.448,88.808
6.014,30.555,88.812
6.015,30.678,88.806
6.012,30.527,89.417
6.013,30.485,89.350
6.014,30.458,89.319
6.014,30.431,89.280
6.013,30.398,89.271
6.012,30.493,89.258
6.012,30.526,89.337
6.012,30.746,89.367
6.014,30.478,89.373
6.012,30.349,89.352
6.012,30.548,89.361
6.011,30.445,89.380
6.011,30.161,89.383
6.013,30.156,89.364
6.012,30.393,89.385
6.012,30.431,89.646
6.012,30.459,89.651
6.013,30.265,89.671
6.012,30.364,89.628
6.013,30.466,89.630
6.013,30.450,89.675
6.013,30.499,89.682
6.013,30.217,89.618
6.013,30.448,89.664
6.013,30.295,89.679
6.014,30.404,89.588
6.015,30.451,89.634
6.012,30.528,89.650
6.012,30.326,89.636
6.014,30.350,89.646
6.014,30.047,89.637
6.014,30.054,89.638
6.012,30.185,89.609
6.013,30.240,89.595
6.014,30.142,89.610
6.012,30.225,89.642
6.012,30.109,89.636
6.011,30.256,89.654
6.012,30.335,88.721
6.012,30.100,88.729
6.013,30.281,88.748
6.013,30.006,88.733
6.013,30.081,88.738
6.013,30.369,88.709
6.014,30.186,88.736
6.013,30.154,88.705
6.012,30.219,88.701
6.013,30.279,88.902
6.012,30.162,88.985
6.013,30.132,89.009
6.013,30.316,88.997
6.012,30.311,88.994
6.013,30.207,88.997
6.014,30.338,89.004
6.015,30.304,89.002
6.014,30.119,88.983
6.014,30.265,88.965
6.013,30.164,88.980
6.012,30.171,88.990
6.013,30.173,88.907
6.012,30.034,89.039
6.013,30.160,89.037
6.013,30.080,89.075
6.013,30.252,88.982
6.015,30.198,88.695
6.015,30.072,88.680
6.016,30.231,88.709
6.015,30.169,88.680
6.014,30.225,88.638
6.015,30.000,88.617
6.014,30.154,88.613
6.014,30.066,88.624
6.014,30.155,88.580
6.014,29.964,88.773
6.014,30.173,88.992
6.014,29.973,89.001
6.014,29.992,88.983
6.012,30.266,88.977
6.012,30.072,88.969
6.013,29.755,88.965
6.015,30.074,88.977
6.012,29.922,88.964
6.012,30.134,88.996
6.013,30.168,88.972
6.013,29.880,89.018
6.015,29.869,89.053
6.017,30.271,88.992
6.013,30.147,89.029
6.014,30.094,89.100
6.015,30.077,88.757
6.014,30.118,88.683
6.015,30.180,88.678
6.015,30.231,88.670
6.014,30.377,88.679
6.013,30.140,88.638
6.015,30.372,88.645
6.013,30.066,88.625
6.013,30.177,88.646
6.014,30.231,88.643
6.014,30.091,88.621
6.012,30.226,88.621
6.013,30.223,88.629
6.014,30.088,88.639
6.012,30.068,88.656
6.013,30.121,88.675
6.013,30.105,88.754
6.014,30.297,88.789
6.014,30.170,88.795
6.014,30.119,88.807
6.015,29.963,88.750
6.016,30.060,88.739
6.016,30.016,88.700
6.014,30.196,88.705
6.016,30.326,88.702
6.015,30.227,88.695
6.016,30.256,88.705
6.014,30.319,88.707
6.012,30.335,88.644
6.014,30.076,88.665
6.014,30.249,88.663
6.015,30.134,88.672
6.014,30.117,88.651
6.014,30.092,88.652
6.014,30.406,88.652
6.016,30.101,88.637
6.017,30.205,88.630
6.014,30.052,88.664
6.014,29.957,88.707
6.018,29.850,88.693
6.016,30.117,88.646
6.018,30.224,88.705
6.017,29.761,88.681
6.015,30.058,88.716
6.016,30.238,88.707
6.015,29.892,88.672
6.019,30.123,88.639
6.016,29.939,88.604
6.017,30.164,88.593
6.017,30.131,88.598
6.017,30.027,88.605
6.014,29.950,88.590
6.014,29.990,88.594
6.015,30.159,88.580
6.014,29.963,88.604
6.012,29.810,88.605
6.012,29.751,88.613
6.013,29.960,88.674
6.014,29.876,88.665
6.014,30.164,88.638
6.014,29.950,88.673
6.015,29.861,88.664
6.015,29.906,88.661
6.015,29.966,88.714
6.016,29.951,88.720
6.015,30.279,88.719
6.016,29.929,88.679
6.016,29.893,88.671
6.014,29.987,88.615
6.014,30.133,88.634
6.016,29.832,88.599
6.015,30.131,88.597
6.015,30.101,88.592
6.014,30.078,88.599
6.014,30.110,88.609
6.015,30.114,88.605
6.014,29.954,88.611
6.013,30.021,88.627
6.014,30.017,88.541
6.014,30.003,88.615
6.013,29.777,88.606
6.014,29.896,88.641
6.014,29.827,88.654
6.013,29.881,88.636
5.211,29.159,86.310
5.578,29.793,87.641
6.011,29.936,88.975
6.013,30.032,89.048
6.013,29.770,89.041
6.014,30.052,88.966
6.013,30.218,88.948
6.010,30.144,88.992
6.012,30.233,89.019
6.014,30.091,89.047
6.012,30.057,89.044
6.014,30.005,88.946
6.015,30.125,88.965
6.013,30.036,88.955
6.012,29.923,88.925
6.013,29.831,88.927
6.011,30.163,88.932
6.012,29.870,88.929
6.011,29.862,88.986
6.013,29.916,89.099
6.014,30.072,89.061
5.672,29.546,88.002
5.671,29.721,88.108
6.010,29.672,89.243
6.008,29.916,89.281
6.008,30.105,89.061
6.009,29.725,89.045
6.010,29.928,89.050
6.011,29.955,89.036
6.010,30.054,89.037
6.010,29.727,89.033
6.011,30.000,88.968
6.009,29.714,89.053
6.010,29.659,89.069
6.011,29.621,89.057
6.009,29.879,89.053
6.009,29.845,89.044
6.009,29.825,89.065
6.010,29.588,89.067
6.010,29.501,89.060
6.009,29.601,89.049
6.009,29.538,89.043
6.010,29.769,89.067
6.009,29.444,89.051
6.010,29.754,89.057
6.011,29.911,89.094
6.010,29.720,89.080
6.011,29.706,88.993
6.010,29.833,89.058
6.010,30.368,88.945
6.010,30.425,88.965
6.012,30.506,89.001
6.011,30.156,88.982
6.011,30.243,88.984
6.011,30.206,88.977
6.010,30.281,89.268
6.012,30.279,89.321
6.011,30.190,89.310
6.011,30.493,89.334
6.011,30.256,89.355
6.010,30.071,89.318
6.010,30.082,89.254
6.010,29.855,89.261
6.011,30.156,89.342
6.014,30.181,89.385
6.014,30.461,89.373
6.014,30.109,89.323
6.014,30.288,89.406
6.013,30.302,89.433
6.014,30.179,89.140
6.014,30.422,89.030
6.013,30.188,88.990
6.013,30.325,88.966
6.014,30.156,89.005
6.014,29.991,88.996
6.014,29.868,89.019
6.014,30.404,89.286
6.013,30.313,89.307
6.014,30.263,89.288
6.015,30.173,89.297
6.013,29.960,89.286
6.012,30.506,89.275
6.012,30.161,89.298
6.012,30.246,89.261
6.011,30.064,89.319
6.012,30.287,89.376
6.013,30.088,89.343
6.012,30.078,89.382
6.013,30.199,89.366
6.013,30.030,89.365
6.014,30.118,89.354
6.012,30.158,89.363
6.012,30.123,89.352
6.013,30.284,89.357
6.013,30.198,89.336
6.012,30.127,89.317
6.012,30.127,89.319
6.014,30.350,89.322
6.012,29.994,89.336
6.012,30.143,89.341
6.013,30.041,89.314
6.014,29.870,89.315
6.014,30.060,89.313
6.014,29.972,89.321
6.013,30.040,89.346
6.013,30.063,89.360
6.013,30.138,89.360
6.014,30.061,89.414
6.014,30.139,89.392
6.014,30.082,89.417
6.015,29.876,89.450
6.014,30.087,89.474
6.015,29.841,89.465
6.014,30.052,89.394
6.014,30.211,89.347
6.015,29.963,89.029
6.014,29.857,89.012
6.014,30.089,89.051
6.013,30.136,89.074
6.014,30.097,89.092
6.014,30.054,89.079
6.014,30.109,89.043
6.014,29.990,89.052
6.013,30.125,89.011
6.014,30.040,89.016
6.013,30.137,89.015
6.015,29.956,89.026
6.014,29.939,89.036
6.014,30.067,89.002
6.014,30.079,89.083
6.013,30.016,89.075
6.014,29.994,89.129
6.015,30.152,89.192
6.014,30.014,89.156
6.014,30.117,89.157
6.015,29.870,89.138
6.015,30.154,89.117
6.015,29.959,89.111
6.015,29.852,89.074
6.016,30.283,88.976
6.014,29.941,88.902
6.015,29.963,88.883
6.014,30.070,88.959
6.015,30.196,89.007
6.013,30.184,88.980
6.014,30.095,88.961
6.012,29.917,88.969
6.012,30.081,88.999
6.013,29.950,88.985
6.013,29.946,88.986
6.013,30.236,88.993
6.011,29.942,89.009
6.014,29.888,89.040
6.014,29.970,89.088
6.014,30.137,89.126
6.014,29.837,89.113
6.016,30.006,89.081
6.014,30.104,89.056
6.015,30.113,88.993
6.014,30.132,88.985
6.015,30.066,88.942
6.015,30.044,88.919
6.014,29.909,88.932
6.014,29.994,88.953
6.015,30.028,88.950
6.013,29.837,88.929
6.013,30.038,88.922
6.013,29.881,88.919
6.014,29.997,88.905
6.013,30.031,88.912
6.013,30.060,88.916
6.015,29.913,88.956
6.013,30.010,88.976
6.014,30.016,88.913
6.014,29.802,88.958
6.014,29.911,89.003
6.015,29.919,89.057
6.014,29.707,89.076
6.014,30.042,89.023
6.015,29.854,89.019
6.015,29.752,88.866
6.015,29.915,88.924
6.015,29.997,88.897
6.014,30.019,88.874
6.014,29.827,88.869
6.015,30.798,88.966
6.013,30.996,88.982
6.014,30.748,88.961
6.015,30.525,88.972
6.014,30.753,88.925
6.013,30.556,88.910
6.013,30.685,88.939
6.014,30.669,88.972
6.014,30.856,88.959
6.014,30.474,88.962
6.014,30.695,88.976
6.014,30.765,88.952
6.014,30.680,88.977
6.015,30.729,89.018
6.015,30.669,89.050
6.014,30.651,89.068
6.014,30.656,89.059
6.013,30.887,89.045
6.014,30.622,89.011
6.014,30.753,88.974
6.014,30.825,88.934
6.014,30.806,88.923
6.012,30.833,88.933
6.013,30.749,88.976
6.013,30.698,88.958
6.013,30.862,88.972
6.013,30.695,88.958
6.012,30.773,88.939
6.011,30.707,88.957
6.012,30.425,88.992
6.013,30.588,88.977
6.012,30.551,88.968
6.014,30.653,88.621
6.014,30.687,88.630
6.014,30.810,88.669
6.014,30.906,88.682
6.016,30.646,88.737
6.015,30.601,88.738
6.015,30.665,88.711
6.017,30.695,88.641
6.017,30.618,88.591
6.016,30.673,88.632
6.016,30.516,88.947
6.014,30.658,88.980
6.016,30.818,88.964
6.016,30.785,88.967
6.016,30.507,88.988
6.016,30.557,88.967
6.016,30.935,88.943
6.013,30.671,88.949
6.014,30.651,88.964
6.014,30.675,88.966
6.014,30.420,88.967
6.013,30.671,88.967
6.014,30.521,89.014
6.016,30.753,89.026
6.015,30.703,89.049
6.016,30.742,89.103
6.016,30.702,89.100
6.016,30.694,89.105
6.016,30.608,89.050
6.015,30.798,88.950
6.015,30.651,88.959
6.016,30.796,88.952
6.015,30.627,88.929
6.015,30.808,88.930
6.015,30.940,88.955
6.015,30.687,88.957
6.014,30.506,89.030
6.013,30.584,89.003
6.011,30.692,89.033
6.012,30.650,89.038
6.013,30.691,89.024
6.013,30.652,89.032
6.014,30.609,89.034
6.013,30.457,89.006
6.014,30.673,89.025
6.015,30.648,89.065
6.015,30.704,89.082
6.015,30.543,89.105
6.014,30.766,89.108
6.016,30.751,89.105
6.015,30.915,89.030
6.016,30.838,89.056
6.017,30.527,89.035
6.015,30.850,89.025
6.015,30.916,89.022
6.015,30.945,89.043
6.015,30.633,89.017
6.013,30.834,89.004
6.014,30.822,89.040
6.015,31.031,89.055
6.015,30.806,89.020
6.015,30.872,89.011
6.016,30.814,88.946
6.014,30.666,88.956
6.015,30.589,89.030
6.016,30.801,89.037
6.015,30.813,89.095
6.015,30.801,89.176
6.017,31.009,89.203
6.017,30.776,89.173
6.017,30.639,89.157
6.016,30.532,89.165
6.016,30.898,89.052
6.014,30.660,89.013
6.016,30.376,89.034
6.014,30.662,88.978
6.014,30.710,88.982
6.015,30.644,88.989
6.015,30.600,88.978
6.014,30.792,89.054
6.015,30.596,89.005
6.015,30.737,88.995
6.015,30.572,88.955
6.014,30.797,88.957
6.015,30.654,88.961
6.015,30.738,89.004
6.015,30.369,88.924
6.013,30.481,88.992
6.012,30.154,89.045
6.014,30.666,89.030
6.012,30.536,89.013
6.013,30.362,89.035
6.015,30.517,89.027
6.013,30.311,89.075
6.014,30.655,89.076
6.013,30.615,89.063
6.014,30.532,89.126
6.012,30.520,89.023
6.014,30.359,88.969
6.011,30.650,88.946
6.014,30.553,88.944
6.014,30.465,88.947
6.013,30.726,88.920
6.014,30.545,89.158
6.014,30.489,89.236
6.014,30.523,89.251
6.014,30.342,89.215
6.014,30.337,89.225
6.014,30.248,89.224
6.012,30.285,89.185
4.247,29.420,89.589
2.451,30.126,86.229
2.452,30.405,85.606
2.451,30.311,85.477
2.451,30.466,85.513
2.452,30.514,85.569
2.453,30.679,85.580
2.453,30.110,85.528
2.452,30.263,85.440
2.452,30.385,85.446
2.451,30.030,85.440
2.451,30.519,85.452
2.452,30.038,85.423
6.010,31.413,88.872
6.009,31.191,88.939
6.010,31.109,88.916
6.010,31.177,88.904
6.009,31.180,88.933
6.009,31.074,88.929
6.009,31.175,88.946
6.009,31.123,88.945
6.009,31.048,88.922
2.756,30.486,85.998
2.756,30.683,85.490
2.757,30.398,85.404
2.756,30.521,85.413
2.757,30.393,85.415
2.757,30.462,85.446
2.758,30.557,85.466
2.757,30.439,85.459
2.757,30.534,85.442
2.758,30.405,85.437
2.757,30.121,85.403
2.757,30.454,85.435
2.756,30.188,85.477
6.010,31.093,89.263
6.008,30.989,88.910
6.009,31.003,88.927
6.008,30.959,89.003
6.008,30.988,89.020
6.007,30.816,89.041
6.008,31.012,89.029
6.008,30.969,89.008
6.008,30.952,88.983
6.008,31.092,89.031
6.010,30.884,89.123
6.011,31.110,89.180
6.012,30.927,89.201
6.012,31.027,89.140
6.013,31.367,89.120
6.013,31.106,89.026
6.011,31.400,89.052
6.011,31.116,89.110
6.013,31.042,89.104
6.012,31.004,89.085
6.012,31.212,89.095
6.012,30.976,89.117
6.011,30.922,89.089
6.010,31.118,89.086
6.012,31.075,89.097
6.010,31.072,89.057
6.010,30.717,89.063
6.009,31.125,89.053
6.009,30.972,89.063
6.010,30.979,89.075
6.011,30.775,89.078
2.726,30.118,84.726
2.726,30.534,84.068
2.726,30.169,83.869
2.727,30.340,83.816
2.727,30.622,83.819
2.726,30.649,83.802
2.726,30.399,83.831
3.309,29.971,85.024
3.309,30.379,85.598
3.308,30.208,85.985
3.307,30.413,86.096
3.307,30.197,86.117
3.308,30.139,86.132
6.009,31.061,88.990
6.008,30.958,89.178
6.009,31.013,89.290
6.010,30.967,89.324
6.012,30.923,89.314
6.010,30.863,89.293
6.010,30.525,89.324
6.011,30.943,89.271
6.010,31.065,89.166
3.282,30.284,86.205
3.282,30.694,85.639
3.283,30.408,85.523
3.282,30.542,85.554
3.282,30.410,85.549
3.282,30.119,85.506
3.281,30.367,85.496
3.281,31.334,85.461
3.280,31.237,85.311
3.280,30.588,84.836
2.759,30.855,83.755
2.758,30.783,84.083
2.759,30.932,84.335
6.012,31.144,88.826
6.012,31.095,89.174
6.012,30.394,89.273
6.013,30.420,89.253
6.011,30.418,89.157
6.010,30.293,89.117
6.011,30.530,89.089
6.012,30.267,89.118
6.013,30.462,89.164
6.012,30.855,89.254
6.015,30.888,89.304
6.016,30.713,89.282
6.016,30.640,89.284
6.015,30.575,89.227
6.014,30.789,89.136
6.012,30.865,88.744
6.012,31.147,88.261
6.015,30.919,87.719
6.015,30.747,87.755
6.016,31.024,87.696
6.014,30.775,87.670
6.014,30.686,87.665
6.014,30.694,87.607
6.012,30.626,87.573
6.011,30.751,87.702
6.012,30.652,87.647
6.010,30.606,87.609
6.010,30.731,87.687
6.012,30.857,87.705
6.011,30.853,87.660
6.010,30.556,87.684
6.014,30.615,87.760
6.014,31.036,87.789
6.014,31.032,87.753
6.015,30.885,87.813
6.016,30.841,87.804
6.016,31.016,87.761
6.016,30.986,87.736
6.016,30.719,87.721
6.015,31.030,87.707
6.015,30.802,87.705
6.016,30.828,87.697
6.015,30.964,87.711
6.015,31.028,87.722
6.013,30.883,87.583
6.014,30.797,87.697
6.014,30.775,87.693
6.015,31.029,87.672
6.013,30.933,87.668
6.014,30.941,87.681
6.013,30.398,87.688
6.013,30.627,87.680
6.013,30.535,87.714
3.039,30.199,87.625
2.456,29.952,85.276
2.455,30.385,84.899
2.455,30.077,84.878
2.455,30.296,84.881
2.455,29.919,84.809
2.454,29.913,84.792
2.454,30.129,84.775
2.454,29.827,84.811
2.452,30.038,84.720
2.453,29.785,84.693
2.452,29.888,84.626
2.453,29.987,84.724
6.012,30.630,87.867
6.012,30.805,87.809
6.014,30.707,87.867
6.013,30.818,87.931
6.013,30.686,87.880
6.012,30.706,87.706
6.012,30.985,87.566
6.011,30.840,87.609
6.012,30.921,87.699
2.728,29.926,88.530
2.453,30.995,85.416
2.453,31.164,84.864
2.452,30.642,84.628
2.453,30.719,84.562
2.452,30.895,84.547
2.452,30.708,84.520
2.452,30.897,84.554
2.453,30.793,84.672
2.453,30.865,84.655
2.452,30.680,84.673
2.452,30.950,84.679
2.452,30.924,84.739
6.013,31.959,88.030
6.012,31.859,87.909
6.013,31.861,87.896
6.011,31.825,87.905
6.011,31.899,87.905
6.011,31.885,87.876
6.012,31.797,87.878
6.011,31.927,87.915
6.012,31.819,87.900
3.219,30.875,85.149
2.454,31.148,82.888
2.454,31.035,83.503
2.454,31.049,84.287
2.453,30.871,84.444
2.453,31.035,84.496
2.453,31.010,84.532
2.453,30.855,84.542
2.453,30.945,84.546
2.453,30.773,84.559
2.454,30.596,84.571
2.452,30.981,84.596
2.452,30.943,84.608
6.011,30.981,88.856
6.013,31.056,88.881
6.012,30.796,88.900
6.012,30.744,88.945
6.012,30.711,89.036
6.012,30.738,89.058
6.013,30.810,89.103
6.012,30.896,89.061
6.013,30.993,89.048
2.454,29.719,85.446
2.454,30.065,84.831
2.454,29.986,84.688
2.454,30.036,84.635
2.452,29.965,84.603
2.453,30.120,84.566
2.453,29.951,84.552
2.453,29.915,84.483
2.453,30.013,84.489
2.452,30.048,84.518
2.452,29.888,84.563
2.453,29.992,84.584
2.452,30.212,84.578
6.012,30.816,88.890
6.013,31.159,89.008
6.013,30.946,88.978
6.011,30.774,88.934
6.011,30.885,88.954
6.011,30.675,88.995
6.011,30.720,89.012
6.012,30.824,89.057
6.011,30.861,89.007
2.453,30.054,85.303
2.453,30.121,84.007
2.454,30.300,83.512
2.454,30.044,83.384
2.454,30.236,83.374
2.454,30.340,83.346
2.454,30.276,83.642
2.453,30.058,84.484
2.454,29.970,84.648
2.454,29.899,84.635
2.453,30.048,84.824
2.453,29.970,84.950
2.453,30.048,84.978
6.012,31.152,87.620
6.013,30.899,87.686
6.014,30.840,87.664
6.012,30.988,87.702
6.012,30.946,87.695
6.011,30.826,87.740
6.012,31.087,87.692
6.013,31.045,87.666
6.011,31.159,87.675
6.013,30.700,87.845
6.013,30.822,87.857
6.014,30.580,87.886
6.014,30.805,87.914
6.014,30.643,87.885
6.015,30.708,87.860
6.015,30.653,87.842
6.016,30.982,87.785
6.014,30.681,87.823
6.016,30.767,87.839
6.016,30.764,87.799
6.016,30.590,87.843
6.016,30.611,87.833
6.015,30.649,87.851
6.015,30.725,87.836
6.015,30.842,87.839
6.014,30.780,87.832
6.014,30.799,87.813
6.014,30.565,87.791
6.014,30.839,87.803
6.014,30.904,87.856
6.013,30.471,87.887
6.014,30.639,87.929
6.013,30.665,87.934
6.014,30.791,87.929
6.014,30.757,87.906
6.016,30.829,87.793
6.014,30.815,87.719
6.014,30.813,87.755
6.015,30.811,87.848
6.014,30.785,87.847
6.015,30.791,87.784
6.014,31.007,87.782
6.014,30.812,87.813
6.014,30.979,87.826
6.014,30.912,87.857
6.012,31.069,87.849
6.014,31.227,87.845
6.013,30.917,87.814
6.014,30.966,87.801
6.012,30.925,87.808
6.014,30.915,87.816
6.012,30.936,87.826
6.012,30.953,87.787
2.761,29.878,85.264
2.760,30.039,84.803
2.761,29.913,84.725
2.761,29.962,84.661
2.759,29.941,84.571
2.758,29.776,84.563
2.758,29.905,84.640
2.759,30.055,84.716
2.758,30.223,84.764
2.759,29.899,84.772
2.759,30.023,84.774
2.758,29.880,84.852
2.759,29.961,84.900
6.012,30.863,87.947
6.014,30.875,88.122
6.012,30.708,88.135
6.011,30.653,88.175
6.011,30.625,88.236
6.011,30.924,88.270
6.013,30.349,88.284
6.010,30.631,88.247
6.011,30.515,88.249
2.759,29.947,84.462
2.759,29.852,84.600
2.759,29.768,84.615
2.759,29.960,84.679
2.760,30.152,84.723
2.759,30.168,84.698
2.759,29.920,84.728
2.760,30.105,84.762
2.760,29.874,84.762
2.760,30.119,84.751
2.759,30.105,84.747
2.759,29.825,84.735
2.759,29.755,84.709
6.011,30.835,87.932
6.009,30.600,87.837
6.009,30.771,87.897
6.010,30.967,87.943
6.011,30.650,88.048
6.011,30.625,87.999
6.011,30.705,87.913
6.010,30.884,87.954
6.010,30.718,87.971
2.759,30.026,86.971
2.759,29.814,85.253
2.759,30.076,84.852
2.759,30.127,84.772
2.759,30.143,84.782
2.759,30.064,84.714
2.759,29.881,84.684
2.759,30.048,84.708
2.759,30.146,84.754
2.759,29.932,84.808
2.758,29.850,84.812
2.758,30.016,84.845
2.758,30.057,84.835
6.011,30.541,87.849
6.009,30.623,87.853
6.010,30.701,87.889
6.009,30.561,87.896
6.009,30.921,87.879
6.011,30.633,87.790
6.011,30.534,87.767
6.013,30.563,87.785
6.012,30.589,87.768
2.758,29.983,87.353
2.758,30.126,84.885
2.758,30.083,84.660
2.758,30.010,84.604
2.758,29.891,84.586
2.759,30.301,84.592
2.759,30.038,84.588
2.758,30.123,84.797
2.758,30.032,84.682
2.758,30.059,84.597
2.758,29.991,84.618
2.758,29.782,84.552
2.758,29.957,84.558
6.012,31.154,88.873
6.011,30.953,88.974
6.013,30.961,89.100
6.012,30.874,89.159
6.013,30.731,89.205
6.012,30.937,89.196
6.012,30.811,89.113
6.012,30.757,89.028
6.013,30.866,89.016
2.759,30.282,86.084
2.759,30.005,84.896
2.759,30.072,84.663
2.758,30.012,84.566
2.758,29.811,84.578
2.758,29.909,84.429
2.757,30.156,84.550
2.757,30.187,84.581
2.758,30.019,84.594
2.757,30.043,84.611
2.758,30.046,84.665
2.757,30.061,84.681
2.758,29.872,84.754
6.010,30.956,89.171
6.011,30.837,89.067
6.011,30.964,89.024
6.012,30.781,89.088
6.012,30.659,89.091
6.011,30.968,89.134
6.011,30.883,89.088
6.011,30.804,89.047
6.012,30.718,88.148
6.011,30.797,87.721
6.012,30.970,87.745
6.011,30.806,87.775
6.012,30.798,87.758
6.010,30.839,87.772
6.010,30.883,87.749
6.011,30.999,87.704
6.012,30.884,87.722
6.011,30.952,87.734
6.011,30.863,87.722
6.010,30.720,87.708
6.010,31.055,87.702
6.011,31.079,87.683
6.012,30.929,88.094
6.009,31.157,88.717
6.010,30.861,88.769
6.011,30.872,88.780
6.010,31.026,88.752
6.013,30.938,88.776
6.010,31.155,88.773
6.011,30.995,88.768
6.011,31.119,87.932
6.013,31.097,87.733
6.012,30.702,87.978
6.012,30.768,88.070
6.012,30.927,88.067
6.012,30.808,88.078
6.011,30.665,87.992
6.011,30.689,87.987
6.011,30.681,88.013
6.011,30.736,88.040
6.012,30.761,87.995
6.010,30.938,88.003
6.010,30.682,88.025
6.012,30.975,88.024
6.011,30.960,88.612
6.011,30.743,88.803
6.012,30.923,88.814
6.011,30.939,88.830
6.011,30.924,88.837
6.011,30.877,88.849
6.011,30.834,88.767
6.011,30.881,88.769
6.011,30.830,88.770
6.012,30.729,88.591
6.008,30.705,88.183
6.013,30.844,88.173
6.014,30.971,88.176
6.013,30.649,88.170
6.014,30.997,88.236
6.015,30.842,88.216
6.013,31.085,88.167
6.014,30.970,88.140
6.013,30.736,88.170
6.015,31.133,88.173
6.014,31.026,88.186
6.014,30.979,88.187
6.013,30.944,88.389
6.013,30.844,88.597
6.013,30.828,88.656
6.012,31.069,88.693
6.012,31.086,88.736
6.011,30.950,88.678
6.012,31.013,88.692
6.011,31.076,88.683
6.013,30.863,88.706
6.013,30.861,88.719
6.015,30.896,88.750
6.015,30.817,88.748
6.014,30.989,88.717
6.014,30.813,88.690
6.014,30.743,88.665
6.015,30.748,88.641
6.015,30.891,88.662
6.015,30.808,88.729
6.014,30.906,88.708
6.013,30.961,88.416
6.013,30.914,88.339
6.011,31.094,88.317
6.012,31.037,88.488
6.010,30.909,88.664
6.012,31.071,88.706
6.011,30.843,88.659
6.012,30.895,88.654
6.012,31.040,88.645
6.012,30.810,88.649
6.012,30.903,88.700
6.012,31.334,88.700
6.013,30.880,89.005
6.014,30.860,88.472
6.014,31.121,88.320
6.015,30.983,88.319
6.015,30.836,88.307
6.015,30.863,88.297
6.015,30.951,88.275
6.015,30.837,88.359
6.014,30.939,88.224
6.016,30.990,88.246
6.015,31.088,88.272
6.015,31.093,88.255
6.015,31.036,88.210
6.014,30.882,88.462
6.014,30.863,88.630
6.012,30.888,88.726
6.012,30.840,88.728
6.012,30.724,88.715
6.012,30.891,88.676
6.012,30.705,88.671
6.010,30.826,88.547
6.011,30.959,88.824
6.012,30.904,88.673
6.015,30.742,88.154
6.014,30.923,87.995
6.014,30.983,88.124
6.013,31.059,88.665
6.014,30.973,88.670
6.014,30.878,88.628
6.013,31.236,88.614
6.015,30.893,88.560
6.014,30.979,88.621
6.014,31.231,88.604
6.013,31.226,88.638
6.014,30.937,88.606
6.011,31.088,88.126
6.012,31.044,88.542
6.012,30.974,88.564
6.012,30.968,88.545
6.013,30.943,88.521
6.012,30.961,88.477
6.012,30.890,88.516
6.012,30.907,88.522
6.012,30.965,88.535
6.014,31.017,89.250
6.014,30.989,88.783
6.014,30.930,88.654
6.015,31.122,88.726
6.015,31.020,88.775
6.015,30.880,88.676
6.016,31.000,88.688
6.015,30.876,88.524
6.015,30.925,88.554
6.015,30.857,88.564
6.013,30.967,88.517
6.014,31.032,88.536
6.013,31.079,88.531
6.013,30.887,88.990
6.013,30.888,89.166
6.012,30.754,89.140
6.013,31.009,89.146
6.013,30.852,89.193
6.012,30.892,89.222
6.011,31.087,89.235
6.012,30.966,89.266
6.012,30.844,89.236
6.012,30.954,89.221
6.013,30.713,89.232
6.012,30.744,89.292
6.014,30.750,89.292
6.014,30.785,89.275
6.016,31.012,89.304
6.014,30.872,89.242
6.014,30.815,89.221
6.014,30.805,89.227
6.013,30.719,89.199
6.015,30.833,89.184
6.014,30.717,89.210
6.016,30.638,89.233
6.012,30.916,89.232
6.013,30.899,89.203
6.014,30.812,89.235
6.012,31.006,89.222
6.012,30.646,89.238
6.012,30.767,89.246
6.012,30.907,89.230
6.012,31.021,89.247
6.014,30.907,89.083
6.012,30.652,88.938
6.011,30.810,88.972
6.016,30.852,88.980
4.264,30.354,87.817
4.263,30.650,85.943
4.262,30.568,85.811
4.263,30.724,85.763
6.014,31.037,89.223
6.013,30.885,89.110
6.013,31.030,89.090
6.014,30.949,89.073
6.015,31.056,89.077
6.014,31.062,89.081
6.013,30.664,89.057
6.013,31.021,89.058
6.013,30.897,89.031
6.013,30.859,89.060
6.013,30.828,89.021
6.011,31.021,89.017
6.012,30.904,89.036
6.012,30.978,89.075
6.012,30.804,89.131
6.013,30.730,88.839
6.012,30.898,88.560
6.013,30.921,88.561
6.014,30.863,88.530
6.015,30.647,88.556
6.014,30.776,88.482
6.015,30.925,88.509
6.014,30.763,88.578
6.015,30.711,88.537
6.014,30.686,88.484
6.013,30.833,88.475
6.014,30.878,88.502
6.013,30.774,88.526
6.014,30.840,88.971
6.013,30.496,89.186
6.013,30.788,89.197
6.011,30.725,89.187
6.013,30.934,89.208
6.012,30.804,89.213
6.015,30.718,89.206
6.013,30.624,89.223
6.012,30.594,89.216
2.760,30.022,86.922
2.759,30.047,86.520
2.759,29.899,86.486
2.760,30.007,86.486
2.760,29.725,86.438
2.760,29.801,86.386
2.759,30.080,86.373
2.759,29.886,86.584
2.759,30.025,86.486
2.758,30.062,86.458
2.758,30.003,86.476
2.759,29.921,86.530
2.759,29.977,86.524
6.043,30.855,88.589
6.013,30.720,88.676
6.012,30.617,88.696
6.012,30.798,88.693
6.012,30.689,88.649
6.012,30.625,88.638
6.012,30.589,88.644
6.015,30.625,88.689
6.014,30.518,88.654
2.760,30.038,85.851
2.760,30.226,85.737
2.760,30.025,85.734
2.761,30.341,85.769
2.761,30.253,85.792
2.761,30.222,85.787
2.760,30.133,85.737
2.760,29.937,85.707
2.759,30.172,85.662
2.758,29.968,85.682
2.758,30.228,85.686
2.758,30.154,85.700
2.758,30.369,85.707
6.043,31.152,88.394
6.010,30.948,88.620
6.012,30.847,88.693
6.011,30.824,88.703
6.013,30.976,88.719
6.012,30.970,88.737
6.014,31.012,88.711
6.013,30.599,88.665
6.014,30.839,88.692
2.760,29.935,88.306
2.759,30.214,86.470
2.760,30.070,86.157
2.760,30.095,86.094
2.760,30.125,86.093
2.760,30.146,86.098
2.759,29.974,86.103
2.760,30.313,86.055
2.760,30.376,86.029
2.760,30.325,86.064
2.759,30.167,86.092
2.758,30.141,86.093
2.759,30.219,86.077
6.012,30.840,88.649
6.013,31.053,88.606
6.012,31.152,88.628
6.013,31.206,88.621
6.012,30.912,88.614
6.013,31.090,88.595
6.012,30.791,88.589
6.013,31.080,88.612
6.013,31.148,88.579
6.013,30.867,88.600
6.013,31.166,88.614
6.014,30.795,88.644
6.014,30.962,88.666
6.015,30.995,88.705
6.014,30.829,88.690
6.016,30.945,88.710
6.015,31.002,88.631
6.016,30.830,88.651
6.015,30.890,88.633
6.016,31.258,88.614
6.013,30.926,88.624
6.014,31.116,88.576
6.014,30.934,88.650
6.013,30.864,88.639
6.015,30.986,88.634
6.013,30.995,88.608
6.014,30.688,88.638
6.013,30.828,88.640
6.012,30.966,88.635
6.014,30.965,88.651
6.014,30.936,88.683
6.014,30.762,88.682
6.013,30.860,88.710
6.014,30.898,88.703
6.014,30.911,88.736
6.014,30.721,88.732
6.013,30.932,88.731
6.014,31.104,88.732
6.013,30.945,88.727
6.014,30.881,88.716
6.015,30.971,88.699
6.015,30.944,88.681
6.015,30.812,88.656
6.015,31.010,88.685
6.012,30.883,88.748
6.013,30.949,88.674
6.013,31.015,88.581
6.012,31.157,88.588
6.011,31.131,88.581
6.014,30.925,88.596
6.012,30.949,88.573
6.012,31.082,88.592
6.012,31.055,88.589
6.012,30.991,88.725
6.014,30.856,88.751
6.014,30.993,88.740
6.013,30.724,88.717
6.013,31.027,88.758
6.013,31.118,88.704
6.014,30.914,88.692
6.015,31.218,88.664
6.014,30.986,88.660
6.012,30.993,88.640
6.014,30.989,88.663
6.014,31.086,88.671
6.013,31.082,88.647
6.012,30.877,88.701
6.014,30.969,88.719
6.013,30.949,88.724
6.014,31.115,88.702
6.013,31.230,88.708
6.014,30.986,88.694
6.012,31.063,88.686
6.013,31.163,88.721
6.011,31.010,88.644
3.678,30.668,85.505
3.676,30.586,85.018
3.065,30.144,84.495
3.064,30.262,84.479
3.064,29.959,84.434
3.065,30.027,84.702
3.065,29.927,85.100
3.066,30.074,85.325
3.065,30.190,85.223
3.066,30.309,85.205
3.065,30.270,85.177
3.064,30.325,85.176
6.010,30.792,88.559
6.009,30.862,89.282
6.010,31.019,89.409
6.010,30.814,89.405
6.009,30.710,89.432
6.009,30.737,89.377
6.010,30.880,89.377
6.011,30.825,89.395
6.010,30.746,89.421
6.010,30.935,89.410
3.064,30.049,86.407
3.064,30.087,84.853
3.064,30.139,84.577
3.064,30.230,84.481
3.064,30.018,84.464
3.064,30.043,84.918
3.065,30.196,85.196
3.064,30.072,85.247
3.065,30.115,85.266
3.064,30.061,85.233
3.062,29.992,85.255
3.063,30.152,85.311
3.063,30.193,85.353
6.011,30.798,89.349
6.010,30.858,89.536
6.010,30.611,89.546
6.010,30.785,89.556
6.011,30.800,89.579
6.011,30.582,89.551
6.010,30.732,89.600
6.012,30.959,89.512
6.011,30.746,89.486
3.063,30.199,86.044
3.064,30.291,85.497
3.064,29.982,85.329
3.064,29.991,85.261
3.063,30.105,85.275
3.064,30.055,85.308
3.064,30.078,85.296
3.064,30.157,85.314
3.065,30.169,85.274
3.064,30.294,85.285
3.065,30.055,85.290
3.063,30.101,85.334
3.063,30.325,85.360
6.011,31.055,88.578
6.011,31.003,88.754
6.013,30.961,88.847
6.012,30.840,88.913
6.013,30.982,88.888
6.012,31.028,88.859
6.012,30.888,88.894
6.012,30.762,88.883
6.014,30.921,88.863
2.455,30.000,84.260
2.453,30.299,85.499
2.454,30.038,85.707
2.453,29.993,85.735
2.454,30.128,85.746
2.455,30.105,85.770
2.454,29.952,85.814
2.454,30.065,85.891
2.455,30.321,85.867
2.452,30.151,85.819
2.452,29.899,85.795
2.452,30.049,85.876
2.452,30.410,85.959
6.011,31.240,88.842
6.011,30.978,88.903
6.012,31.058,88.888
6.013,31.298,88.910
6.012,31.241,88.934
6.012,31.211,88.910
6.013,30.855,88.909
6.011,30.992,88.905
6.012,31.190,88.933
2.454,30.300,87.776
2.454,29.994,85.657
2.453,30.032,85.144
2.453,30.333,84.516
2.453,30.151,84.207
2.453,30.296,84.154
2.453,30.330,84.147
2.453,30.203,84.141
2.454,30.622,84.185
2.453,30.403,84.181
2.453,30.393,84.169
2.452,30.295,84.174
2.453,30.248,84.225
6.011,31.107,88.764
6.013,31.066,88.857
6.011,31.037,88.917
6.011,31.324,88.959
6.012,31.253,88.950
6.014,31.137,88.892
6.012,31.044,88.917
6.012,31.199,88.889
6.015,31.189,88.868
6.014,31.253,88.883
6.013,31.358,88.933
6.014,31.120,88.932
6.014,31.114,88.873
6.013,31.010,88.823
6.015,31.124,88.833
6.013,31.013,88.829
6.014,30.947,88.836
6.014,31.086,88.798
6.014,31.307,88.829
6.015,31.114,88.853
6.015,31.105,88.868
6.015,31.061,88.892
6.014,31.107,88.882
6.014,31.384,88.891
6.014,31.155,88.902
6.014,30.982,88.866
6.013,31.109,88.830
6.014,31.095,88.814
6.012,31.260,88.849
6.014,30.931,88.850
6.013,31.166,88.863
6.014,31.054,88.909
6.014,31.128,88.940
6.014,30.931,88.931
6.015,31.056,88.938
6.015,30.956,88.967
6.015,30.873,88.959
6.015,31.090,88.922
6.016,31.214,88.949
6.016,30.894,88.959
6.016,31.051,88.949
6.015,31.007,88.989
6.014,30.927,88.980
6.015,30.890,88.982
6.013,30.915,88.957
6.013,31.111,88.977
6.014,31.301,88.957
6.015,31.081,88.935
6.014,31.007,88.936
6.015,30.313,88.621
6.013,30.944,88.635
6.010,30.773,88.885
6.011,30.863,89.111
2.455,30.472,86.298
2.453,30.738,84.664
2.453,30.600,84.287
2.454,30.356,84.210
2.454,30.567,84.151
2.454,30.380,84.112
2.454,30.604,84.122
2.454,30.515,84.095
2.454,30.278,84.108
2.453,30.328,84.113
2.454,30.331,84.114
2.454,30.506,84.169
2.454,30.579,84.232
6.014,31.143,88.856
6.012,30.968,88.829
6.013,31.135,88.844
6.014,31.230,88.893
6.013,30.843,88.910
6.013,30.937,88.891
6.014,31.084,88.944
6.015,31.146,88.859
6.015,31.267,88.873
2.454,30.105,85.045
2.454,30.359,84.186
2.454,30.491,84.181
2.454,30.452,84.197
2.455,30.614,84.176
2.454,30.677,84.154
2.454,30.404,84.189
2.454,30.472,84.203
2.454,30.570,84.196
2.454,30.571,84.179
2.453,30.527,84.198
2.454,30.434,84.169
2.455,30.268,84.171
6.012,31.468,89.019
6.012,31.222,88.748
6.012,31.205,88.773
6.013,31.226,88.840
6.014,31.106,88.822
6.011,31.255,88.881
6.012,31.164,88.836
6.012,30.861,88.825
6.013,30.964,88.787
2.454,30.565,85.014
2.454,30.719,84.407
2.454,30.396,84.195
2.453,30.622,83.898
2.454,30.583,83.795
2.454,30.602,83.813
2.454,30.693,83.798
2.454,30.664,83.760
2.453,30.920,84.067
2.453,30.717,83.902
2.453,30.449,83.864
2.453,30.643,83.849
2.453,30.659,83.855
6.011,31.200,89.487
6.013,31.352,89.268
6.013,31.271,89.278
6.014,31.016,89.411
6.014,31.476,89.312
6.014,31.305,89.312
6.014,31.187,89.323
6.014,31.351,89.350
6.013,31.361,89.363
2.454,30.570,84.213
2.454,30.511,83.957
2.454,30.572,83.900
2.454,30.487,83.853
2.453,30.617,83.864
2.454,30.500,83.890
2.453,30.602,83.895
2.454,30.596,83.885
2.454,30.593,83.883
2.453,30.744,83.864
2.453,30.646,83.877
2.454,30.508,83.899
2.453,30.567,83.950
6.012,31.266,88.963
6.012,31.385,89.086
6.014,31.205,89.158
6.014,31.429,89.254
6.013,31.400,89.170
6.013,31.447,89.211
6.015,31.261,89.161
6.015,31.388,89.173
6.013,31.130,89.144
2.454,30.700,84.226
2.455,30.686,84.001
2.454,30.914,83.960
2.455,30.923,83.940
2.454,30.502,83.975
2.454,30.425,83.958
2.454,30.532,83.956
2.454,30.654,84.002
2.453,30.930,83.973
2.453,30.664,83.941
2.453,30.782,83.965
2.453,30.562,83.976
2.454,30.918,83.949
6.013,31.333,88.829
6.013,31.281,89.238
6.015,31.117,89.220
6.015,30.902,89.250
6.014,31.243,89.215
6.015,31.169,89.276
6.014,30.996,89.237
6.014,31.233,89.267
6.016,31.474,89.102
6.015,31.091,89.295
6.016,31.467,89.344
6.014,31.343,89.337
6.016,31.211,89.394
6.017,31.528,89.329
6.018,31.290,89.231
6.017,31.434,89.289
6.019,31.372,89.333
6.017,31.473,89.343
6.018,31.165,89.304
6.016,31.460,89.324
6.016,31.395,89.321
6.015,31.195,89.308
6.017,31.237,89.291
6.014,31.199,89.315
6.014,31.529,89.325
6.012,31.383,89.315
6.015,31.202,89.333
6.013,31.307,89.358
6.012,31.287,89.358
6.013,31.352,89.306
6.014,31.135,89.388
6.014,31.490,89.426
6.015,30.952,89.391
6.016,31.127,89.468
6.017,31.343,89.477
6.018,30.984,89.444
6.016,31.208,89.388
6.015,31.057,89.422
6.017,31.237,89.435
6.018,31.296,89.408
6.019,31.189,89.419
6.016,30.985,89.395
6.014,31.310,89.433
6.014,31.147,89.428
6.015,31.042,89.391
6.014,31.163,89.374
6.015,31.096,89.425
6.015,30.896,89.432
6.015,30.959,89.427
6.014,31.189,89.467
6.014,31.015,89.463
6.014,31.224,89.500
6.014,31.314,89.490
2.760,30.651,85.451
2.760,30.433,84.675
2.761,30.511,84.430
2.760,30.602,84.340
2.761,30.495,84.343
2.760,30.590,84.324
2.760,30.564,84.296
2.760,30.513,84.286
2.760,30.531,84.290
2.760,30.416,84.288
2.759,30.358,84.360
2.759,30.531,84.357
2.759,30.512,84.374
6.013,31.118,90.432
6.014,31.067,90.049
6.014,30.850,90.028
6.012,30.998,90.013
6.013,31.026,89.953
6.012,30.915,89.950
6.011,31.091,89.950
6.012,31.012,90.019
6.012,31.083,90.001
2.760,30.534,85.525
2.759,30.403,84.538
2.759,30.579,84.293
2.759,30.476,84.237
2.759,30.426,84.181
2.759,30.450,84.180
2.758,30.244,84.164
2.759,30.337,84.264
2.759,30.375,84.554
2.759,30.279,84.638
2.758,30.262,84.655
2.759,30.307,84.694
2.759,30.366,84.785
6.010,30.919,89.876
6.011,30.948,90.053
6.012,31.204,90.080
6.013,30.945,90.141
6.013,31.030,90.155
6.013,30.871,90.165
6.015,31.197,90.130
6.015,31.029,90.071
6.014,30.773,90.095
2.760,30.254,85.341
2.760,30.380,84.690
2.760,30.241,84.495
2.761,30.488,84.500
2.760,30.325,84.450
2.760,30.265,84.452
2.759,30.346,84.415
2.758,30.140,84.439
2.757,30.107,84.487
2.757,30.682,84.532
2.757,30.571,84.583
2.758,30.378,84.634
2.758,30.474,84.666
6.011,31.256,89.305
6.013,30.948,89.745
6.014,31.129,89.836
6.014,31.306,89.882
6.013,31.238,89.822
6.013,31.074,89.808
6.014,31.025,89.844
6.014,31.096,89.768
6.014,31.178,89.743
2.760,30.032,86.898
2.758,30.551,84.719
2.758,30.453,84.409
2.757,30.460,84.361
2.758,30.377,84.368
2.757,30.678,84.400
2.758,30.486,84.471
2.758,30.524,84.552
2.758,30.415,84.522
2.758,30.792,84.562
2.759,30.666,84.558
2.758,30.646,84.542
2.759,30.787,84.544
6.013,31.346,89.633
6.012,31.001,89.753
6.013,30.831,89.793
6.014,31.090,89.870
6.013,30.986,89.787
6.013,31.025,89.831
6.015,30.924,89.643
6.014,30.852,89.715
6.011,30.468,89.499
2.758,30.101,85.904
2.757,30.392,84.623
2.756,30.522,83.994
2.755,30.385,83.906
2.756,30.440,83.920
2.757,30.335,83.921
2.757,30.545,83.901
2.757,30.493,83.894
2.757,30.484,83.875
2.756,30.637,83.913
2.758,30.382,83.964
2.757,30.576,83.971
2.757,30.499,84.076
6.010,31.252,89.508
6.012,31.196,89.857
6.013,31.234,89.933
6.013,30.798,89.936
6.012,31.012,89.887
6.012,31.147,89.883
6.011,31.214,89.936
6.011,31.004,89.863
6.012,31.057,89.914
6.014,31.103,89.925
6.013,31.094,89.917
6.013,30.992,89.910
6.015,30.935,89.880
6.014,31.183,89.871
6.014,31.232,89.866
6.016,31.191,89.838
6.015,31.147,89.827
6.014,31.037,89.843
6.016,31.036,89.842
6.014,31.254,89.866
6.013,31.304,89.855
6.014,30.871,89.850
6.012,31.056,89.856
6.014,31.193,89.856
6.013,31.034,89.846
6.014,31.156,89.852
6.013,31.085,89.850
6.012,31.056,89.837
6.012,31.273,89.882
6.011,31.101,89.846
6.014,31.474,89.598
6.014,31.173,89.527
6.014,31.180,89.526
6.015,31.185,89.573
6.015,31.155,89.592
6.013,31.159,89.500
6.015,31.312,89.564
6.012,31.092,89.566
6.013,31.237,89.577
6.013,30.803,89.528
6.014,31.117,89.590
6.014,31.015,89.551
6.014,30.892,89.543
6.014,31.295,89.511
6.015,31.014,89.441
6.014,31.296,89.448
6.013,31.303,89.477
6.014,31.321,89.497
6.013,31.438,89.515
6.013,31.333,89.513
6.012,31.335,89.529
6.013,31.136,89.538
6.014,31.279,89.530
2.760,30.129,84.192
2.760,30.689,83.943
2.759,30.336,83.907
2.759,30.478,83.960
2.759,30.308,83.955
2.758,30.283,83.978
2.759,30.457,84.067
2.759,30.472,84.186
2.758,30.449,84.161
2.758,30.602,84.153
2.759,30.303,84.225
2.758,30.460,84.289
2.759,30.615,84.278
5.490,31.207,88.206
5.491,31.155,88.487
5.491,31.104,88.538
5.491,31.020,88.500
5.490,30.953,88.495
5.490,30.960,88.492
5.491,31.082,88.485
5.489,31.207,88.481
5.490,30.955,88.451
5.490,31.028,88.433
5.490,31.062,88.417
5.490,30.864,88.424
5.491,31.117,88.488
5.491,31.040,88.500
5.493,31.276,88.496
5.492,31.043,88.512
5.493,30.916,88.474
5.492,31.288,88.452
5.492,31.025,88.457
5.491,31.056,88.451
5.491,31.033,88.392
5.491,31.119,88.427
5.493,31.138,88.445
5.491,31.363,88.466
5.491,31.173,88.486
5.490,31.001,88.470
5.490,31.185,88.419
5.489,31.198,88.423
5.490,31.163,88.427
5.489,31.287,88.464
5.490,30.914,88.443
5.490,30.938,88.448
5.490,31.080,88.480
5.492,30.968,88.471
5.492,30.922,88.500
5.493,31.032,88.473
5.494,30.916,88.470
5.493,31.073,88.429
5.493,31.037,88.435
5.492,30.882,88.424
5.492,31.198,88.452
5.492,31.159,88.437
5.493,30.915,88.446
5.491,30.868,88.418
5.493,31.111,88.412
5.493,31.229,88.385
5.491,31.112,88.379
5.492,31.162,88.389
5.492,31.154,88.384
5.490,30.859,88.476
5.491,30.811,88.457
5.491,31.167,88.507
5.491,30.904,88.503
5.491,31.001,88.373
5.491,31.130,88.410
5.493,31.000,88.438
5.492,30.998,88.417
5.497,30.909,88.483
5.493,30.938,88.412
5.492,30.993,88.365
5.492,30.838,88.370
5.492,30.973,88.342
5.493,30.844,88.380
5.492,30.926,88.418
5.490,30.745,88.401
5.491,30.697,88.433
5.490,30.741,88.405
5.489,30.900,88.511
5.490,30.927,88.488
5.489,30.949,88.472
5.488,30.958,88.416
5.490,30.802,88.433
5.491,31.009,88.438
5.490,30.803,88.447
5.490,30.784,88.460
5.490,30.848,88.486
5.490,31.329,88.409
5.490,31.334,88.363
5.491,31.183,88.372
5.493,31.111,88.405
5.491,31.437,88.352
5.493,31.314,88.198
5.492,31.543,88.147
5.491,31.301,88.201
5.490,31.199,88.211
5.489,31.147,88.156
5.488,31.279,88.252
5.488,31.154,88.307
5.490,31.493,88.385
5.490,31.454,88.382
5.490,31.287,88.359
5.489,31.332,88.331
5.490,31.387,88.310
5.491,31.331,88.309
5.491,31.293,88.316
5.489,31.349,88.294
3.065,30.693,84.215
3.065,30.556,84.929
3.066,30.742,84.965
3.065,30.726,85.018
3.065,30.552,85.041
3.065,30.516,85.085
3.066,30.676,85.106
3.064,30.615,85.074
3.064,30.465,85.082
3.063,30.550,85.088
3.064,30.501,85.091
3.064,30.690,85.108
3.065,30.425,85.137
3.064,30.586,85.039
3.064,30.432,85.095
3.064,30.487,85.130
3.065,30.469,85.158
3.062,30.584,85.159
3.063,30.604,85.226
3.064,30.688,85.268
3.065,30.577,85.205
3.063,30.567,85.275
3.065,30.702,85.322
5.491,30.962,89.013
5.490,30.961,88.761
5.492,31.074,88.764
5.491,30.895,88.777
5.491,31.041,88.760
5.493,30.961,88.763
5.492,30.982,88.748
5.491,30.935,88.755
5.491,31.124,88.776
5.491,31.117,88.739
5.489,31.155,88.815
5.491,30.996,88.701
5.491,31.177,88.704
5.491,30.881,88.749
5.489,30.890,88.787
5.491,31.195,88.749
5.489,31.056,88.762
5.490,31.050,88.800
5.489,31.143,88.840
5.490,30.949,88.866
5.490,31.003,88.833
5.490,31.205,88.854
3.064,30.659,85.414
3.064,30.644,84.723
3.064,30.459,84.574
3.064,30.322,84.631
3.064,30.587,84.639
3.063,30.608,84.709
3.062,30.708,84.696
3.064,30.556,84.719
3.063,30.632,84.701
3.063,30.636,84.745
3.063,30.523,84.557
3.062,30.508,84.644
3.062,30.588,84.708
5.487,31.080,88.500
5.488,30.873,88.725
5.489,30.900,88.795
5.489,30.928,88.802
5.489,31.083,88.805
5.489,30.875,88.812
5.490,30.932,88.837
5.489,30.958,88.793
5.491,30.946,88.787
3.064,30.595,85.270
3.065,30.690,84.759
3.065,30.678,84.606
3.064,30.506,84.581
3.064,30.584,84.551
3.064,30.561,84.614
3.064,30.634,84.664
3.065,30.493,84.661
3.064,30.744,84.638
3.064,30.620,84.662
3.063,30.665,84.680
3.063,30.488,84.898
3.065,30.771,85.064
5.486,31.306,88.610
5.488,31.200,88.852
5.489,31.076,88.901
5.490,31.156,88.909
5.489,31.405,88.888
5.488,31.411,88.874
5.489,31.225,88.794
5.488,31.187,88.846
5.490,31.244,88.829
3.064,30.704,85.856
3.064,30.546,84.891
3.064,30.665,84.676
3.064,30.499,84.550
3.064,30.380,84.541
3.064,30.600,84.539
3.065,30.767,84.558
3.063,30.623,84.749
3.065,30.765,84.685
3.065,30.527,84.670
3.065,30.715,84.711
3.064,30.758,84.702
3.064,30.565,84.700
5.491,31.270,87.941
5.490,31.291,88.143
5.491,31.129,88.123
5.491,31.157,88.242
5.490,31.217,88.233
5.490,31.234,88.157
5.490,30.930,88.189
5.491,31.160,88.156
5.490,31.250,88.116
2.759,30.655,86.852
2.759,30.621,85.564
2.759,30.825,85.389
2.760,30.610,85.338
2.759,30.625,85.303
2.759,30.635,85.305
2.760,30.680,85.343
2.759,30.675,85.264
2.759,30.550,85.276
2.759,30.699,85.397
2.759,30.687,85.401
2.758,30.579,85.426
2.758,30.616,85.460
5.490,31.363,88.799
5.489,31.177,88.812
5.490,31.172,88.820
5.490,31.276,88.825
5.490,31.061,88.900
5.489,31.046,88.884
5.489,31.219,88.887
5.490,31.067,88.838
5.491,31.252,88.865
3.065,30.574,85.435
3.066,30.889,84.817
3.065,30.798,84.694
3.064,30.725,84.624
3.065,30.531,84.653
3.064,30.680,84.707
3.064,30.723,84.710
3.064,30.750,84.730
3.064,30.843,84.704
3.062,30.726,84.610
3.062,30.732,84.696
3.061,30.421,84.740
3.062,30.658,84.710
5.489,31.363,88.866
5.490,31.221,89.012
5.489,31.443,89.033
5.488,31.506,89.088
5.488,31.365,89.163
5.487,31.404,89.197
5.488,31.440,89.077
5.488,31.265,88.967
5.490,31.582,88.953
5.491,31.287,88.981
5.490,31.244,88.948
5.490,31.417,88.950
5.489,31.283,88.916
5.489,31.405,88.910
5.489,31.283,88.909
5.490,31.158,88.842
5.487,31.142,88.612
5.488,31.160,88.662
5.486,31.260,88.734
5.486,31.043,88.814
5.487,30.967,88.945
5.487,31.306,88.899
5.488,31.222,88.901
5.487,30.988,88.911
5.487,31.314,88.886
5.488,31.277,88.936
5.487,31.141,88.948
5.487,31.088,88.956
5.488,31.266,88.932
5.486,31.184,88.936
5.487,31.076,88.895
5.487,31.161,88.943
5.487,30.776,88.933
5.489,31.073,88.958
5.488,31.140,88.969
5.489,31.174,88.944
5.488,31.154,88.910
5.490,31.408,88.847
5.489,31.156,88.844
5.491,31.318,88.902
5.491,31.245,88.900
5.489,31.142,88.923
5.490,31.113,88.927
5.492,31.079,88.963
5.489,31.073,88.943
5.490,31.147,88.936
5.490,31.106,88.930
5.490,31.147,88.926
5.488,31.232,88.904
5.489,31.328,88.917
5.491,31.057,88.890
5.489,31.167,88.894
5.489,31.248,88.874
3.065,30.676,86.048
3.062,30.747,85.574
3.064,30.505,85.501
3.064,30.892,85.514
3.065,30.611,85.498
3.065,30.878,85.518
3.064,30.789,85.503
3.064,30.610,85.486
3.063,30.460,85.477
3.062,30.729,85.499
3.062,30.676,85.512
3.062,30.748,85.619
3.062,30.573,86.292
6.009,31.220,90.104
6.010,31.466,89.971
6.013,31.168,89.994
6.012,31.124,89.846
6.011,31.236,89.793
6.009,31.131,89.827
6.010,31.407,89.819
6.011,31.063,89.774
6.012,31.249,89.808
3.062,30.656,86.208
3.063,30.662,85.575
3.063,30.627,85.457
3.065,30.803,85.491
3.065,30.551,85.567
3.064,30.772,85.537
3.065,30.576,85.503
3.065,30.553,85.725
3.064,30.856,85.610
3.065,30.614,85.593
3.064,30.534,85.743
3.063,30.491,86.022
3.063,30.542,86.123
6.009,31.181,90.289
6.009,31.407,89.801
6.009,31.340,89.756
6.009,31.066,89.767
6.008,31.320,89.845
6.010,31.372,89.920
6.010,31.195,89.948
6.009,31.110,89.940
6.009,31.177,89.914
6.011,30.951,89.856
6.010,31.214,89.772
6.011,31.380,89.843
6.013,31.291,89.852
6.013,31.347,89.871
6.013,31.301,89.865
6.014,31.198,89.886
6.015,31.237,89.800
6.013,31.187,89.799
6.011,31.128,89.821
6.012,31.153,90.030
6.012,31.114,89.761
6.011,31.156,89.792
6.013,31.332,89.781
6.011,31.371,89.776
6.012,31.466,89.761
6.011,31.287,89.769
6.011,31.363,89.725
6.011,31.406,89.729
6.011,31.295,89.730
6.011,31.179,89.738
6.011,31.206,89.708
6.011,31.385,89.634
6.012,31.429,89.659
6.013,31.471,89.781
6.014,31.404,89.884
6.015,31.395,89.848
6.017,31.361,89.797
6.017,31.561,89.711
6.015,31.367,89.619
6.013,31.140,89.627
6.013,31.372,89.625
6.013,31.213,89.623
6.012,31.289,89.688
6.010,31.064,89.653
6.013,31.340,89.676
6.013,31.193,89.745
6.012,31.564,89.725
6.012,31.016,89.689
6.012,31.270,89.672
6.012,31.349,89.660
6.012,31.242,89.654
6.010,31.307,89.697
6.011,31.427,89.688
6.012,31.416,89.689
2.758,30.599,85.827
2.758,30.819,84.882
2.758,30.480,84.660
2.758,30.745,84.629
2.758,30.645,84.649
2.758,30.661,84.653
2.758,30.532,84.681
2.758,30.892,84.672
2.757,30.602,84.690
2.757,30.843,84.667
2.757,30.529,84.708
2.757,30.671,84.707
6.011,31.378,89.253
6.013,31.186,89.937
6.014,31.206,90.023
6.013,31.372,89.994
6.012,31.112,90.036
6.012,31.120,90.008
6.012,31.268,89.965
6.012,31.086,89.962
6.012,31.081,89.916
6.011,31.243,89.954
6.011,31.060,89.941
6.013,31.309,89.918
6.013,31.335,89.911
6.014,30.948,89.876
6.014,31.056,89.891
6.012,31.128,89.897
6.012,31.050,89.908
6.013,31.144,89.919
6.013,31.169,89.913
6.013,31.321,89.909
6.014,31.068,89.924
6.014,31.139,89.878
6.013,31.131,89.901
6.012,31.062,89.927
6.012,31.138,89.923
6.013,31.149,89.900
6.013,31.437,89.895
6.012,31.134,89.863
6.011,31.130,89.921
6.012,30.998,89.937
6.011,31.043,89.961
6.012,31.098,89.959
6.012,31.034,89.942
6.012,31.053,89.964
6.014,31.143,89.952
6.013,30.939,89.927
6.012,31.087,89.980
6.014,31.242,89.919
6.014,31.147,89.925
6.014,31.365,89.954
6.014,31.073,89.935
6.014,31.341,89.972
6.013,31.216,89.948
6.014,31.379,89.965
6.012,31.334,89.960
6.014,31.259,89.984
6.014,31.249,89.964
6.014,31.033,89.934
6.015,31.081,89.940
6.012,30.904,89.902
6.013,31.197,89.891
6.012,31.173,89.953
6.012,30.800,89.918
4.229,31.404,89.236
3.062,31.253,86.805
3.064,31.301,86.659
3.065,31.387,86.868
3.066,31.282,86.859
3.068,31.061,86.990
3.067,30.981,87.029
3.066,31.015,86.921
3.065,30.792,87.012
3.066,30.967,86.911
3.066,30.965,86.976
3.065,30.901,86.939
3.064,30.795,86.932
6.012,31.624,90.215
6.013,31.597,90.001
6.014,31.105,90.091
6.013,31.402,90.061
6.013,31.443,90.082
6.012,31.487,90.060
6.012,31.525,90.020
6.011,31.599,90.011
6.011,32.118,89.974
3.678,31.361,86.261
3.678,31.515,85.458
3.678,31.402,85.449
3.679,31.431,85.464
3.679,31.286,85.673
3.678,31.496,85.696
3.678,31.485,85.761
3.678,31.488,85.825
3.678,31.485,85.855
3.677,31.489,85.810
3.678,31.833,85.848
3.678,31.633,85.972
3.677,31.309,85.981
6.012,32.146,89.823
6.013,31.785,89.905
6.012,31.928,89.929
6.013,31.788,89.898
6.013,31.618,89.947
6.014,31.675,89.893
6.013,31.709,89.834
6.013,31.883,89.857
6.015,31.872,89.950
6.015,31.874,89.872
6.014,32.070,89.893
6.012,31.964,89.871
6.015,31.721,89.796
6.015,31.811,89.699
6.013,31.609,89.676
6.013,31.680,89.683
6.014,31.834,89.715
6.014,31.818,89.750
6.013,31.860,89.709
6.014,31.851,89.795
6.013,31.811,89.847
6.014,31.757,89.823
6.012,31.561,89.741
6.013,31.645,89.741
6.013,31.612,89.746
6.012,31.289,89.471
6.010,31.699,89.499
6.010,31.957,89.555
6.010,31.631,89.659
6.010,31.704,89.795
6.010,31.748,89.848
6.010,31.582,89.508
6.008,31.537,89.537
6.010,31.375,89.261
6.009,30.491,88.057
6.010,30.497,87.796
6.010,30.659,88.048
6.011,30.716,88.451
6.011,31.485,88.455
6.011,31.487,87.677
6.012,30.420,88.066
6.012,30.503,89.032
6.010,30.535,89.090
6.012,30.690,89.097
6.009,30.652,88.968
6.011,30.935,89.022
6.011,30.856,89.059
6.012,30.872,89.068
6.011,30.892,89.081
6.011,30.874,89.128
6.012,30.914,89.119
6.012,30.814,89.113
6.012,30.847,89.101
6.011,31.089,89.106
6.012,30.978,89.170
6.012,31.015,89.191
6.013,30.974,89.608
6.013,31.012,89.631
6.014,31.016,89.596
6.014,30.913,89.543
6.015,31.024,89.502
6.016,31.033,89.524
6.016,30.865,89.517
6.014,30.855,89.532
6.015,30.730,89.538
6.016,31.197,89.536
6.016,31.003,89.529
6.015,31.015,89.572
6.012,30.863,89.472
6.012,31.124,89.377
6.010,30.921,89.502
6.011,30.872,89.509
6.011,30.999,89.557
6.011,30.930,89.506
6.011,30.971,89.551
6.013,30.832,89.628
6.012,30.827,89.659
6.013,30.754,89.671
6.015,30.866,89.648
6.013,30.783,89.656
6.013,30.701,89.657
6.014,30.790,89.604
6.013,30.879,89.565
6.013,30.940,89.585
6.013,30.870,89.573
6.011,30.895,89.599
6.013,30.855,89.666
6.013,31.252,89.664
6.014,30.935,89.630
6.013,31.014,89.659
6.013,31.070,89.670
6.014,30.721,89.686
6.013,30.942,89.648
6.012,31.087,89.635
6.012,31.001,89.661
6.011,30.821,89.654
6.014,30.647,89.621
6.012,30.962,89.669
6.013,31.233,89.694
6.012,30.972,89.682
6.013,30.899,89.658
6.014,30.998,89.699
6.014,30.997,89.657
6.015,30.851,89.634
6.015,30.850,89.621
6.014,30.920,89.584
6.016,30.957,89.594
6.014,31.109,89.637
6.014,30.964,89.636
6.013,30.550,89.585
6.012,30.688,89.704
6.012,30.805,89.681
6.012,30.644,89.676
6.013,30.806,89.685
6.010,30.862,89.671
6.013,30.873,89.671
6.013,30.842,89.641
6.013,30.537,89.582
6.013,31.012,89.485
4.262,30.735,86.525
4.262,30.319,86.668
4.260,30.520,86.652
4.262,30.469,86.738
4.262,30.267,86.793
4.263,30.555,86.792
4.262,30.425,86.733
4.263,30.454,86.763
4.264,30.502,86.805
4.263,30.193,86.838
4.262,30.685,86.945
4.262,30.359,86.941
4.262,30.758,86.944
6.010,30.981,89.760
6.012,30.837,89.790
6.011,30.903,89.812
6.013,30.979,89.792
6.013,30.789,89.768
6.012,30.745,89.808
6.012,30.834,89.842
6.012,31.006,89.848
6.011,30.997,89.848
4.261,30.283,87.222
4.261,30.369,87.072
4.261,30.486,87.086
4.262,30.551,87.155
4.263,30.539,87.138
4.261,30.585,87.105
4.261,30.507,87.112
4.261,30.487,87.137
4.261,30.455,87.115
4.261,30.569,87.094
4.262,30.778,87.128
4.261,30.700,87.158
4.261,30.646,87.171
6.014,30.810,89.546
6.013,30.623,89.579
6.014,30.888,89.653
6.012,30.727,89.725
6.015,30.660,89.731
6.012,30.875,89.596
6.013,30.920,89.542
6.012,30.878,89.573
6.013,31.063,89.537
4.294,30.331,86.602
4.294,30.444,86.384
4.294,30.439,86.391
4.294,30.469,86.381
4.294,30.306,86.449
4.295,30.564,86.473
4.293,30.442,86.450
4.294,30.412,86.484
4.293,30.457,86.478
4.294,30.657,86.512
4.294,30.374,86.495
4.294,30.759,86.466
4.295,30.692,86.441
6.013,31.152,89.477
6.013,30.912,89.646
6.013,30.909,89.634
6.012,30.771,89.584
6.013,30.999,89.536
6.013,30.843,89.556
6.012,30.718,89.578
6.011,30.650,89.565
6.012,31.048,89.604
6.014,30.951,89.615
6.013,30.768,89.608
6.013,30.657,89.608
6.012,30.915,89.646
6.012,30.959,89.693
6.014,30.932,89.683
6.015,30.915,89.635
6.014,30.845,89.559
6.014,30.866,89.542
6.014,30.852,89.488
6.014,30.935,89.526
6.014,31.110,89.601
6.012,30.761,89.595
6.013,30.786,89.583
6.014,31.016,89.558
6.014,30.918,89.552
6.014,31.140,89.538
6.014,30.713,89.528
6.013,30.673,89.514
6.012,30.982,89.500
6.013,30.916,89.524
6.014,30.854,89.719
3.678,30.391,86.879
3.677,30.717,86.598
3.678,30.555,86.599
3.678,30.603,86.617
3.678,30.497,86.635
3.679,30.673,86.636
3.680,30.645,86.658
3.679,30.636,86.592
3.680,30.568,86.621
3.678,30.597,86.612
3.678,30.621,86.614
3.679,30.715,86.634
3.679,30.731,86.655
6.012,31.250,89.607
6.013,31.091,89.728
6.012,31.222,89.731
6.013,31.054,89.740
6.013,31.322,89.743
6.013,31.076,89.782
6.012,30.946,89.776
6.014,31.417,89.779
6.015,31.112,89.739
6.013,31.087,89.721
6.013,31.166,89.705
6.015,31.013,89.728
6.013,30.765,89.719
6.012,31.131,89.730
6.014,31.138,89.744
6.015,31.011,89.745
6.014,31.129,89.726
6.013,30.983,89.672
6.013,31.398,89.712
6.014,31.104,89.765
6.013,31.141,89.793
6.013,31.150,89.754
6.014,31.225,89.756
6.013,31.283,89.753
6.015,31.080,89.702
6.014,31.026,89.644
6.014,30.853,89.629
6.015,31.076,89.679
6.014,31.138,89.680
6.014,31.209,89.645
6.014,30.941,89.674
6.014,31.206,89.596
6.014,31.193,89.630
6.014,30.987,89.655
6.014,31.037,89.669
6.014,30.857,89.678
6.015,31.279,89.701
6.015,31.013,89.640
6.014,31.025,89.640
6.015,31.001,89.647
6.013,31.122,89.662
6.015,31.199,89.675
6.014,31.132,89.681
6.013,31.254,89.712
6.016,31.361,89.710
6.016,31.220,89.663
6.017,31.156,89.680
6.016,30.977,89.670
6.014,31.137,89.639
6.014,31.331,89.661
6.014,31.269,89.649
6.013,31.172,89.644
6.014,31.191,89.681
3.064,30.409,85.046
3.064,30.331,84.703
3.064,30.432,84.718
3.063,30.682,84.625
3.370,30.479,85.295
3.370,30.406,85.912
3.370,30.290,86.002
3.370,30.367,85.989
3.065,30.423,85.001
3.064,30.452,84.915
3.062,30.323,84.813
3.063,30.334,84.919
3.063,30.083,84.905
6.010,30.985,89.463
6.011,30.863,89.837
6.011,30.843,89.883
6.011,30.992,89.871
6.010,31.012,89.855
6.012,30.694,89.815
6.012,31.073,89.755
6.011,30.987,89.709
6.014,31.021,89.583
3.063,30.363,85.676
3.062,30.370,85.387
3.369,30.647,85.383
3.368,30.298,85.900
3.368,30.346,86.058
3.674,30.401,86.878
3.063,30.391,86.414
3.063,30.205,85.904
3.063,30.142,85.714
3.063,30.337,85.663
3.063,30.402,85.628
3.064,30.067,85.614
3.063,30.248,85.575
6.010,30.996,89.575
6.009,31.075,89.800
6.010,30.666,89.776
6.009,30.569,89.801
6.010,30.971,89.845
6.012,30.901,89.757
6.010,30.927,89.755
6.011,30.830,89.788
6.012,30.824,89.763
3.065,30.341,85.805
3.063,30.385,85.639
3.063,30.529,85.650
3.063,30.419,85.654
3.064,30.389,85.727
3.064,30.433,85.753
3.064,30.436,85.759
3.064,30.132,85.796
3.064,30.274,85.759
3.063,30.087,85.701
3.063,30.190,85.675
3.063,30.340,85.833
3.062,30.342,85.914
6.010,31.171,89.827
6.012,30.824,89.901
6.011,30.760,89.877
6.011,30.944,89.920
6.012,30.819,89.928
6.011,31.021,89.941
6.010,30.824,89.916
6.011,30.977,89.866
6.010,31.061,89.804
3.063,30.643,85.924
3.064,30.367,85.697
3.064,30.444,85.665
3.064,30.448,85.679
3.065,30.282,85.745
3.065,30.306,85.769
3.063,30.550,85.811
3.066,30.407,85.762
3.064,30.511,85.804
3.063,30.474,85.859
3.064,30.545,85.838
3.064,30.631,85.839
3.064,30.540,85.844
6.012,30.930,90.139
6.012,30.962,89.892
6.012,31.268,89.920
6.011,30.960,89.919
6.009,30.848,89.886
6.010,31.011,89.852
6.010,31.007,89.851
6.012,30.825,89.842
6.010,30.834,89.786
2.452,30.428,85.967
2.452,30.770,85.477
2.452,30.616,85.128
2.452,30.468,85.075
2.452,30.482,85.124
2.452,30.425,85.157
2.452,30.502,85.136
2.452,30.445,85.403
2.453,30.630,85.316
2.452,30.410,85.235
2.452,30.426,85.188
2.451,30.508,85.167
2.451,30.450,85.084
5.793,31.063,89.879
5.795,30.993,89.676
5.795,30.959,89.617
5.795,30.988,89.592
5.795,31.224,89.596
5.796,30.729,89.570
5.797,30.642,89.548
5.795,31.021,89.549
5.797,31.128,89.542
5.797,31.057,89.521
5.798,31.141,89.526
5.798,30.940,89.515
5.797,30.748,89.557
5.797,31.102,89.570
5.798,31.088,89.564
5.797,30.916,89.561
5.798,31.253,89.523
5.796,30.953,89.345
5.796,31.091,89.480
5.794,30.976,89.536
5.795,31.139,89.581
5.796,31.032,89.522
5.796,30.965,89.522
5.795,31.045,89.554
5.795,30.882,89.532
5.795,31.044,89.542
5.796,30.874,89.539
5.794,31.009,89.515
5.795,31.263,89.525
5.794,30.884,89.520
5.796,31.038,89.521
5.796,31.030,89.530
5.796,31.092,89.524
5.797,30.945,89.563
5.797,30.912,89.540
5.798,30.824,89.562
5.797,31.169,89.527
5.797,31.076,89.540
5.798,31.118,89.526
5.796,31.345,89.551
5.799,31.053,89.527
5.799,30.887,89.495
5.798,31.113,89.506
5.798,30.909,89.517
5.797,31.000,89.526
5.797,31.091,89.515
5.796,30.659,89.472
5.797,30.971,89.581
5.796,31.100,89.569
5.796,30.909,89.584
5.796,31.330,89.573
5.797,30.924,89.569
5.796,30.880,89.590
2.453,30.619,85.748
2.740,30.624,84.984
3.064,29.819,86.890
3.062,30.441,86.341
3.062,30.755,86.503
3.062,30.509,86.642
3.063,30.705,86.585
3.063,30.384,86.732
3.063,31.343,86.855
3.063,31.426,86.924
3.063,30.937,86.692
3.062,31.400,86.862
3.061,31.386,87.035
6.010,31.910,89.295
6.011,31.651,89.250
6.012,31.800,89.299
6.012,31.675,89.258
6.011,31.726,89.267
6.011,31.874,89.288
6.012,31.554,89.337
6.012,31.334,89.315
6.011,31.475,88.962
3.063,30.859,85.880
3.063,31.153,86.035
3.064,31.126,86.073
3.065,31.222,86.089
3.065,31.200,86.045
3.063,31.337,86.053
3.064,31.092,86.094
3.065,31.301,86.127
3.063,31.415,86.052
3.676,29.078,86.702
2.452,30.558,84.899
2.451,30.583,84.155
2.452,30.639,84.032
6.011,31.416,88.783
6.011,31.002,89.198
6.012,31.011,89.257
6.012,31.096,89.328
6.012,31.175,89.259