CD,FI3312A,FI3312B,TI3302A
6.011,28.951,31.324,88.364
6.011,29.264,31.376,88.354
6.010,29.071,31.471,88.328
6.011,28.901,31.488,88.278
6.010,29.470,31.255,88.282
6.010,28.899,31.488,88.299
6.009,29.830,31.422,88.306
6.010,29.386,31.237,88.346
6.012,28.743,31.218,88.393
6.011,29.800,31.945,88.373
6.011,29.270,31.809,88.357
6.012,29.961,31.762,88.421
6.012,29.879,31.659,88.439
6.012,29.725,31.858,88.431
6.013,29.813,31.651,88.396
6.013,29.557,31.742,88.361
6.012,29.290,31.712,88.294
6.012,29.925,31.818,88.271
6.010,29.241,31.740,88.275
6.010,29.681,31.765,88.288
6.010,29.142,31.715,88.255
6.010,29.298,31.897,88.294
6.011,29.059,31.589,88.228
6.011,29.117,31.553,88.225
6.013,29.427,31.693,88.252
6.010,29.546,31.426,88.245
6.013,29.228,31.669,88.274
6.011,29.797,31.628,88.270
6.011,29.202,31.619,88.224
6.010,29.889,31.618,88.310
6.009,30.111,31.623,88.358
6.011,29.567,31.794,88.386
6.011,30.072,31.575,88.397
6.011,29.515,31.719,88.443
6.011,29.994,31.522,88.431
6.012,29.883,31.464,88.354
6.012,30.079,31.625,88.307
6.011,29.927,31.625,88.315
6.011,30.014,31.683,88.327
6.011,29.860,31.689,88.321
6.010,29.207,31.854,88.318
6.011,30.153,31.720,88.286
6.010,29.336,31.732,88.277
6.011,29.938,31.471,88.314
6.011,29.709,31.518,88.315
6.011,29.848,31.652,88.331
6.012,29.865,31.480,88.229
6.010,29.822,31.757,88.266
6.010,29.350,31.809,88.249
6.011,29.032,31.636,88.242
6.010,29.507,31.816,88.280
6.010,29.250,31.747,88.326
6.009,29.188,31.567,88.341
6.010,29.134,31.706,88.359
6.010,30.097,31.798,88.419
6.012,29.530,31.741,88.426
6.011,29.899,31.708,88.445
5.060,29.387,31.815,88.065
3.677,19.479,31.181,85.175
4.046,23.984,31.319,84.885
6.012,28.577,31.586,88.300
6.011,28.484,31.510,88.554
6.010,28.446,31.503,88.575
6.011,28.329,31.678,88.555
6.010,27.753,31.552,88.549
6.010,28.433,31.608,88.575
6.010,28.556,31.651,88.509
6.009,28.170,31.415,88.491
6.012,28.441,31.667,88.471
6.009,28.648,31.483,88.496
6.010,28.739,31.502,88.469
6.010,28.685,31.542,88.506
6.010,28.684,31.374,88.509
6.010,28.042,31.452,88.519
6.012,28.647,31.537,88.550
6.011,28.417,31.405,88.542
6.013,28.206,31.685,88.537
6.014,28.456,31.623,88.554
6.014,28.625,31.786,88.552
6.014,28.144,31.516,88.581
6.014,28.357,31.622,88.549
6.013,28.299,31.644,88.486
6.012,28.677,31.869,88.460
6.012,28.317,31.703,88.373
6.011,28.421,31.511,88.402
6.011,28.425,31.615,88.499
6.011,28.584,31.748,88.488
6.010,28.543,31.415,88.431
6.010,28.699,31.573,88.433
6.010,28.726,31.570,88.404
6.011,28.474,31.516,88.382
6.011,28.203,31.812,88.378
6.011,28.749,31.553,88.400
6.010,28.584,31.512,88.408
6.011,28.536,31.521,88.422
6.011,28.668,31.672,88.447
6.012,28.322,31.910,88.491
6.012,28.105,31.575,88.506
6.013,28.082,31.492,88.539
6.014,28.614,31.631,88.544
6.011,28.229,31.568,88.570
6.013,28.162,31.677,88.582
6.013,28.717,31.682,88.527
6.012,28.133,31.631,88.478
6.012,28.385,31.604,88.473
6.012,28.042,31.586,88.517
6.011,28.329,31.632,88.508
6.011,28.327,31.889,88.491
6.012,28.382,31.796,88.494
6.013,28.440,31.860,88.491
6.013,28.840,31.910,88.475
6.012,28.451,31.620,88.437
6.012,28.558,31.726,88.440
6.013,28.407,31.512,88.435
6.010,28.575,31.777,88.446
6.012,28.434,31.565,88.421
6.013,28.526,31.723,88.446
6.012,27.914,31.618,88.479
6.013,28.344,31.761,88.536
6.013,28.152,31.778,88.554
6.013,28.672,31.778,88.541
6.014,28.268,31.614,88.551
6.012,28.547,31.534,88.589
6.014,28.533,31.539,88.592
6.015,28.676,31.638,88.562
6.014,28.669,31.428,88.515
6.014,28.709,31.459,88.436
6.013,28.440,31.645,88.435
6.014,28.378,31.656,88.450
6.015,27.937,31.651,88.495
6.014,28.757,31.393,88.487
6.012,28.627,31.654,88.511
6.014,28.269,31.402,88.496
6.012,28.679,31.559,88.469
6.011,28.002,31.593,88.476
6.011,28.409,31.742,88.466
6.012,28.631,31.809,88.489
6.011,28.049,31.598,88.454
6.012,28.019,31.854,88.464
6.011,28.472,31.638,88.451
4.293,21.429,31.593,86.606
4.261,21.012,31.283,86.421
4.260,21.204,31.373,86.438
4.261,20.972,31.301,86.457
4.261,20.943,31.219,86.450
4.260,21.051,31.054,86.450
4.262,21.199,31.101,86.403
4.261,21.199,30.986,86.408
4.260,21.132,31.254,86.383
4.260,21.202,30.869,86.349
4.260,20.859,31.298,86.334
4.260,21.158,31.353,86.344
4.260,20.921,31.068,86.364
6.011,29.296,31.746,88.273
6.012,29.263,31.697,88.269
6.011,29.439,31.422,88.109
6.011,29.432,31.336,88.213
6.009,29.368,31.577,88.314
6.010,29.432,31.352,88.326
6.009,29.070,31.435,88.318
6.009,29.342,31.384,88.384
6.011,29.524,31.461,88.348
6.010,29.266,31.600,88.326
6.010,29.445,31.470,88.373
6.011,29.362,31.448,88.368
6.011,29.362,31.590,88.355
6.011,29.376,31.705,88.353
6.012,29.405,31.464,88.357
6.012,29.501,31.716,88.353
6.012,29.420,31.585,88.383
6.011,29.432,31.599,88.346
6.011,29.492,31.573,88.363
6.011,29.440,31.747,88.345
6.011,29.367,31.801,88.653
6.011,29.387,31.623,88.645
6.014,29.651,31.846,88.756
6.010,29.713,31.758,88.716
6.011,29.678,31.768,88.729
6.011,29.071,31.613,88.717
6.014,29.342,31.519,88.709
6.012,29.572,31.440,88.699
6.012,29.480,31.268,88.713
6.011,29.570,31.447,88.748
6.011,29.608,31.734,88.740
6.012,29.546,31.605,88.710
6.013,29.434,31.574,88.705
6.014,29.722,31.756,88.758
6.013,29.646,31.926,88.762
6.013,29.686,31.480,88.736
6.012,29.553,31.363,88.752
6.013,29.561,31.534,88.735
6.013,29.594,31.621,88.701
6.013,29.489,31.559,88.731
6.012,29.687,31.637,88.708
6.011,29.799,31.668,88.683
6.011,29.747,31.545,88.718
6.011,29.646,31.702,88.698
6.011,29.567,31.612,88.679
6.009,29.634,31.653,88.690
6.010,29.689,31.676,88.673
6.012,29.766,31.835,88.688
6.011,29.016,31.698,88.673
6.010,29.659,31.576,88.659
6.013,29.651,31.587,88.662
6.011,29.542,31.648,88.659
6.011,29.754,31.417,88.680
6.012,29.660,31.740,88.754
6.012,29.614,31.834,88.791
6.012,29.651,31.708,88.751
6.012,29.629,31.578,88.807
6.012,29.706,31.606,88.746
6.013,29.688,31.493,88.758
6.013,29.768,31.628,88.700
6.013,29.371,31.510,88.691
6.012,29.794,31.767,88.700
6.011,29.729,31.961,88.730
6.012,29.739,31.677,88.729
6.010,29.609,31.665,88.724
6.011,29.779,31.902,88.730
6.010,29.855,31.607,88.704
6.010,29.452,31.715,88.716
6.009,29.569,31.586,88.710
6.011,29.593,31.798,88.690
6.010,29.628,31.618,88.694
6.011,29.589,31.640,88.674
6.011,29.603,31.376,88.656
6.011,29.475,31.473,88.687
6.011,29.611,31.665,88.701
6.009,29.788,31.415,88.725
6.012,29.575,31.661,88.765
6.013,29.811,31.632,88.774
6.012,29.771,31.707,88.799
6.012,29.858,31.785,88.793
6.013,29.653,31.538,88.740
6.013,29.628,31.879,88.693
6.012,29.581,31.652,88.672
6.013,29.923,31.695,88.701
6.012,29.814,31.622,88.683
6.012,29.946,31.648,88.691
6.011,29.757,31.673,88.720
6.011,29.159,31.625,88.760
6.013,29.740,31.826,88.742
6.010,29.676,31.757,88.712
6.010,29.733,31.734,88.700
6.011,29.712,31.676,88.729
6.010,29.706,31.539,88.725
6.012,29.393,31.502,88.696
6.011,29.062,31.638,88.695
6.010,29.618,31.541,88.715
6.011,29.589,31.630,88.728
6.010,29.627,31.560,88.784
6.013,29.661,32.056,88.809
6.013,29.770,31.377,88.825
6.013,29.732,31.794,88.835
6.012,29.698,31.629,88.825
6.014,29.836,31.716,88.809
6.014,29.826,31.750,88.766
6.014,29.826,31.419,88.684
6.013,29.792,31.796,88.651
6.014,29.900,31.516,88.700
6.012,29.660,31.561,88.735
6.012,29.830,31.595,88.795
6.011,29.721,31.862,88.775
6.012,29.740,31.666,88.757
6.012,29.673,31.512,88.732
6.011,29.550,31.699,88.727
6.012,29.689,31.623,88.703
6.015,29.792,31.855,88.727
6.013,29.020,31.800,88.726
6.011,29.716,31.711,88.728
6.013,29.441,31.787,88.734
6.012,29.691,31.510,88.736
6.013,29.687,31.754,88.775
6.013,29.685,31.517,88.786
6.014,29.417,31.762,88.842
6.014,29.636,31.622,88.841
6.015,29.220,31.731,88.829
6.015,29.702,31.542,88.779
6.013,29.838,31.638,88.708
6.014,29.437,31.756,88.672
6.013,29.711,31.650,88.660
6.013,29.716,31.722,88.714
6.011,29.872,31.724,88.737
6.010,29.534,31.561,88.688
6.012,29.662,31.511,88.717
6.012,29.779,31.826,88.700
6.011,29.797,31.477,88.737
6.012,29.658,31.484,88.704
6.013,29.796,31.592,88.731
6.014,29.657,31.547,88.710
6.013,28.938,31.558,88.722
6.013,29.738,31.583,88.717
6.013,29.799,31.622,88.758
6.014,29.755,31.636,88.764
6.013,29.377,31.702,88.814
5.982,29.848,31.648,88.765
6.013,29.983,31.639,88.838
6.013,29.619,31.740,88.853
6.014,29.812,31.757,88.847
6.012,29.805,31.496,88.829
6.014,29.460,31.637,88.794
6.013,29.581,31.632,88.786
6.013,29.093,31.548,88.699
6.012,29.074,31.755,88.662
6.013,29.739,31.343,88.693
6.012,29.652,31.608,88.759
6.012,29.318,31.716,88.709
6.014,29.391,31.446,88.720
6.011,29.652,31.408,88.739
6.011,29.854,31.823,88.781
6.011,29.724,31.686,88.756
6.011,29.670,31.626,88.744
6.011,29.902,31.700,88.727
6.010,29.674,31.475,88.748
6.010,29.809,31.603,88.751
6.013,29.853,31.644,88.731
6.014,29.491,31.725,88.718
6.014,29.191,31.956,88.750
6.013,29.838,31.675,88.775
6.013,29.721,31.619,88.793
6.014,29.699,31.552,88.839
6.015,29.632,31.662,88.828
6.015,29.731,31.495,88.735
6.014,29.660,31.598,88.692
6.014,29.831,31.741,88.567
6.014,29.720,31.742,88.581
6.012,29.850,31.733,88.633
6.014,29.896,31.654,88.714
6.013,29.310,31.646,88.706
6.013,29.722,31.784,88.631
6.012,29.623,31.718,88.645
6.013,29.874,31.703,88.681
6.012,29.696,31.464,88.619
6.011,29.819,31.439,88.635
6.011,29.421,31.627,88.627
6.014,28.992,31.613,88.626
6.013,29.603,31.593,88.626
6.011,29.857,31.506,88.671
6.012,29.677,31.752,88.732
6.013,29.820,31.532,88.783
6.014,29.793,31.480,88.762
6.014,29.100,31.691,88.752
6.014,29.802,31.287,88.739
6.014,29.717,31.506,88.765
6.013,29.163,31.686,88.737
6.015,29.245,31.679,88.768
6.014,29.497,31.584,88.710
6.014,29.715,31.815,88.705
6.013,29.701,31.464,88.694
6.012,29.571,31.743,88.719
6.013,29.419,31.884,88.738
6.013,29.356,31.698,88.792
6.014,29.452,31.753,88.794
6.012,29.591,31.672,88.775
6.013,29.549,31.688,88.796
6.010,29.619,31.723,88.762
6.012,28.791,31.661,88.750
6.012,28.755,31.582,88.733
6.011,29.130,31.899,88.746
6.011,29.317,31.902,88.776
6.013,29.526,31.681,88.794
6.012,29.570,31.550,88.815
6.013,29.336,31.369,88.806
6.012,29.337,31.274,88.880
6.014,28.833,31.578,88.900
6.014,29.452,31.651,88.845
6.013,29.428,31.654,88.833
6.013,28.829,31.456,88.833
6.013,29.487,31.562,88.751
6.013,29.581,31.733,88.754
6.013,28.759,31.590,88.761
6.012,29.202,31.704,88.787
6.013,29.785,31.673,88.784
6.012,29.126,31.405,88.814
6.012,29.557,31.661,88.786
6.012,28.791,31.468,88.777
6.010,29.557,31.455,88.758
6.012,29.210,31.575,88.758
6.010,28.844,31.709,88.751
6.010,29.370,31.731,88.764
6.010,29.650,31.610,88.759
6.010,28.880,31.494,88.791
6.011,29.533,31.647,88.774
6.011,29.681,31.572,88.806
6.012,29.297,31.622,88.807
6.011,29.524,31.535,88.733
6.010,29.537,31.502,88.625
6.009,29.551,31.410,88.591
6.009,29.432,31.447,88.638
6.009,29.474,31.821,88.728
6.009,29.807,31.817,88.727
6.010,29.388,31.790,88.755
6.011,29.645,31.548,88.757
6.010,29.413,31.799,88.803
6.009,28.950,31.503,88.765
6.010,29.465,31.488,88.721
6.009,29.523,31.495,88.745
6.009,29.504,31.472,88.739
6.010,29.493,31.434,88.755
6.012,29.334,31.181,88.783
6.011,29.350,31.691,88.766
6.012,29.502,31.570,88.776
6.011,28.884,31.690,88.790
6.009,29.607,31.539,88.804
6.010,29.567,31.465,88.820
6.012,29.121,31.484,88.854
6.013,29.570,31.512,88.849
6.014,29.756,31.727,88.872
6.015,29.204,31.422,88.882
6.014,29.448,31.612,88.865
6.014,29.793,31.702,88.843
6.014,29.051,31.489,88.803
6.013,29.548,31.395,88.774
6.013,28.800,31.610,88.767
6.013,29.766,31.327,88.736
6.013,29.565,31.506,88.780
6.015,29.637,31.459,88.789
6.014,29.347,31.557,88.784
6.013,29.463,31.644,88.800
6.011,29.521,31.700,88.794
6.012,29.565,31.873,88.774
6.011,29.616,31.603,88.778
6.013,29.228,31.910,88.772
6.011,29.665,31.817,88.752
6.011,29.651,31.741,88.750
6.009,29.745,31.736,88.642
6.012,29.652,31.816,88.801
6.013,29.478,32.003,88.804
6.011,29.697,31.814,88.803
6.016,29.642,31.752,88.862
6.015,29.706,31.876,88.851
6.015,28.958,31.747,88.853
6.014,29.492,31.430,88.756
6.014,29.706,31.636,88.819
6.014,29.560,31.661,88.801
6.012,29.648,31.832,88.814
6.013,29.724,31.625,88.794
6.013,29.430,31.406,88.768
6.014,29.530,31.368,88.810
6.013,29.511,31.481,88.864
6.012,29.840,31.463,88.814
6.013,29.507,31.607,88.814
6.012,29.550,31.484,88.807
6.011,29.323,30.950,88.558
6.009,29.451,31.072,88.412
6.010,29.880,31.540,88.645
6.010,29.620,31.373,88.686
6.010,28.909,31.402,88.752
6.012,28.940,31.530,88.814
6.011,29.025,31.499,88.827
6.012,29.726,31.373,88.722
6.012,29.892,31.752,88.743
6.013,29.876,31.401,88.793
6.013,29.947,31.402,88.795
6.014,29.890,31.711,88.789
6.013,29.982,31.763,88.798
6.012,29.031,31.512,88.776
6.012,29.894,31.807,88.770
6.012,29.991,31.894,88.722
6.013,29.840,31.774,88.724
6.012,30.008,31.784,88.747
6.012,29.813,31.679,88.815
6.012,29.829,31.884,88.800
6.013,29.880,31.468,88.774
6.012,29.345,31.367,88.753
6.012,29.858,31.462,88.773
6.011,29.747,31.305,88.751
6.013,29.889,31.412,88.763
6.013,29.387,31.628,88.755
6.012,29.690,31.538,88.784
6.014,29.549,31.612,88.792
6.013,29.694,31.651,88.866
6.013,29.943,31.737,88.846
6.013,29.750,31.892,88.837
6.014,29.836,31.707,88.851
6.014,29.810,31.471,88.826
6.014,29.913,31.663,88.795
6.013,29.746,31.502,88.769
6.013,29.712,31.783,88.756
6.013,29.829,31.519,88.813
6.012,29.958,31.612,88.843
6.013,29.769,31.784,88.819
6.013,29.882,31.494,88.814
6.013,29.559,31.586,88.882
6.014,29.712,31.533,88.821
6.012,29.778,31.460,88.787
6.012,29.831,31.567,88.745
6.012,29.909,31.561,88.795
6.011,29.797,31.489,88.795
6.012,29.702,31.477,88.802
6.012,29.845,31.451,88.838
6.010,29.229,31.452,88.613
6.010,29.687,31.687,88.690
6.011,29.873,31.732,88.703
6.009,29.682,31.624,88.702
6.011,29.700,31.665,88.740
6.011,29.519,31.550,88.861
6.011,29.688,31.806,88.886
6.013,29.658,31.490,88.861
6.012,29.432,31.599,88.864
6.012,29.612,31.561,88.829
6.012,29.234,31.578,88.873
6.012,29.137,31.579,88.801
6.011,29.355,31.247,88.763
6.011,29.839,31.692,88.780
6.015,29.223,31.774,88.772
6.012,29.820,31.674,88.797
6.012,29.864,31.635,88.755
6.012,29.632,31.569,88.734
6.013,29.251,31.569,88.745
6.012,29.774,31.629,88.731
6.012,29.458,31.538,88.732
6.013,29.850,31.382,88.734
6.012,29.828,31.549,88.774
6.012,29.779,31.464,88.800
6.011,29.837,31.384,88.819
6.012,28.960,31.344,88.823
6.013,29.165,31.584,88.874
6.014,28.988,31.571,88.858
6.014,29.866,31.465,88.836
6.013,29.632,31.535,88.802
6.013,29.892,31.485,88.779
6.013,29.794,31.509,88.783
6.014,29.879,31.742,88.767
6.012,29.760,31.318,88.748
6.013,29.833,31.507,88.755
6.012,29.581,31.508,88.738
6.013,29.923,31.641,88.780
6.012,29.805,31.560,88.757
6.012,29.929,31.768,88.774
6.010,30.042,31.617,88.760
6.011,29.624,31.552,88.774
6.011,29.737,31.472,88.794
6.011,29.685,31.625,88.804
6.011,29.795,31.533,88.793
6.013,29.800,31.601,88.809
6.013,29.632,31.569,88.896
6.013,29.927,31.628,88.898
6.013,29.745,31.543,88.861
6.013,29.967,31.523,88.863
6.014,29.680,31.641,88.899
6.014,29.835,31.739,88.912
6.014,29.902,31.640,88.886
6.014,29.106,31.542,88.863
6.012,29.825,31.559,88.812
6.012,29.953,31.404,88.796
6.012,29.880,31.776,88.778
6.012,29.827,31.510,88.801
6.013,29.881,31.617,88.803
6.012,29.723,31.655,88.832
6.014,29.804,31.665,88.830
6.013,29.780,31.547,88.820
6.015,29.824,31.429,88.769
6.015,29.736,31.495,88.784
6.013,29.651,31.521,88.752
6.014,29.802,31.815,88.799
6.012,29.889,31.575,88.785
6.013,29.913,31.651,88.811
6.013,29.889,31.603,88.859
6.013,30.014,31.708,88.894
6.014,29.381,31.516,88.913
6.014,29.884,31.521,88.960
6.015,29.805,31.622,88.982
6.015,29.656,31.828,88.946
6.014,29.671,31.487,89.021
6.015,29.827,31.519,88.878
6.013,29.814,31.535,88.868
6.012,29.620,31.760,88.851
6.012,29.835,31.742,88.849
6.013,29.701,31.453,88.892
6.013,29.968,31.548,88.925
6.013,29.913,31.663,88.836
6.012,29.818,31.510,88.814
6.012,29.673,31.378,88.792
6.014,29.864,31.662,88.793
6.012,29.684,31.559,88.816
6.012,29.837,31.513,88.840
6.012,29.990,31.680,88.830
6.013,29.902,31.491,88.840
6.013,29.907,31.591,88.822
6.014,29.575,31.699,88.844
6.014,29.987,31.561,88.890
6.013,29.971,31.597,88.904
6.015,29.678,31.690,88.971
6.015,29.772,31.848,88.958
6.015,29.872,31.713,88.928
6.014,29.737,31.715,88.900
6.014,29.734,31.555,88.884
6.012,30.046,31.799,88.865
6.014,29.790,31.453,88.838
6.013,29.737,31.674,88.850
6.014,29.760,31.636,88.806
6.015,29.981,31.628,88.836
6.012,29.637,31.596,88.892
6.013,29.738,31.651,88.874
6.012,29.519,31.387,88.865
6.013,29.561,31.655,88.857
6.013,29.132,31.803,88.877
6.014,29.943,31.589,88.835
6.012,29.858,31.723,88.860
6.013,29.158,31.760,88.884
6.013,29.986,31.834,88.901
2.547,15.496,30.883,85.618
2.455,15.722,30.885,85.085
2.331,17.235,30.878,85.072
6.011,28.539,29.879,88.579
6.013,28.528,29.749,88.804
6.012,28.539,30.292,88.589
6.013,28.022,30.227,88.639
6.013,28.458,30.748,88.702
6.014,28.536,30.403,88.680
6.013,28.134,30.608,88.563
6.013,28.091,30.712,88.566
6.012,27.955,30.616,88.701
3.047,16.188,30.184,86.559
2.454,14.097,29.611,84.373
2.454,13.972,29.744,84.099
2.455,13.949,29.995,84.076
2.454,13.973,29.776,84.050
2.453,13.973,29.690,83.987
2.454,13.976,29.674,84.038
2.453,13.893,29.426,84.007
2.452,13.781,29.889,84.037
2.454,13.851,29.941,84.079
2.452,13.858,29.765,84.032
2.453,13.784,29.628,83.983
2.452,13.747,29.399,83.947
6.012,28.888,30.458,88.426
6.012,28.566,30.233,88.906
6.012,28.278,30.391,88.819
6.013,28.608,30.807,88.785
6.014,28.223,30.146,88.807
6.012,28.359,30.573,88.840
6.014,28.875,29.766,88.857
6.013,28.528,30.302,88.902
6.012,28.434,30.501,88.900
4.294,25.381,29.749,89.166
2.452,14.447,30.687,85.107
2.451,14.397,30.935,84.424
2.454,14.474,30.775,84.836
2.453,14.476,30.316,85.091
2.453,14.416,30.525,85.100
2.452,14.328,30.879,85.066
2.453,14.412,30.793,85.244
2.453,14.446,30.558,85.313
2.453,14.507,30.761,85.316
2.453,14.500,30.699,85.275
2.453,14.492,30.567,85.266
2.453,14.473,30.525,85.259
6.012,30.025,31.576,88.721
6.011,30.045,31.801,88.731
6.012,29.969,31.543,88.779
6.012,29.975,31.607,88.846
6.011,30.036,31.478,88.842
6.011,30.133,31.433,88.853
6.012,30.031,31.910,88.880
6.012,30.106,31.382,88.879
6.013,30.203,32.019,88.851
2.456,14.873,31.256,86.254
2.454,14.511,30.867,84.898
2.455,14.567,30.977,84.641
2.454,14.543,31.034,84.436
2.454,14.424,30.682,84.257
2.452,14.295,30.755,84.209
2.454,14.431,31.026,84.333
2.453,14.490,30.703,84.407
2.453,14.262,30.429,84.178
2.451,14.206,30.784,84.125
2.450,14.210,30.836,84.269
2.451,14.247,30.592,84.208
2.451,14.314,30.619,84.178
6.010,29.725,31.066,88.583
6.010,29.682,31.544,88.881
6.011,29.735,31.150,88.926
6.009,29.627,31.202,88.980
6.011,29.938,31.426,88.969
6.011,29.572,31.622,88.959
6.010,29.863,30.827,88.965
6.009,29.761,31.078,88.984
6.011,29.943,31.252,88.835
3.372,18.977,30.628,86.505
2.452,13.220,30.570,84.218
2.454,13.314,30.687,83.729
2.455,13.367,30.890,83.624
2.456,13.552,30.898,83.621
2.456,13.592,31.165,83.645
2.455,14.006,31.017,83.732
2.455,14.140,31.060,84.240
2.455,14.100,31.082,84.244
2.454,14.074,30.700,84.287
2.455,14.030,31.073,84.234
2.454,14.023,30.528,84.173
2.453,13.964,30.570,84.060
6.010,29.561,31.508,88.979
6.010,28.799,31.395,88.883
6.011,29.264,31.302,88.944
6.011,29.392,31.356,89.050
6.011,29.243,31.362,89.065
6.008,28.773,31.347,89.028
6.008,29.241,31.158,88.983
6.010,29.291,31.129,88.950
6.010,29.094,31.285,88.974
6.010,29.171,31.357,89.081
6.008,29.270,31.538,89.071
6.012,29.215,31.143,89.139
6.011,28.541,31.056,89.182
6.012,29.190,31.379,89.133
6.013,28.871,31.056,89.105
6.010,29.234,31.225,89.091
6.012,29.182,31.103,89.062
6.010,29.097,31.343,89.018
6.010,29.027,30.960,89.020
6.009,28.429,30.874,88.983
6.008,29.008,30.712,88.977
6.007,29.036,30.868,88.970
6.006,29.088,30.896,88.968
6.006,29.161,31.276,88.926
6.005,29.094,30.727,89.206
6.006,29.192,30.798,89.271
6.006,29.207,30.760,89.285
6.005,29.080,30.633,89.229
6.005,29.081,30.571,89.201
6.003,29.079,30.721,89.168
6.003,29.005,30.342,89.195
6.005,28.967,30.888,89.278
6.006,29.225,30.957,89.356
6.009,29.308,30.828,89.414
6.011,29.096,31.000,89.486
6.011,29.198,30.875,89.443
6.010,29.254,30.981,89.389
6.012,29.387,31.209,89.427
6.013,29.420,31.040,89.499
6.013,29.380,31.231,89.387
6.012,29.237,31.156,89.331
6.011,29.236,31.512,89.329
6.012,29.355,31.349,89.364
6.011,29.199,30.963,89.350
6.010,29.233,30.899,89.367
6.009,29.016,30.853,89.317
6.009,29.131,30.815,89.287
6.008,28.879,30.862,89.251
6.009,29.191,30.857,89.244
6.008,29.399,30.982,89.272
6.008,29.229,30.911,89.276
6.008,29.174,30.724,89.267
6.007,28.961,30.944,89.300
6.009,29.309,31.044,89.410
6.011,29.250,30.561,89.107
6.012,28.861,30.256,88.865
6.012,28.337,30.620,89.063
6.014,28.432,30.744,89.436
6.013,28.366,30.598,89.369
6.012,28.314,30.306,89.368
6.012,28.089,30.705,89.541
6.013,28.296,30.793,89.162
6.013,28.996,30.780,88.602
6.012,28.486,30.728,89.220
6.012,28.629,30.610,89.610
6.013,28.467,30.850,89.617
6.012,28.045,30.927,89.653
6.009,29.037,30.651,89.512
6.011,29.345,30.683,89.542
6.012,28.782,30.577,89.549
6.010,29.381,30.324,89.528
6.011,29.546,30.550,89.525
6.011,29.500,30.691,89.514
6.010,29.414,30.379,89.548
6.010,29.394,30.313,89.573
6.012,28.964,30.595,89.619
6.013,29.598,30.664,89.646
6.013,28.819,30.590,89.644
6.013,28.900,30.659,89.727
6.015,29.511,30.811,89.693
6.016,29.499,30.851,89.692
6.016,29.515,30.719,89.635
6.014,29.478,30.925,89.628
6.015,29.514,30.815,89.604
6.013,29.594,30.583,89.580
6.012,29.591,30.900,89.558
6.013,29.500,30.576,89.554
6.011,29.362,30.758,89.582
6.011,29.476,30.653,89.620
6.014,29.126,30.552,89.640
6.014,29.373,30.785,89.633
6.013,28.789,30.739,89.617
6.014,29.406,30.420,89.605
6.013,29.621,30.581,89.574
6.011,29.026,30.605,89.552
6.011,28.861,30.795,89.558
6.012,29.559,30.218,89.545
6.014,29.643,30.807,89.600
6.015,28.862,30.464,89.674
6.017,29.613,30.726,89.681
6.015,29.548,30.656,89.704
6.015,29.659,30.602,89.690
6.017,29.593,30.429,89.667
6.017,29.482,30.640,89.629
6.015,28.901,30.312,89.640
6.014,28.685,30.470,89.608
6.013,29.552,30.558,89.580
6.014,28.837,30.586,89.531
6.013,29.008,30.471,89.557
6.014,29.603,30.485,89.624
6.012,29.589,30.656,89.627
6.013,28.778,30.696,89.644
6.014,29.422,30.614,89.599
6.013,29.551,30.649,89.592
6.013,29.568,30.387,89.552
6.014,29.649,30.627,89.570
6.013,28.599,30.564,89.552
6.013,29.505,30.540,89.549
6.013,29.591,30.199,89.546
3.677,18.954,30.308,87.715
3.678,18.999,30.264,87.449
3.678,18.981,29.986,87.534
3.678,18.975,30.170,87.531
3.679,18.976,29.942,87.535
3.678,18.977,29.981,87.533
3.678,18.956,29.895,87.552
3.677,18.954,29.880,87.574
3.677,18.909,29.847,87.422
3.677,18.902,30.000,87.419
3.677,18.906,30.090,87.445
3.678,18.894,30.075,87.496
3.677,18.904,30.210,87.527
6.012,28.606,30.441,88.960
6.013,28.562,30.416,88.699
6.010,28.523,30.515,88.699
6.010,28.305,30.453,88.718
6.012,28.377,30.367,88.729
6.013,28.242,30.285,88.719
6.012,28.530,30.329,88.696
6.011,28.627,30.305,88.692
6.011,28.261,30.154,88.667
3.677,18.999,30.372,87.506
3.677,19.255,30.203,87.491
3.679,19.253,30.382,87.529
3.678,19.377,30.471,87.576
3.678,19.341,30.281,87.527
3.677,19.350,30.199,87.472
3.679,19.353,30.286,87.418
3.677,19.270,30.248,87.392
3.676,19.006,30.157,86.879
3.676,18.946,30.366,86.759
3.676,18.557,30.252,86.760
3.675,19.214,29.924,87.251
3.676,19.181,30.280,88.055
6.012,28.093,30.797,89.175
6.010,28.283,30.495,88.798
6.011,28.484,30.260,88.784
6.011,28.060,30.607,88.783
6.012,28.229,30.594,88.775
6.011,28.349,30.475,88.764
6.011,28.226,30.699,88.753
6.010,28.368,30.564,88.776
6.012,28.453,30.518,88.720
6.011,28.598,30.782,88.808
6.014,28.711,30.705,88.801
6.013,28.720,30.712,88.808
6.014,28.566,30.448,88.808
6.014,28.141,30.555,88.812
6.015,28.740,30.678,88.806
6.012,28.274,30.527,89.417
6.013,28.332,30.485,89.350
6.014,28.668,30.458,89.319
6.014,28.490,30.431,89.280
6.013,28.937,30.398,89.271
6.012,28.882,30.493,89.258
6.012,28.811,30.526,89.337
6.012,28.806,30.746,89.367
6.014,28.768,30.478,89.373
6.012,28.847,30.349,89.352
6.012,28.392,30.548,89.361
6.011,28.743,30.445,89.380
6.011,28.881,30.161,89.383
6.013,28.842,30.156,89.364
6.012,28.649,30.393,89.385
6.012,28.748,30.431,89.646
6.012,28.825,30.459,89.651
6.013,28.744,30.265,89.671
6.012,28.872,30.364,89.628
6.013,28.776,30.466,89.630
6.013,28.861,30.450,89.675
6.013,28.852,30.499,89.682
6.013,28.937,30.217,89.618
6.013,28.958,30.448,89.664
6.013,28.919,30.295,89.679
6.014,28.883,30.404,89.588
6.015,28.503,30.451,89.634
6.012,29.008,30.528,89.650
6.012,28.838,30.326,89.636
6.014,28.983,30.350,89.646
6.014,28.888,30.047,89.637
6.014,29.005,30.054,89.638
6.012,28.509,30.185,89.609
6.013,28.646,30.240,89.595
6.014,28.861,30.142,89.610
6.012,28.844,30.225,89.642
6.012,28.857,30.109,89.636
6.011,28.992,30.256,89.654
6.012,28.653,30.335,88.721
6.012,28.847,30.100,88.729
6.013,28.041,30.281,88.748
6.013,28.503,30.006,88.733
6.013,28.130,30.081,88.738
6.013,28.861,30.369,88.709
6.014,28.596,30.186,88.736
6.013,28.166,30.154,88.705
6.012,28.744,30.219,88.701
6.013,28.621,30.279,88.902
6.012,28.134,30.162,88.985
6.013,28.562,30.132,89.009
6.013,28.816,30.316,88.997
6.012,28.283,30.311,88.994
6.013,28.914,30.207,88.997
6.014,28.829,30.338,89.004
6.015,28.869,30.304,89.002
6.014,28.809,30.119,88.983
6.014,28.537,30.265,88.965
6.013,28.176,30.164,88.980
6.012,28.266,30.171,88.990
6.013,28.827,30.173,88.907
6.012,28.474,30.034,89.039
6.013,28.949,30.160,89.037
6.013,28.801,30.080,89.075
6.013,28.805,30.252,88.982
6.015,28.912,30.198,88.695
6.015,28.445,30.072,88.680
6.016,28.043,30.231,88.709
6.015,28.869,30.169,88.680
6.014,28.597,30.225,88.638
6.015,28.139,30.000,88.617
6.014,28.801,30.154,88.613
6.014,28.258,30.066,88.624
6.014,28.227,30.155,88.580
6.014,28.576,29.964,88.773
6.014,28.785,30.173,88.992
6.014,28.328,29.973,89.001
6.014,28.495,29.992,88.983
6.012,28.856,30.266,88.977
6.012,28.254,30.072,88.969
6.013,28.755,29.755,88.965
6.015,28.485,30.074,88.977
6.012,28.463,29.922,88.964
6.012,28.883,30.134,88.996
6.013,28.829,30.168,88.972
6.013,28.486,29.880,89.018
6.015,28.987,29.869,89.053
6.017,28.990,30.271,88.992
6.013,29.085,30.147,89.029
6.014,29.143,30.094,89.100
6.015,28.888,30.077,88.757
6.014,28.968,30.118,88.683
6.015,28.303,30.180,88.678
6.015,28.231,30.231,88.670
6.014,28.327,30.377,88.679
6.013,28.710,30.140,88.638
6.015,28.142,30.372,88.645
6.013,28.726,30.066,88.625
6.013,28.845,30.177,88.646
6.014,28.644,30.231,88.643
6.014,28.200,30.091,88.621
6.012,28.355,30.226,88.621
6.013,28.343,30.223,88.629
6.014,28.438,30.088,88.639
6.012,28.746,30.068,88.656
6.013,28.166,30.121,88.675
6.013,28.032,30.105,88.754
6.014,28.381,30.297,88.789
6.014,28.575,30.170,88.795
6.014,28.280,30.119,88.807
6.015,28.891,29.963,88.750
6.016,28.868,30.060,88.739
6.016,28.142,30.016,88.700
6.014,28.854,30.196,88.705
6.016,28.698,30.326,88.702
6.015,28.762,30.227,88.695
6.016,29.055,30.256,88.705
6.014,28.915,30.319,88.707
6.012,28.437,30.335,88.644
6.014,28.790,30.076,88.665
6.014,28.121,30.249,88.663
6.015,28.817,30.134,88.672
6.014,28.662,30.117,88.651
6.014,28.036,30.092,88.652
6.014,28.186,30.406,88.652
6.016,28.838,30.101,88.637
6.017,28.636,30.205,88.630
6.014,29.564,30.052,88.664
6.014,29.317,29.957,88.707
6.018,29.660,29.850,88.693
6.016,29.465,30.117,88.646
6.018,29.205,30.224,88.705
6.017,29.456,29.761,88.681
6.015,29.061,30.058,88.716
6.016,29.575,30.238,88.707
6.015,29.086,29.892,88.672
6.019,29.090,30.123,88.639
6.016,29.478,29.939,88.604
6.017,29.448,30.164,88.593
6.017,28.937,30.131,88.598
6.017,28.655,30.027,88.605
6.014,28.954,29.950,88.590
6.014,28.526,29.990,88.594
6.015,29.200,30.159,88.580
6.014,29.306,29.963,88.604
6.012,28.833,29.810,88.605
6.012,29.280,29.751,88.613
6.013,28.943,29.960,88.674
6.014,29.082,29.876,88.665
6.014,29.550,30.164,88.638
6.014,29.580,29.950,88.673
6.015,29.615,29.861,88.664
6.015,29.371,29.906,88.661
6.015,29.315,29.966,88.714
6.016,29.350,29.951,88.720
6.015,29.294,30.279,88.719
6.016,28.748,29.929,88.679
6.016,29.430,29.893,88.671
6.014,28.919,29.987,88.615
6.014,29.521,30.133,88.634
6.016,29.250,29.832,88.599
6.015,29.439,30.131,88.597
6.015,28.864,30.101,88.592
6.014,29.363,30.078,88.599
6.014,28.628,30.110,88.609
6.015,29.086,30.114,88.605
6.014,29.314,29.954,88.611
6.013,28.689,30.021,88.627
6.014,28.713,30.017,88.541
6.014,29.486,30.003,88.615
6.013,29.621,29.777,88.606
6.014,29.062,29.896,88.641
6.014,29.113,29.827,88.654
6.013,29.092,29.881,88.636
5.211,28.259,29.159,86.310
5.578,28.677,29.793,87.641
6.011,29.023,29.936,88.975
6.013,29.273,30.032,89.048
6.013,29.212,29.770,89.041
6.014,29.125,30.052,88.966
6.013,29.100,30.218,88.948
6.010,29.418,30.144,88.992
6.012,28.666,30.233,89.019
6.014,28.547,30.091,89.047
6.012,29.245,30.057,89.044
6.014,28.692,30.005,88.946
6.015,28.844,30.125,88.965
6.013,28.811,30.036,88.955
6.012,29.325,29.923,88.925
6.013,29.179,29.831,88.927
6.011,28.929,30.163,88.932
6.012,28.946,29.870,88.929
6.011,28.853,29.862,88.986
6.013,29.068,29.916,89.099
6.014,28.818,30.072,89.061
5.672,29.376,29.546,88.002
5.671,29.090,29.721,88.108
6.010,28.572,29.672,89.243
6.008,29.052,29.916,89.281
6.008,28.690,30.105,89.061
6.009,29.254,29.725,89.045
6.010,28.791,29.928,89.050
6.011,29.233,29.955,89.036
6.010,29.396,30.054,89.037
6.010,29.268,29.727,89.033
6.011,29.346,30.000,88.968
6.009,29.185,29.714,89.053
6.010,29.140,29.659,89.069
6.011,28.844,29.621,89.057
6.009,29.187,29.879,89.053
6.009,29.273,29.845,89.044
6.009,29.293,29.825,89.065
6.010,28.715,29.588,89.067
6.010,28.975,29.501,89.060
6.009,28.879,29.601,89.049
6.009,29.182,29.538,89.043
6.010,29.280,29.769,89.067
6.009,29.158,29.444,89.051
6.010,28.602,29.754,89.057
6.011,29.148,29.911,89.094
6.010,28.628,29.720,89.080
6.011,29.033,29.706,88.993
6.010,28.966,29.833,89.058
6.010,29.106,30.368,88.945
6.010,29.335,30.425,88.965
6.012,29.657,30.506,89.001
6.011,28.992,30.156,88.982
6.011,29.363,30.243,88.984
6.011,29.055,30.206,88.977
6.010,29.725,30.281,89.268
6.012,29.736,30.279,89.321
6.011,29.749,30.190,89.310
6.011,29.449,30.493,89.334
6.011,29.614,30.256,89.355
6.010,29.588,30.071,89.318
6.010,29.923,30.082,89.254
6.010,29.745,29.855,89.261
6.011,29.124,30.156,89.342
6.014,29.756,30.181,89.385
6.014,29.951,30.461,89.373
6.014,29.076,30.109,89.323
6.014,29.510,30.288,89.406
6.013,29.886,30.302,89.433
6.014,29.992,30.179,89.140
6.014,29.732,30.422,89.030
6.013,29.460,30.188,88.990
6.013,29.285,30.325,88.966
6.014,29.079,30.156,89.005
6.014,29.908,29.991,88.996
6.014,29.193,29.868,89.019
6.014,29.193,30.404,89.286
6.013,29.359,30.313,89.307
6.014,29.944,30.263,89.288
6.015,30.050,30.173,89.297
6.013,30.153,29.960,89.286
6.012,30.011,30.506,89.275
6.012,30.026,30.161,89.298
6.012,30.277,30.246,89.261
6.011,29.464,30.064,89.319
6.012,29.535,30.287,89.376
6.013,29.859,30.088,89.343
6.012,29.903,30.078,89.382
6.013,29.918,30.199,89.366
6.013,29.622,30.030,89.365
6.014,29.633,30.118,89.354
6.012,29.363,30.158,89.363
6.012,29.847,30.123,89.352
6.013,29.761,30.284,89.357
6.013,29.860,30.198,89.336
6.012,29.807,30.127,89.317
6.012,29.530,30.127,89.319
6.014,29.856,30.350,89.322
6.012,29.822,29.994,89.336
6.012,29.609,30.143,89.341
6.013,29.667,30.041,89.314
6.014,29.076,29.870,89.315
6.014,29.928,30.060,89.313
6.014,29.159,29.972,89.321
6.013,29.222,30.040,89.346
6.013,29.610,30.063,89.360
6.013,29.964,30.138,89.360
6.014,29.455,30.061,89.414
6.014,29.872,30.139,89.392
6.014,29.904,30.082,89.417
6.015,29.882,29.876,89.450
6.014,29.726,30.087,89.474
6.015,30.028,29.841,89.465
6.014,29.928,30.052,89.394
6.014,30.285,30.211,89.347
6.015,29.453,29.963,89.029
6.014,29.974,29.857,89.012
6.014,30.161,30.089,89.051
6.013,29.428,30.136,89.074
6.014,30.020,30.097,89.092
6.014,29.934,30.054,89.079
6.014,29.502,30.109,89.043
6.014,29.627,29.990,89.052
6.013,30.159,30.125,89.011
6.014,29.475,30.040,89.016
6.013,29.427,30.137,89.015
6.015,29.368,29.956,89.026
6.014,30.036,29.939,89.036
6.014,30.083,30.067,89.002
6.014,29.394,30.079,89.083
6.013,30.137,30.016,89.075
6.014,29.352,29.994,89.129
6.015,29.317,30.152,89.192
6.014,30.091,30.014,89.156
6.014,29.554,30.117,89.157
6.015,30.157,29.870,89.138
6.015,29.971,30.154,89.117
6.015,29.886,29.959,89.111
6.015,30.083,29.852,89.074
6.016,29.718,30.283,88.976
6.014,30.002,29.941,88.902
6.015,29.432,29.963,88.883
6.014,30.139,30.070,88.959
6.015,29.252,30.196,89.007
6.013,29.130,30.184,88.980
6.014,29.922,30.095,88.961
6.012,30.128,29.917,88.969
6.012,29.485,30.081,88.999
6.013,30.178,29.950,88.985
6.013,29.420,29.946,88.986
6.013,30.309,30.236,88.993
6.011,30.024,29.942,89.009
6.014,30.137,29.888,89.040
6.014,29.300,29.970,89.088
6.014,29.674,30.137,89.126
6.014,29.358,29.837,89.113
6.016,30.147,30.006,89.081
6.014,30.159,30.104,89.056
6.015,29.370,30.113,88.993
6.014,30.269,30.132,88.985
6.015,29.871,30.066,88.942
6.015,29.548,30.044,88.919
6.014,30.158,29.909,88.932
6.014,29.328,29.994,88.953
6.015,30.131,30.028,88.950
6.013,29.833,29.837,88.929
6.013,30.141,30.038,88.922
6.013,29.857,29.881,88.919
6.014,30.056,29.997,88.905
6.013,29.727,30.031,88.912
6.013,29.751,30.060,88.916
6.015,29.966,29.913,88.956
6.013,29.902,30.010,88.976
6.014,30.355,30.016,88.913
6.014,29.727,29.802,88.958
6.014,30.304,29.911,89.003
6.015,30.115,29.919,89.057
6.014,29.546,29.707,89.076
6.014,30.084,30.042,89.023
6.015,29.478,29.854,89.019
6.015,29.930,29.752,88.866
6.015,30.561,29.915,88.924
6.015,29.817,29.997,88.897
6.014,30.413,30.019,88.874
6.014,30.462,29.827,88.869
6.015,30.020,30.798,88.966
6.013,29.532,30.996,88.982
6.014,29.401,30.748,88.961
6.015,30.183,30.525,88.972
6.014,30.167,30.753,88.925
6.013,29.604,30.556,88.910
6.013,29.443,30.685,88.939
6.014,30.160,30.669,88.972
6.014,29.892,30.856,88.959
6.014,30.119,30.474,88.962
6.014,30.416,30.695,88.976
6.014,29.509,30.765,88.952
6.014,29.570,30.680,88.977
6.015,29.924,30.729,89.018
6.015,29.626,30.669,89.050
6.014,29.536,30.651,89.068
6.014,30.359,30.656,89.059
6.013,30.256,30.887,89.045
6.014,30.053,30.622,89.011
6.014,29.434,30.753,88.974
6.014,30.306,30.825,88.934
6.014,29.465,30.806,88.923
6.012,30.205,30.833,88.933
6.013,30.221,30.749,88.976
6.013,29.897,30.698,88.958
6.013,30.066,30.862,88.972
6.013,30.125,30.695,88.958
6.012,29.750,30.773,88.939
6.011,29.848,30.707,88.957
6.012,29.591,30.425,88.992
6.013,30.190,30.588,88.977
6.012,30.107,30.551,88.968
6.014,30.262,30.653,88.621
6.014,29.357,30.687,88.630
6.014,30.109,30.810,88.669
6.014,30.121,30.906,88.682
6.016,29.440,30.646,88.737
6.015,29.766,30.601,88.738
6.015,29.487,30.665,88.711
6.017,29.787,30.695,88.641
6.017,29.516,30.618,88.591
6.016,30.173,30.673,88.632
6.016,30.088,30.516,88.947
6.014,30.024,30.658,88.980
6.016,29.593,30.818,88.964
6.016,29.792,30.785,88.967
6.016,29.444,30.507,88.988
6.016,29.359,30.557,88.967
6.016,29.976,30.935,88.943
6.013,29.651,30.671,88.949
6.014,29.961,30.651,88.964
6.014,29.885,30.675,88.966
6.014,29.815,30.420,88.967
6.013,29.754,30.671,88.967
6.014,29.686,30.521,89.014
6.016,30.075,30.753,89.026
6.015,29.597,30.703,89.049
6.016,30.206,30.742,89.103
6.016,29.232,30.702,89.100
6.016,30.167,30.694,89.105
6.016,30.036,30.608,89.050
6.015,29.333,30.798,88.950
6.015,29.302,30.651,88.959
6.016,30.319,30.796,88.952
6.015,29.724,30.627,88.929
6.015,30.046,30.808,88.930
6.015,29.847,30.940,88.955
6.015,29.840,30.687,88.957
6.014,29.886,30.506,89.030
6.013,29.200,30.584,89.003
6.011,29.031,30.692,89.033
6.012,29.960,30.650,89.038
6.013,29.645,30.691,89.024
6.013,29.690,30.652,89.032
6.014,29.428,30.609,89.034
6.013,29.396,30.457,89.006
6.014,29.292,30.673,89.025
6.015,29.773,30.648,89.065
6.015,29.510,30.704,89.082
6.015,29.980,30.543,89.105
6.014,29.747,30.766,89.108
6.016,29.397,30.751,89.105
6.015,29.700,30.915,89.030
6.016,29.662,30.838,89.056
6.017,29.278,30.527,89.035
6.015,29.684,30.850,89.025
6.015,30.047,30.916,89.022
6.015,29.087,30.945,89.043
6.015,29.135,30.633,89.017
6.013,29.744,30.834,89.004
6.014,29.906,30.822,89.040
6.015,29.686,31.031,89.055
6.015,30.221,30.806,89.020
6.015,29.840,30.872,89.011
6.016,29.422,30.814,88.946
6.014,29.358,30.666,88.956
6.015,29.937,30.589,89.030
6.016,29.097,30.801,89.037
6.015,29.928,30.813,89.095
6.015,29.485,30.801,89.176
6.017,29.458,31.009,89.203
6.017,29.273,30.776,89.173
6.017,30.228,30.639,89.157
6.016,30.097,30.532,89.165
6.016,29.586,30.898,89.052
6.014,29.285,30.660,89.013
6.016,29.465,30.376,89.034
6.014,29.766,30.662,88.978
6.014,29.647,30.710,88.982
6.015,29.692,30.644,88.989
6.015,29.331,30.600,88.978
6.014,29.684,30.792,89.054
6.015,30.100,30.596,89.005
6.015,29.393,30.737,88.995
6.015,29.495,30.572,88.955
6.014,29.024,30.797,88.957
6.015,29.497,30.654,88.961
6.015,29.891,30.738,89.004
6.015,29.638,30.369,88.924
6.013,29.790,30.481,88.992
6.012,29.723,30.154,89.045
6.014,29.860,30.666,89.030
6.012,29.797,30.536,89.013
6.013,29.986,30.362,89.035
6.015,29.462,30.517,89.027
6.013,29.463,30.311,89.075
6.014,29.246,30.655,89.076
6.013,30.064,30.615,89.063
6.014,29.705,30.532,89.126
6.012,29.084,30.520,89.023
6.014,30.386,30.359,88.969
6.011,30.255,30.650,88.946
6.014,30.202,30.553,88.944
6.014,29.672,30.465,88.947
6.013,30.368,30.726,88.920
6.014,30.480,30.545,89.158
6.014,30.394,30.489,89.236
6.014,30.282,30.523,89.251
6.014,30.486,30.342,89.215
6.014,30.366,30.337,89.225
6.014,30.054,30.248,89.224
6.012,29.650,30.285,89.185
4.247,24.899,29.420,89.589
2.451,13.575,30.126,86.229
2.452,13.596,30.405,85.606
2.451,13.565,30.311,85.477
2.451,13.570,30.466,85.513
2.452,13.604,30.514,85.569
2.453,13.641,30.679,85.580
2.453,13.611,30.110,85.528
2.452,13.601,30.263,85.440
2.452,13.579,30.385,85.446
2.451,13.523,30.030,85.440
2.451,13.450,30.519,85.452
2.452,13.436,30.038,85.423
6.010,30.046,31.413,88.872
6.009,29.862,31.191,88.939
6.010,29.112,31.109,88.916
6.010,29.907,31.177,88.904
6.009,29.257,31.180,88.933
6.009,29.704,31.074,88.929
6.009,29.385,31.175,88.946
6.009,29.394,31.123,88.945
6.009,29.126,31.048,88.922
2.756,14.648,30.486,85.998
2.756,14.652,30.683,85.490
2.757,14.611,30.398,85.404
2.756,14.630,30.521,85.413
2.757,14.745,30.393,85.415
2.757,14.756,30.462,85.446
2.758,14.864,30.557,85.466
2.757,14.896,30.439,85.459
2.757,14.890,30.534,85.442
2.758,14.939,30.405,85.437
2.757,14.896,30.121,85.403
2.757,14.810,30.454,85.435
2.756,14.856,30.188,85.477
6.010,29.593,31.093,89.263
6.008,29.890,30.989,88.910
6.009,29.655,31.003,88.927
6.008,29.677,30.959,89.003
6.008,29.913,30.988,89.020
6.007,29.544,30.816,89.041
6.008,29.802,31.012,89.029
6.008,29.365,30.969,89.008
6.008,29.179,30.952,88.983
6.008,29.847,31.092,89.031
6.010,29.737,30.884,89.123
6.011,29.710,31.110,89.180
6.012,29.958,30.927,89.201
6.012,29.954,31.027,89.140
6.013,29.838,31.367,89.120
6.013,29.820,31.106,89.026
6.011,29.740,31.400,89.052
6.011,30.047,31.116,89.110
6.013,29.578,31.042,89.104
6.012,30.330,31.004,89.085
6.012,29.919,31.212,89.095
6.012,29.878,30.976,89.117
6.011,29.298,30.922,89.089
6.010,29.932,31.118,89.086
6.012,29.992,31.075,89.097
6.010,29.697,31.072,89.057
6.010,29.621,30.717,89.063
6.009,29.819,31.125,89.053
6.009,29.833,30.972,89.063
6.010,29.841,30.979,89.075
6.011,29.270,30.775,89.078
2.726,14.908,30.118,84.726
2.726,14.853,30.534,84.068
2.726,14.866,30.169,83.869
2.727,14.925,30.340,83.816
2.727,14.974,30.622,83.819
2.726,14.990,30.649,83.802
2.726,14.968,30.399,83.831
3.309,17.416,29.971,85.024
3.309,17.036,30.379,85.598
3.308,17.223,30.208,85.985
3.307,17.263,30.413,86.096
3.307,17.287,30.197,86.117
3.308,17.283,30.139,86.132
6.009,29.013,31.061,88.990
6.008,29.796,30.958,89.178
6.009,29.725,31.013,89.290
6.010,29.853,30.967,89.324
6.012,29.838,30.923,89.314
6.010,29.836,30.863,89.293
6.010,29.151,30.525,89.324
6.011,29.851,30.943,89.271
6.010,28.912,31.065,89.166
3.282,16.295,30.284,86.205
3.282,16.379,30.694,85.639
3.283,16.306,30.408,85.523
3.282,16.318,30.542,85.554
3.282,16.300,30.410,85.549
3.282,16.288,30.119,85.506
3.281,16.286,30.367,85.496
3.281,16.447,31.334,85.461
3.280,17.120,31.237,85.311
3.280,17.149,30.588,84.836
2.759,14.970,30.855,83.755
2.758,14.979,30.783,84.083
2.759,15.018,30.932,84.335
6.012,28.846,31.144,88.826
6.012,29.458,31.095,89.174
6.012,29.470,30.394,89.273
6.013,29.238,30.420,89.253
6.011,29.080,30.418,89.157
6.010,29.110,30.293,89.117
6.011,28.754,30.530,89.089
6.012,29.297,30.267,89.118
6.013,29.117,30.462,89.164
6.012,28.928,30.855,89.254
6.015,28.748,30.888,89.304
6.016,28.985,30.713,89.282
6.016,29.359,30.640,89.284
6.015,29.265,30.575,89.227
6.014,28.689,30.789,89.136
6.012,29.108,30.865,88.744
6.012,28.462,31.147,88.261
6.015,29.588,30.919,87.719
6.015,28.985,30.747,87.755
6.016,29.468,31.024,87.696
6.014,29.386,30.775,87.670
6.014,28.941,30.686,87.665
6.014,29.471,30.694,87.607
6.012,29.353,30.626,87.573
6.011,28.713,30.751,87.702
6.012,29.206,30.652,87.647
6.010,29.110,30.606,87.609
6.010,29.366,30.731,87.687
6.012,29.399,30.857,87.705
6.011,29.392,30.853,87.660
6.010,28.658,30.556,87.684
6.014,28.925,30.615,87.760
6.014,28.963,31.036,87.789
6.014,29.660,31.032,87.753
6.015,29.422,30.885,87.813
6.016,29.505,30.841,87.804
6.016,28.956,31.016,87.761
6.016,29.627,30.986,87.736
6.016,29.189,30.719,87.721
6.015,29.485,31.030,87.707
6.015,29.506,30.802,87.705
6.016,29.055,30.828,87.697
6.015,29.263,30.964,87.711
6.015,28.991,31.028,87.722
6.013,29.587,30.883,87.583
6.014,29.233,30.797,87.697
6.014,29.473,30.775,87.693
6.015,29.401,31.029,87.672
6.013,28.807,30.933,87.668
6.014,29.373,30.941,87.681
6.013,28.874,30.398,87.688
6.013,28.734,30.627,87.680
6.013,29.253,30.535,87.714
3.039,17.906,30.199,87.625
2.456,14.133,29.952,85.276
2.455,14.140,30.385,84.899
2.455,14.120,30.077,84.878
2.455,14.181,30.296,84.881
2.455,14.159,29.919,84.809
2.454,14.156,29.913,84.792
2.454,14.120,30.129,84.775
2.454,14.125,29.827,84.811
2.452,14.059,30.038,84.720
2.453,14.064,29.785,84.693
2.452,13.981,29.888,84.626
2.453,14.051,29.987,84.724
6.012,29.036,30.630,87.867
6.012,28.892,30.805,87.809
6.014,28.839,30.707,87.867
6.013,29.203,30.818,87.931
6.013,28.615,30.686,87.880
6.012,28.883,30.706,87.706
6.012,28.343,30.985,87.566
6.011,29.576,30.840,87.609
6.012,28.744,30.921,87.699
2.728,15.047,29.926,88.530
2.453,13.586,30.995,85.416
2.453,13.569,31.164,84.864
2.452,13.470,30.642,84.628
2.453,13.535,30.719,84.562
2.452,13.533,30.895,84.547
2.452,13.539,30.708,84.520
2.452,13.634,30.897,84.554
2.453,13.584,30.793,84.672
2.453,13.553,30.865,84.655
2.452,13.550,30.680,84.673
2.452,13.519,30.950,84.679
2.452,13.526,30.924,84.739
6.013,28.553,31.959,88.030
6.012,28.266,31.859,87.909
6.013,28.294,31.861,87.896
6.011,28.295,31.825,87.905
6.011,28.459,31.899,87.905
6.011,28.138,31.885,87.876
6.012,28.076,31.797,87.878
6.011,28.513,31.927,87.915
6.012,28.059,31.819,87.900
3.219,15.995,30.875,85.149
2.454,14.876,31.148,82.888
2.454,14.866,31.035,83.503
2.454,14.756,31.049,84.287
2.453,14.746,30.871,84.444
2.453,14.767,31.035,84.496
2.453,14.763,31.010,84.532
2.453,14.716,30.855,84.542
2.453,14.719,30.945,84.546
2.453,14.703,30.773,84.559
2.454,14.746,30.596,84.571
2.452,14.744,30.981,84.596
2.452,14.729,30.943,84.608
6.011,29.574,30.981,88.856
6.013,29.067,31.056,88.881
6.012,29.714,30.796,88.900
6.012,29.645,30.744,88.945
6.012,29.616,30.711,89.036
6.012,29.706,30.738,89.058
6.013,29.595,30.810,89.103
6.012,29.585,30.896,89.061
6.013,29.157,30.993,89.048
2.454,14.140,29.719,85.446
2.454,14.725,30.065,84.831
2.454,14.742,29.986,84.688
2.454,14.749,30.036,84.635
2.452,14.714,29.965,84.603
2.453,14.826,30.120,84.566
2.453,14.815,29.951,84.552
2.453,14.941,29.915,84.483
2.453,14.947,30.013,84.489
2.452,14.950,30.048,84.518
2.452,14.950,29.888,84.563
2.453,14.965,29.992,84.584
2.452,14.862,30.212,84.578
6.012,29.458,30.816,88.890
6.013,29.840,31.159,89.008
6.013,29.958,30.946,88.978
6.011,29.945,30.774,88.934
6.011,29.803,30.885,88.954
6.011,29.892,30.675,88.995
6.011,29.909,30.720,89.012
6.012,29.595,30.824,89.057
6.011,29.871,30.861,89.007
2.453,14.148,30.054,85.303
2.453,14.190,30.121,84.007
2.454,14.205,30.300,83.512
2.454,14.232,30.044,83.384
2.454,14.219,30.236,83.374
2.454,14.217,30.340,83.346
2.454,14.302,30.276,83.642
2.453,14.411,30.058,84.484
2.454,14.373,29.970,84.648
2.454,14.347,29.899,84.635
2.453,14.356,30.048,84.824
2.453,14.355,29.970,84.950
2.453,14.341,30.048,84.978
6.012,29.507,31.152,87.620
6.013,29.496,30.899,87.686
6.014,29.362,30.840,87.664
6.012,29.454,30.988,87.702
6.012,29.401,30.946,87.695
6.011,29.358,30.826,87.740
6.012,29.678,31.087,87.692
6.013,29.431,31.045,87.666
6.011,29.356,31.159,87.675
6.013,29.371,30.700,87.845
6.013,29.128,30.822,87.857
6.014,29.373,30.580,87.886
6.014,28.808,30.805,87.914
6.014,29.428,30.643,87.885
6.015,29.253,30.708,87.860
6.015,29.325,30.653,87.842
6.016,29.400,30.982,87.785
6.014,29.284,30.681,87.823
6.016,29.140,30.767,87.839
6.016,29.128,30.764,87.799
6.016,29.293,30.590,87.843
6.016,29.258,30.611,87.833
6.015,29.266,30.649,87.851
6.015,29.403,30.725,87.836
6.015,29.318,30.842,87.839
6.014,29.176,30.780,87.832
6.014,29.158,30.799,87.813
6.014,29.310,30.565,87.791
6.014,29.050,30.839,87.803
6.014,29.324,30.904,87.856
6.013,29.275,30.471,87.887
6.014,29.296,30.639,87.929
6.013,29.332,30.665,87.934
6.014,28.663,30.791,87.929
6.014,29.205,30.757,87.906
6.016,29.254,30.829,87.793
6.014,28.961,30.815,87.719
6.014,29.308,30.813,87.755
6.015,29.236,30.811,87.848
6.014,29.191,30.785,87.847
6.015,29.380,30.791,87.784
6.014,29.355,31.007,87.782
6.014,28.771,30.812,87.813
6.014,28.914,30.979,87.826
6.014,29.158,30.912,87.857
6.012,29.320,31.069,87.849
6.014,29.184,31.227,87.845
6.013,29.215,30.917,87.814
6.014,29.122,30.966,87.801
6.012,28.805,30.925,87.808
6.014,29.359,30.915,87.816
6.012,29.373,30.936,87.826
6.012,29.400,30.953,87.787
2.761,16.997,29.878,85.264
2.760,14.975,30.039,84.803
2.761,15.119,29.913,84.725
2.761,15.007,29.962,84.661
2.759,14.974,29.941,84.571
2.758,15.008,29.776,84.563
2.758,15.044,29.905,84.640
2.759,15.100,30.055,84.716
2.758,15.028,30.223,84.764
2.759,15.158,29.899,84.772
2.759,15.207,30.023,84.774
2.758,15.164,29.880,84.852
2.759,15.059,29.961,84.900
6.012,29.122,30.863,87.947
6.014,28.586,30.875,88.122
6.012,28.648,30.708,88.135
6.011,28.755,30.653,88.175
6.011,28.711,30.625,88.236
6.011,28.745,30.924,88.270
6.013,28.576,30.349,88.284
6.010,28.486,30.631,88.247
6.011,28.835,30.515,88.249
2.759,15.360,29.947,84.462
2.759,15.358,29.852,84.600
2.759,15.220,29.768,84.615
2.759,15.290,29.960,84.679
2.760,15.341,30.152,84.723
2.759,15.291,30.168,84.698
2.759,15.352,29.920,84.728
2.760,15.365,30.105,84.762
2.760,15.354,29.874,84.762
2.760,15.348,30.119,84.751
2.759,15.317,30.105,84.747
2.759,15.259,29.825,84.735
2.759,15.216,29.755,84.709
6.011,28.493,30.835,87.932
6.009,28.338,30.600,87.837
6.009,28.121,30.771,87.897
6.010,28.580,30.967,87.943
6.011,28.648,30.650,88.048
6.011,28.733,30.625,87.999
6.011,28.424,30.705,87.913
6.010,28.593,30.884,87.954
6.010,28.635,30.718,87.971
2.759,14.607,30.026,86.971
2.759,14.458,29.814,85.253
2.759,14.443,30.076,84.852
2.759,14.447,30.127,84.772
2.759,14.460,30.143,84.782
2.759,14.456,30.064,84.714
2.759,14.453,29.881,84.684
2.759,14.449,30.048,84.708
2.759,14.453,30.146,84.754
2.759,14.456,29.932,84.808
2.758,14.449,29.850,84.812
2.758,14.455,30.016,84.845
2.758,14.446,30.057,84.835
6.011,28.836,30.541,87.849
6.009,29.203,30.623,87.853
6.010,29.385,30.701,87.889
6.009,29.082,30.561,87.896
6.009,29.082,30.921,87.879
6.011,29.338,30.633,87.790
6.011,29.306,30.534,87.767
6.013,29.197,30.563,87.785
6.012,29.233,30.589,87.768
2.758,15.726,29.983,87.353
2.758,15.395,30.126,84.885
2.758,15.436,30.083,84.660
2.758,15.438,30.010,84.604
2.758,15.489,29.891,84.586
2.759,15.515,30.301,84.592
2.759,15.519,30.038,84.588
2.758,15.767,30.123,84.797
2.758,15.528,30.032,84.682
2.758,15.488,30.059,84.597
2.758,15.456,29.991,84.618
2.758,15.373,29.782,84.552
2.758,15.415,29.957,84.558
6.012,29.913,31.154,88.873
6.011,29.547,30.953,88.974
6.013,29.990,30.961,89.100
6.012,29.145,30.874,89.159
6.013,29.881,30.731,89.205
6.012,29.768,30.937,89.196
6.012,29.842,30.811,89.113
6.012,29.193,30.757,89.028
6.013,29.922,30.866,89.016
2.759,14.777,30.282,86.084
2.759,14.826,30.005,84.896
2.759,14.816,30.072,84.663
2.758,14.827,30.012,84.566
2.758,14.855,29.811,84.578
2.758,14.691,29.909,84.429
2.757,14.789,30.156,84.550
2.757,14.812,30.187,84.581
2.758,14.833,30.019,84.594
2.757,14.841,30.043,84.611
2.758,14.859,30.046,84.665
2.757,14.876,30.061,84.681
2.758,14.898,29.872,84.754
6.010,29.703,30.956,89.171
6.011,29.742,30.837,89.067
6.011,29.478,30.964,89.024
6.012,29.626,30.781,89.088
6.012,29.326,30.659,89.091
6.011,29.132,30.968,89.134
6.011,29.532,30.883,89.088
6.011,29.581,30.804,89.047
6.012,29.151,30.718,88.148
6.011,29.599,30.797,87.721
6.012,29.126,30.970,87.745
6.011,28.904,30.806,87.775
6.012,28.855,30.798,87.758
6.010,29.493,30.839,87.772
6.010,29.152,30.883,87.749
6.011,29.593,30.999,87.704
6.012,29.009,30.884,87.722
6.011,29.584,30.952,87.734
6.011,28.937,30.863,87.722
6.010,29.521,30.720,87.708
6.010,29.187,31.055,87.702
6.011,29.222,31.079,87.683
6.012,29.438,30.929,88.094
6.009,29.384,31.157,88.717
6.010,29.584,30.861,88.769
6.011,29.631,30.872,88.780
6.010,29.543,31.026,88.752
6.013,29.564,30.938,88.776
6.010,29.691,31.155,88.773
6.011,29.693,30.995,88.768
6.011,29.392,31.119,87.932
6.013,29.625,31.097,87.733
6.012,29.427,30.702,87.978
6.012,29.066,30.768,88.070
6.012,29.373,30.927,88.067
6.012,29.129,30.808,88.078
6.011,29.512,30.665,87.992
6.011,29.284,30.689,87.987
6.011,29.295,30.681,88.013
6.011,29.332,30.736,88.040
6.012,29.097,30.761,87.995
6.010,28.840,30.938,88.003
6.010,29.529,30.682,88.025
6.012,29.506,30.975,88.024
6.011,29.516,30.960,88.612
6.011,29.584,30.743,88.803
6.012,29.460,30.923,88.814
6.011,29.287,30.939,88.830
6.011,29.243,30.924,88.837
6.011,29.669,30.877,88.849
6.011,29.573,30.834,88.767
6.011,29.586,30.881,88.769
6.011,29.626,30.830,88.770
6.012,29.103,30.729,88.591
6.008,29.264,30.705,88.183
6.013,29.102,30.844,88.173
6.014,29.386,30.971,88.176
6.013,29.194,30.649,88.170
6.014,29.375,30.997,88.236
6.015,29.404,30.842,88.216
6.013,29.394,31.085,88.167
6.014,29.477,30.970,88.140
6.013,29.522,30.736,88.170
6.015,29.373,31.133,88.173
6.014,29.281,31.026,88.186
6.014,29.223,30.979,88.187
6.013,28.086,30.944,88.389
6.013,28.395,30.844,88.597
6.013,28.323,30.828,88.656
6.012,28.397,31.069,88.693
6.012,28.101,31.086,88.736
6.011,28.388,30.950,88.678
6.012,28.341,31.013,88.692
6.011,28.156,31.076,88.683
6.013,27.989,30.863,88.706
6.013,28.179,30.861,88.719
6.015,28.515,30.896,88.750
6.015,28.513,30.817,88.748
6.014,28.523,30.989,88.717
6.014,28.493,30.813,88.690
6.014,27.904,30.743,88.665
6.015,28.185,30.748,88.641
6.015,28.416,30.891,88.662
6.015,28.516,30.808,88.729
6.014,28.054,30.906,88.708
6.013,28.167,30.961,88.416
6.013,28.100,30.914,88.339
6.011,28.115,31.094,88.317
6.012,28.528,31.037,88.488
6.010,28.468,30.909,88.664
6.012,28.203,31.071,88.706
6.011,28.402,30.843,88.659
6.012,28.600,30.895,88.654
6.012,28.614,31.040,88.645
6.012,28.595,30.810,88.649
6.012,28.120,30.903,88.700
6.012,28.650,31.334,88.700
6.013,28.270,30.880,89.005
6.014,28.707,30.860,88.472
6.014,28.677,31.121,88.320
6.015,28.455,30.983,88.319
6.015,28.650,30.836,88.307
6.015,28.349,30.863,88.297
6.015,28.671,30.951,88.275
6.015,28.704,30.837,88.359
6.014,28.786,30.939,88.224
6.016,28.604,30.990,88.246
6.015,28.652,31.088,88.272
6.015,28.461,31.093,88.255
6.015,28.583,31.036,88.210
6.014,28.562,30.882,88.462
6.014,28.743,30.863,88.630
6.012,28.665,30.888,88.726
6.012,28.666,30.840,88.728
6.012,28.585,30.724,88.715
6.012,29.033,30.891,88.676
6.012,28.789,30.705,88.671
6.010,28.450,30.826,88.547
6.011,28.609,30.959,88.824
6.012,29.433,30.904,88.673
6.015,29.514,30.742,88.154
6.014,29.501,30.923,87.995
6.014,29.460,30.983,88.124
6.013,29.415,31.059,88.665
6.014,29.635,30.973,88.670
6.014,29.948,30.878,88.628
6.013,30.195,31.236,88.614
6.015,29.953,30.893,88.560
6.014,30.212,30.979,88.621
6.014,30.106,31.231,88.604
6.013,29.896,31.226,88.638
6.014,29.966,30.937,88.606
6.011,31.006,31.088,88.126
6.012,29.030,31.044,88.542
6.012,29.237,30.974,88.564
6.012,29.244,30.968,88.545
6.013,29.288,30.943,88.521
6.012,29.237,30.961,88.477
6.012,29.048,30.890,88.516
6.012,29.466,30.907,88.522
6.012,29.016,30.965,88.535
6.014,28.305,31.017,89.250
6.014,27.923,30.989,88.783
6.014,28.045,30.930,88.654
6.015,28.619,31.122,88.726
6.015,28.579,31.020,88.775
6.015,28.041,30.880,88.676
6.016,27.898,31.000,88.688
6.015,29.400,30.876,88.524
6.015,29.336,30.925,88.554
6.015,29.100,30.857,88.564
6.013,29.316,30.967,88.517
6.014,29.322,31.032,88.536
6.013,29.395,31.079,88.531
6.013,29.470,30.887,88.990
6.013,29.550,30.888,89.166
6.012,29.444,30.754,89.140
6.013,29.039,31.009,89.146
6.013,29.190,30.852,89.193
6.012,29.352,30.892,89.222
6.011,29.373,31.087,89.235
6.012,29.128,30.966,89.266
6.012,29.037,30.844,89.236
6.012,29.320,30.954,89.221
6.013,29.276,30.713,89.232
6.012,28.651,30.744,89.292
6.014,29.237,30.750,89.292
6.014,29.292,30.785,89.275
6.016,28.677,31.012,89.304
6.014,29.333,30.872,89.242
6.014,28.882,30.815,89.221
6.014,29.338,30.805,89.227
6.013,29.342,30.719,89.199
6.015,29.156,30.833,89.184
6.014,28.576,30.717,89.210
6.016,28.634,30.638,89.233
6.012,29.395,30.916,89.232
6.013,29.094,30.899,89.203
6.014,28.587,30.812,89.235
6.012,29.359,31.006,89.222
6.012,28.886,30.646,89.238
6.012,29.287,30.767,89.246
6.012,28.667,30.907,89.230
6.012,28.706,31.021,89.247
6.014,29.265,30.907,89.083
6.012,29.301,30.652,88.938
6.011,29.380,30.810,88.972
6.016,28.918,30.852,88.980
4.264,20.727,30.354,87.817
4.263,20.293,30.650,85.943
4.262,20.481,30.568,85.811
4.263,21.331,30.724,85.763
6.014,29.175,31.037,89.223
6.013,29.724,30.885,89.110
6.013,29.665,31.030,89.090
6.014,29.207,30.949,89.073
6.015,29.868,31.056,89.077
6.014,29.787,31.062,89.081
6.013,29.884,30.664,89.057
6.013,29.759,31.021,89.058
6.013,29.831,30.897,89.031
6.013,29.859,30.859,89.060
6.013,29.794,30.828,89.021
6.011,29.795,31.021,89.017
6.012,29.449,30.904,89.036
6.012,29.849,30.978,89.075
6.012,29.704,30.804,89.131
6.013,29.173,30.730,88.839
6.012,29.391,30.898,88.560
6.013,29.193,30.921,88.561
6.014,29.245,30.863,88.530
6.015,29.246,30.647,88.556
6.014,29.353,30.776,88.482
6.015,29.414,30.925,88.509
6.014,29.311,30.763,88.578
6.015,29.181,30.711,88.537
6.014,29.141,30.686,88.484
6.013,29.271,30.833,88.475
6.014,29.284,30.878,88.502
6.013,29.123,30.774,88.526
6.014,28.661,30.840,88.971
6.013,28.879,30.496,89.186
6.013,28.942,30.788,89.197
6.011,28.575,30.725,89.187
6.013,28.747,30.934,89.208
6.012,28.919,30.804,89.213
6.015,28.948,30.718,89.206
6.013,28.230,30.624,89.223
6.012,28.835,30.594,89.216
2.760,15.743,30.022,86.922
2.759,15.759,30.047,86.520
2.759,15.752,29.899,86.486
2.760,15.770,30.007,86.486
2.760,15.761,29.725,86.438
2.760,15.760,29.801,86.386
2.759,15.808,30.080,86.373
2.759,15.850,29.886,86.584
2.759,15.794,30.025,86.486
2.758,15.723,30.062,86.458
2.758,15.770,30.003,86.476
2.759,15.753,29.921,86.530
2.759,15.737,29.977,86.524
6.043,28.861,30.855,88.589
6.013,28.924,30.720,88.676
6.012,29.393,30.617,88.696
6.012,28.851,30.798,88.693
6.012,29.200,30.689,88.649
6.012,29.112,30.625,88.638
6.012,29.523,30.589,88.644
6.015,29.369,30.625,88.689
6.014,28.738,30.518,88.654
2.760,14.824,30.038,85.851
2.760,15.011,30.226,85.737
2.760,14.802,30.025,85.734
2.761,14.746,30.341,85.769
2.761,14.797,30.253,85.792
2.761,14.829,30.222,85.787
2.760,14.826,30.133,85.737
2.760,14.813,29.937,85.707
2.759,14.859,30.172,85.662
2.758,14.734,29.968,85.682
2.758,14.725,30.228,85.686
2.758,14.714,30.154,85.700
2.758,14.714,30.369,85.707
6.043,29.163,31.152,88.394
6.010,29.105,30.948,88.620
6.012,29.057,30.847,88.693
6.011,29.287,30.824,88.703
6.013,29.169,30.976,88.719
6.012,29.019,30.970,88.737
6.014,29.083,31.012,88.711
6.013,29.061,30.599,88.665
6.014,29.081,30.839,88.692
2.760,14.950,29.935,88.306
2.759,15.017,30.214,86.470
2.760,15.006,30.070,86.157
2.760,15.010,30.095,86.094
2.760,15.013,30.125,86.093
2.760,14.995,30.146,86.098
2.759,15.005,29.974,86.103
2.760,14.993,30.313,86.055
2.760,14.951,30.376,86.029
2.760,14.930,30.325,86.064
2.759,14.921,30.167,86.092
2.758,14.887,30.141,86.093
2.759,14.900,30.219,86.077
6.012,29.555,30.840,88.649
6.013,29.521,31.053,88.606
6.012,29.404,31.152,88.628
6.013,29.304,31.206,88.621
6.012,29.390,30.912,88.614
6.013,28.959,31.090,88.595
6.012,28.672,30.791,88.589
6.013,29.463,31.080,88.612
6.013,29.043,31.148,88.579
6.013,29.505,30.867,88.600
6.013,29.458,31.166,88.614
6.014,28.891,30.795,88.644
6.014,29.507,30.962,88.666
6.015,29.165,30.995,88.705
6.014,29.447,30.829,88.690
6.016,29.561,30.945,88.710
6.015,29.600,31.002,88.631
6.016,29.459,30.830,88.651
6.015,29.293,30.890,88.633
6.016,29.241,31.258,88.614
6.013,29.546,30.926,88.624
6.014,29.707,31.116,88.576
6.014,29.137,30.934,88.650
6.013,29.540,30.864,88.639
6.015,29.434,30.986,88.634
6.013,29.360,30.995,88.608
6.014,28.836,30.688,88.638
6.013,28.981,30.828,88.640
6.012,29.591,30.966,88.635
6.014,29.429,30.965,88.651
6.014,29.394,30.936,88.683
6.014,29.602,30.762,88.682
6.013,29.729,30.860,88.710
6.014,29.359,30.898,88.703
6.014,29.266,30.911,88.736
6.014,29.590,30.721,88.732
6.013,29.573,30.932,88.731
6.014,29.298,31.104,88.732
6.013,29.281,30.945,88.727
6.014,28.966,30.881,88.716
6.015,29.475,30.971,88.699
6.015,29.472,30.944,88.681
6.015,29.537,30.812,88.656
6.015,28.985,31.010,88.685
6.012,29.486,30.883,88.748
6.013,28.676,30.949,88.674
6.013,29.243,31.015,88.581
6.012,29.182,31.157,88.588
6.011,29.555,31.131,88.581
6.014,29.565,30.925,88.596
6.012,29.519,30.949,88.573
6.012,29.500,31.082,88.592
6.012,29.473,31.055,88.589
6.012,29.289,30.991,88.725
6.014,29.491,30.856,88.751
6.014,29.645,30.993,88.740
6.013,28.796,30.724,88.717
6.013,29.584,31.027,88.758
6.013,29.598,31.118,88.704
6.014,29.119,30.914,88.692
6.015,28.959,31.218,88.664
6.014,29.044,30.986,88.660
6.012,29.591,30.993,88.640
6.014,29.553,30.989,88.663
6.014,28.950,31.086,88.671
6.013,28.736,31.082,88.647
6.012,29.369,30.877,88.701
6.014,29.455,30.969,88.719
6.013,28.621,30.949,88.724
6.014,29.476,31.115,88.702
6.013,29.247,31.230,88.708
6.014,29.526,30.986,88.694
6.012,29.496,31.063,88.686
6.013,29.504,31.163,88.721
6.011,28.972,31.010,88.644
3.678,20.037,30.668,85.505
3.676,20.031,30.586,85.018
3.065,15.490,30.144,84.495
3.064,15.490,30.262,84.479
3.064,15.485,29.959,84.434
3.065,15.550,30.027,84.702
3.065,15.605,29.927,85.100
3.066,15.691,30.074,85.325
3.065,15.632,30.190,85.223
3.066,15.600,30.309,85.205
3.065,15.593,30.270,85.177
3.064,15.595,30.325,85.176
6.010,29.370,30.792,88.559
6.009,29.515,30.862,89.282
6.010,29.566,31.019,89.409
6.010,29.576,30.814,89.405
6.009,29.624,30.710,89.432
6.009,29.631,30.737,89.377
6.010,29.675,30.880,89.377
6.011,29.459,30.825,89.395
6.010,29.355,30.746,89.421
6.010,29.451,30.935,89.410
3.064,15.361,30.049,86.407
3.064,15.373,30.087,84.853
3.064,15.366,30.139,84.577
3.064,15.363,30.230,84.481
3.064,15.347,30.018,84.464
3.064,15.400,30.043,84.918
3.065,15.420,30.196,85.196
3.064,15.470,30.072,85.247
3.065,15.476,30.115,85.266
3.064,15.448,30.061,85.233
3.062,15.427,29.992,85.255
3.063,15.419,30.152,85.311
3.063,15.437,30.193,85.353
6.011,29.516,30.798,89.349
6.010,29.535,30.858,89.536
6.010,29.453,30.611,89.546
6.010,29.133,30.785,89.556
6.011,29.442,30.800,89.579
6.011,29.435,30.582,89.551
6.010,29.463,30.732,89.600
6.012,29.422,30.959,89.512
6.011,29.389,30.746,89.486
3.063,15.139,30.199,86.044
3.064,15.132,30.291,85.497
3.064,15.135,29.982,85.329
3.064,15.149,29.991,85.261
3.063,15.135,30.105,85.275
3.064,15.213,30.055,85.308
3.064,15.235,30.078,85.296
3.064,15.236,30.157,85.314
3.065,15.241,30.169,85.274
3.064,15.238,30.294,85.285
3.065,15.234,30.055,85.290
3.063,15.240,30.101,85.334
3.063,15.239,30.325,85.360
6.011,29.409,31.055,88.578
6.011,28.893,31.003,88.754
6.013,29.468,30.961,88.847
6.012,28.813,30.840,88.913
6.013,29.340,30.982,88.888
6.012,29.382,31.028,88.859
6.012,29.319,30.888,88.894
6.012,29.370,30.762,88.883
6.014,29.367,30.921,88.863
2.455,13.737,30.000,84.260
2.453,13.924,30.299,85.499
2.454,13.908,30.038,85.707
2.453,13.912,29.993,85.735
2.454,13.942,30.128,85.746
2.455,13.942,30.105,85.770
2.454,13.961,29.952,85.814
2.454,14.016,30.065,85.891
2.455,14.021,30.321,85.867
2.452,14.010,30.151,85.819
2.452,14.020,29.899,85.795
2.452,14.022,30.049,85.876
2.452,14.024,30.410,85.959
6.011,28.792,31.240,88.842
6.011,28.326,30.978,88.903
6.012,28.320,31.058,88.888
6.013,28.244,31.298,88.910
6.012,28.301,31.241,88.934
6.012,28.882,31.211,88.910
6.013,28.200,30.855,88.909
6.011,28.155,30.992,88.905
6.012,28.585,31.190,88.933
2.454,14.631,30.300,87.776
2.454,14.441,29.994,85.657
2.453,14.414,30.032,85.144
2.453,14.349,30.333,84.516
2.453,14.351,30.151,84.207
2.453,14.361,30.296,84.154
2.453,14.349,30.330,84.147
2.453,14.356,30.203,84.141
2.454,14.351,30.622,84.185
2.453,14.336,30.403,84.181
2.453,14.300,30.393,84.169
2.452,14.282,30.295,84.174
2.453,14.272,30.248,84.225
6.011,29.207,31.107,88.764
6.013,28.921,31.066,88.857
6.011,28.580,31.037,88.917
6.011,29.056,31.324,88.959
6.012,28.982,31.253,88.950
6.014,29.035,31.137,88.892
6.012,28.447,31.044,88.917
6.012,28.756,31.199,88.889
6.015,28.667,31.189,88.868
6.014,28.896,31.253,88.883
6.013,29.042,31.358,88.933
6.014,29.089,31.120,88.932
6.014,28.965,31.114,88.873
6.013,28.976,31.010,88.823
6.015,29.098,31.124,88.833
6.013,28.974,31.013,88.829
6.014,28.919,30.947,88.836
6.014,29.126,31.086,88.798
6.014,29.000,31.307,88.829
6.015,29.034,31.114,88.853
6.015,28.559,31.105,88.868
6.015,28.939,31.061,88.892
6.014,28.961,31.107,88.882
6.014,28.960,31.384,88.891
6.014,28.979,31.155,88.902
6.014,28.998,30.982,88.866
6.013,28.975,31.109,88.830
6.014,28.918,31.095,88.814
6.012,28.921,31.260,88.849
6.014,28.982,30.931,88.850
6.013,29.019,31.166,88.863
6.014,29.028,31.054,88.909
6.014,29.015,31.128,88.940
6.014,28.930,30.931,88.931
6.015,29.017,31.056,88.938
6.015,28.488,30.956,88.967
6.015,28.988,30.873,88.959
6.015,28.940,31.090,88.922
6.016,28.885,31.214,88.949
6.016,28.781,30.894,88.959
6.016,28.889,31.051,88.949
6.015,28.939,31.007,88.989
6.014,28.842,30.927,88.980
6.015,28.927,30.890,88.982
6.013,28.374,30.915,88.957
6.013,28.844,31.111,88.977
6.014,28.838,31.301,88.957
6.015,28.736,31.081,88.935
6.014,28.585,31.007,88.936
6.015,28.597,30.313,88.621
6.013,28.570,30.944,88.635
6.010,28.688,30.773,88.885
6.011,28.761,30.863,89.111
2.455,14.903,30.472,86.298
2.453,14.892,30.738,84.664
2.453,14.889,30.600,84.287
2.454,14.924,30.356,84.210
2.454,14.886,30.567,84.151
2.454,14.913,30.380,84.112
2.454,14.894,30.604,84.122
2.454,14.919,30.515,84.095
2.454,14.910,30.278,84.108
2.453,14.880,30.328,84.113
2.454,14.876,30.331,84.114
2.454,14.869,30.506,84.169
2.454,14.874,30.579,84.232
6.014,29.258,31.143,88.856
6.012,29.156,30.968,88.829
6.013,29.519,31.135,88.844
6.014,28.979,31.230,88.893
6.013,29.366,30.843,88.910
6.013,29.086,30.937,88.891
6.014,29.492,31.084,88.944
6.015,29.246,31.146,88.859
6.015,28.911,31.267,88.873
2.454,14.680,30.105,85.045
2.454,14.518,30.359,84.186
2.454,14.536,30.491,84.181
2.454,14.551,30.452,84.197
2.455,14.551,30.614,84.176
2.454,14.545,30.677,84.154
2.454,14.554,30.404,84.189
2.454,14.561,30.472,84.203
2.454,14.542,30.570,84.196
2.454,14.553,30.571,84.179
2.453,14.543,30.527,84.198
2.454,15.010,30.434,84.169
2.455,15.045,30.268,84.171
6.012,29.469,31.468,89.019
6.012,29.695,31.222,88.748
6.012,29.588,31.205,88.773
6.013,29.737,31.226,88.840
6.014,29.534,31.106,88.822
6.011,29.792,31.255,88.881
6.012,29.731,31.164,88.836
6.012,29.696,30.861,88.825
6.013,29.888,30.964,88.787
2.454,15.047,30.565,85.014
2.454,14.972,30.719,84.407
2.454,14.974,30.396,84.195
2.453,14.933,30.622,83.898
2.454,14.926,30.583,83.795
2.454,14.942,30.602,83.813
2.454,14.978,30.693,83.798
2.454,14.925,30.664,83.760
2.453,14.991,30.920,84.067
2.453,14.874,30.717,83.902
2.453,14.792,30.449,83.864
2.453,14.791,30.643,83.849
2.453,14.785,30.659,83.855
6.011,29.711,31.200,89.487
6.013,29.563,31.352,89.268
6.013,29.384,31.271,89.278
6.014,29.505,31.016,89.411
6.014,29.515,31.476,89.312
6.014,29.385,31.305,89.312
6.014,29.572,31.187,89.323
6.014,29.241,31.351,89.350
6.013,29.431,31.361,89.363
2.454,13.644,30.570,84.213
2.454,13.655,30.511,83.957
2.454,13.672,30.572,83.900
2.454,13.671,30.487,83.853
2.453,13.676,30.617,83.864
2.454,13.673,30.500,83.890
2.453,13.677,30.602,83.895
2.454,13.679,30.596,83.885
2.454,13.673,30.593,83.883
2.453,13.653,30.744,83.864
2.453,13.662,30.646,83.877
2.454,13.650,30.508,83.899
2.453,13.652,30.567,83.950
6.012,28.604,31.266,88.963
6.012,28.482,31.385,89.086
6.014,28.466,31.205,89.158
6.014,28.700,31.429,89.254
6.013,28.346,31.400,89.170
6.013,28.670,31.447,89.211
6.015,28.696,31.261,89.161
6.015,28.601,31.388,89.173
6.013,28.559,31.130,89.144
2.454,13.329,30.700,84.226
2.455,13.337,30.686,84.001
2.454,13.342,30.914,83.960
2.455,13.345,30.923,83.940
2.454,13.351,30.502,83.975
2.454,13.337,30.425,83.958
2.454,13.336,30.532,83.956
2.454,13.343,30.654,84.002
2.453,13.344,30.930,83.973
2.453,13.331,30.664,83.941
2.453,13.311,30.782,83.965
2.453,13.326,30.562,83.976
2.454,13.321,30.918,83.949
6.013,29.408,31.333,88.829
6.013,29.130,31.281,89.238
6.015,29.288,31.117,89.220
6.015,29.303,30.902,89.250
6.014,29.297,31.243,89.215
6.015,29.144,31.169,89.276
6.014,29.223,30.996,89.237
6.014,29.301,31.233,89.267
6.016,29.319,31.474,89.102
6.015,29.030,31.091,89.295
6.016,29.099,31.467,89.344
6.014,29.179,31.343,89.337
6.016,29.063,31.211,89.394
6.017,29.126,31.528,89.329
6.018,29.018,31.290,89.231
6.017,29.000,31.434,89.289
6.019,29.190,31.372,89.333
6.017,29.158,31.473,89.343
6.018,29.247,31.165,89.304
6.016,29.104,31.460,89.324
6.016,29.128,31.395,89.321
6.015,28.363,31.195,89.308
6.017,28.889,31.237,89.291
6.014,29.079,31.199,89.315
6.014,29.012,31.529,89.325
6.012,28.351,31.383,89.315
6.015,29.080,31.202,89.333
6.013,29.075,31.307,89.358
6.012,29.057,31.287,89.358
6.013,28.872,31.352,89.306
6.014,28.936,31.135,89.388
6.014,29.062,31.490,89.426
6.015,29.032,30.952,89.391
6.016,29.148,31.127,89.468
6.017,29.122,31.343,89.477
6.018,28.944,30.984,89.444
6.016,29.064,31.208,89.388
6.015,29.061,31.057,89.422
6.017,29.371,31.237,89.435
6.018,29.080,31.296,89.408
6.019,28.659,31.189,89.419
6.016,29.071,30.985,89.395
6.014,28.674,31.310,89.433
6.014,28.876,31.147,89.428
6.015,28.903,31.042,89.391
6.014,28.921,31.163,89.374
6.015,29.038,31.096,89.425
6.015,29.010,30.896,89.432
6.015,28.925,30.959,89.427
6.014,28.957,31.189,89.467
6.014,29.081,31.015,89.463
6.014,29.059,31.224,89.500
6.014,28.955,31.314,89.490
2.760,15.408,30.651,85.451
2.760,15.309,30.433,84.675
2.761,15.319,30.511,84.430
2.760,15.302,30.602,84.340
2.761,15.293,30.495,84.343
2.760,15.305,30.590,84.324
2.760,15.298,30.564,84.296
2.760,15.430,30.513,84.286
2.760,15.451,30.531,84.290
2.760,15.428,30.416,84.288
2.759,15.443,30.358,84.360
2.759,15.709,30.531,84.357
2.759,15.636,30.512,84.374
6.013,29.572,31.118,90.432
6.014,28.949,31.067,90.049
6.014,29.284,30.850,90.028
6.012,28.678,30.998,90.013
6.013,29.361,31.026,89.953
6.012,29.205,30.915,89.950
6.011,29.378,31.091,89.950
6.012,29.463,31.012,90.019
6.012,28.639,31.083,90.001
2.760,15.886,30.534,85.525
2.759,15.876,30.403,84.538
2.759,15.885,30.579,84.293
2.759,15.868,30.476,84.237
2.759,15.853,30.426,84.181
2.759,15.847,30.450,84.180
2.758,15.833,30.244,84.164
2.759,15.853,30.337,84.264
2.759,15.861,30.375,84.554
2.759,15.857,30.279,84.638
2.758,15.852,30.262,84.655
2.759,15.849,30.307,84.694
2.759,15.850,30.366,84.785
6.010,29.696,30.919,89.876
6.011,29.525,30.948,90.053
6.012,29.492,31.204,90.080
6.013,29.427,30.945,90.141
6.013,29.539,31.030,90.155
6.013,29.578,30.871,90.165
6.015,29.551,31.197,90.130
6.015,29.544,31.029,90.071
6.014,29.510,30.773,90.095
2.760,15.082,30.254,85.341
2.760,14.883,30.380,84.690
2.760,14.998,30.241,84.495
2.761,15.032,30.488,84.500
2.760,14.978,30.325,84.450
2.760,14.900,30.265,84.452
2.759,14.973,30.346,84.415
2.758,14.943,30.140,84.439
2.757,14.984,30.107,84.487
2.757,14.823,30.682,84.532
2.757,15.117,30.571,84.583
2.758,15.138,30.378,84.634
2.758,15.083,30.474,84.666
6.011,29.160,31.256,89.305
6.013,29.252,30.948,89.745
6.014,29.456,31.129,89.836
6.014,29.206,31.306,89.882
6.013,29.351,31.238,89.822
6.013,29.404,31.074,89.808
6.014,29.436,31.025,89.844
6.014,29.301,31.096,89.768
6.014,29.384,31.178,89.743
2.760,15.319,30.032,86.898
2.758,15.125,30.551,84.719
2.758,15.279,30.453,84.409
2.757,15.302,30.460,84.361
2.758,15.357,30.377,84.368
2.757,15.403,30.678,84.400
2.758,15.459,30.486,84.471
2.758,15.413,30.524,84.552
2.758,15.453,30.415,84.522
2.758,15.493,30.792,84.562
2.759,15.480,30.666,84.558
2.758,15.511,30.646,84.542
2.759,15.472,30.787,84.544
6.013,29.203,31.346,89.633
6.012,29.483,31.001,89.753
6.013,29.574,30.831,89.793
6.014,29.545,31.090,89.870
6.013,28.813,30.986,89.787
6.013,29.433,31.025,89.831
6.015,28.998,30.924,89.643
6.014,29.541,30.852,89.715
6.011,29.143,30.468,89.499
2.758,15.203,30.101,85.904
2.757,15.236,30.392,84.623
2.756,15.205,30.522,83.994
2.755,15.197,30.385,83.906
2.756,15.216,30.440,83.920
2.757,15.236,30.335,83.921
2.757,15.289,30.545,83.901
2.757,15.296,30.493,83.894
2.757,15.302,30.484,83.875
2.756,15.280,30.637,83.913
2.758,15.267,30.382,83.964
2.757,15.248,30.576,83.971
2.757,15.438,30.499,84.076
6.010,28.580,31.252,89.508
6.012,28.536,31.196,89.857
6.013,28.476,31.234,89.933
6.013,28.539,30.798,89.936
6.012,28.719,31.012,89.887
6.012,28.613,31.147,89.883
6.011,28.443,31.214,89.936
6.011,28.621,31.004,89.863
6.012,28.559,31.057,89.914
6.014,28.688,31.103,89.925
6.013,28.590,31.094,89.917
6.013,28.692,30.992,89.910
6.015,28.639,30.935,89.880
6.014,28.476,31.183,89.871
6.014,28.548,31.232,89.866
6.016,28.786,31.191,89.838
6.015,28.292,31.147,89.827
6.014,28.515,31.037,89.843
6.016,28.765,31.036,89.842
6.014,28.671,31.254,89.866
6.013,28.686,31.304,89.855
6.014,28.602,30.871,89.850
6.012,28.575,31.056,89.856
6.014,28.604,31.193,89.856
6.013,28.521,31.034,89.846
6.014,28.532,31.156,89.852
6.013,28.687,31.085,89.850
6.012,28.595,31.056,89.837
6.012,28.695,31.273,89.882
6.011,28.868,31.101,89.846
6.014,28.625,31.474,89.598
6.014,28.787,31.173,89.527
6.014,28.604,31.180,89.526
6.015,28.586,31.185,89.573
6.015,28.650,31.155,89.592
6.013,28.605,31.159,89.500
6.015,28.440,31.312,89.564
6.012,28.670,31.092,89.566
6.013,28.746,31.237,89.577
6.013,28.839,30.803,89.528
6.014,28.655,31.117,89.590
6.014,28.580,31.015,89.551
6.014,28.616,30.892,89.543
6.014,28.818,31.295,89.511
6.015,28.675,31.014,89.441
6.014,28.738,31.296,89.448
6.013,28.751,31.303,89.477
6.014,28.591,31.321,89.497
6.013,28.766,31.438,89.515
6.013,28.832,31.333,89.513
6.012,28.572,31.335,89.529
6.013,28.641,31.136,89.538
6.014,28.606,31.279,89.530
2.760,15.110,30.129,84.192
2.760,15.681,30.689,83.943
2.759,15.669,30.336,83.907
2.759,15.658,30.478,83.960
2.759,15.634,30.308,83.955
2.758,15.661,30.283,83.978
2.759,15.684,30.457,84.067
2.759,15.862,30.472,84.186
2.758,15.786,30.449,84.161
2.758,15.792,30.602,84.153
2.759,15.778,30.303,84.225
2.758,15.788,30.460,84.289
2.759,15.790,30.615,84.278
5.490,26.421,31.207,88.206
5.491,26.677,31.155,88.487
5.491,26.763,31.104,88.538
5.491,26.555,31.020,88.500
5.490,26.727,30.953,88.495
5.490,26.482,30.960,88.492
5.491,26.544,31.082,88.485
5.489,26.655,31.207,88.481
5.490,26.516,30.955,88.451
5.490,26.530,31.028,88.433
5.490,26.501,31.062,88.417
5.490,26.591,30.864,88.424
5.491,26.652,31.117,88.488
5.491,26.460,31.040,88.500
5.493,26.812,31.276,88.496
5.492,26.647,31.043,88.512
5.493,26.604,30.916,88.474
5.492,26.619,31.288,88.452
5.492,26.660,31.025,88.457
5.491,26.641,31.056,88.451
5.491,26.613,31.033,88.392
5.491,26.586,31.119,88.427
5.493,26.588,31.138,88.445
5.491,26.659,31.363,88.466
5.491,26.570,31.173,88.486
5.490,26.606,31.001,88.470
5.490,26.511,31.185,88.419
5.489,26.642,31.198,88.423
5.490,26.670,31.163,88.427
5.489,26.429,31.287,88.464
5.490,26.623,30.914,88.443
5.490,26.648,30.938,88.448
5.490,26.689,31.080,88.480
5.492,26.659,30.968,88.471
5.492,26.393,30.922,88.500
5.493,26.764,31.032,88.473
5.494,26.684,30.916,88.470
5.493,26.738,31.073,88.429
5.493,26.627,31.037,88.435
5.492,26.782,30.882,88.424
5.492,26.710,31.198,88.452
5.492,26.681,31.159,88.437
5.493,26.658,30.915,88.446
5.491,26.608,30.868,88.418
5.493,26.638,31.111,88.412
5.493,26.666,31.229,88.385
5.491,26.667,31.112,88.379
5.492,26.666,31.162,88.389
5.492,26.584,31.154,88.384
5.490,26.556,30.859,88.476
5.491,26.464,30.811,88.457
5.491,26.623,31.167,88.507
5.491,26.517,30.904,88.503
5.491,26.684,31.001,88.373
5.491,26.761,31.130,88.410
5.493,26.664,31.000,88.438
5.492,26.540,30.998,88.417
5.497,26.670,30.909,88.483
5.493,26.678,30.938,88.412
5.492,26.561,30.993,88.365
5.492,26.571,30.838,88.370
5.492,26.644,30.973,88.342
5.493,26.664,30.844,88.380
5.492,26.688,30.926,88.418
5.490,26.658,30.745,88.401
5.491,26.644,30.697,88.433
5.490,26.534,30.741,88.405
5.489,26.533,30.900,88.511
5.490,26.626,30.927,88.488
5.489,26.470,30.949,88.472
5.488,26.528,30.958,88.416
5.490,26.429,30.802,88.433
5.491,26.305,31.009,88.438
5.490,26.509,30.803,88.447
5.490,26.624,30.784,88.460
5.490,26.546,30.848,88.486
5.490,26.724,31.329,88.409
5.490,26.657,31.334,88.363
5.491,26.642,31.183,88.372
5.493,26.428,31.111,88.405
5.491,26.677,31.437,88.352
5.493,26.627,31.314,88.198
5.492,26.848,31.543,88.147
5.491,26.596,31.301,88.201
5.490,26.785,31.199,88.211
5.489,26.412,31.147,88.156
5.488,26.545,31.279,88.252
5.488,26.493,31.154,88.307
5.490,26.878,31.493,88.385
5.490,26.660,31.454,88.382
5.490,26.605,31.287,88.359
5.489,26.744,31.332,88.331
5.490,26.501,31.387,88.310
5.491,26.425,31.331,88.309
5.491,26.618,31.293,88.316
5.489,26.514,31.349,88.294
3.065,15.415,30.693,84.215
3.065,15.155,30.556,84.929
3.066,15.154,30.742,84.965
3.065,15.159,30.726,85.018
3.065,15.155,30.552,85.041
3.065,15.146,30.516,85.085
3.066,15.135,30.676,85.106
3.064,15.128,30.615,85.074
3.064,15.112,30.465,85.082
3.063,15.119,30.550,85.088
3.064,15.108,30.501,85.091
3.064,15.078,30.690,85.108
3.065,15.107,30.425,85.137
3.064,15.068,30.586,85.039
3.064,15.080,30.432,85.095
3.064,15.075,30.487,85.130
3.065,15.056,30.469,85.158
3.062,15.015,30.584,85.159
3.063,14.990,30.604,85.226
3.064,14.966,30.688,85.268
3.065,14.960,30.577,85.205
3.063,14.950,30.567,85.275
3.065,14.930,30.702,85.322
5.491,27.377,30.962,89.013
5.490,27.144,30.961,88.761
5.492,27.068,31.074,88.764
5.491,27.049,30.895,88.777
5.491,27.070,31.041,88.760
5.493,26.950,30.961,88.763
5.492,26.877,30.982,88.748
5.491,27.219,30.935,88.755
5.491,27.200,31.124,88.776
5.491,27.211,31.117,88.739
5.489,27.058,31.155,88.815
5.491,27.004,30.996,88.701
5.491,27.030,31.177,88.704
5.491,27.040,30.881,88.749
5.489,27.003,30.890,88.787
5.491,27.016,31.195,88.749
5.489,27.050,31.056,88.762
5.490,27.000,31.050,88.800
5.489,26.973,31.143,88.840
5.490,26.867,30.949,88.866
5.490,27.075,31.003,88.833
5.490,27.057,31.205,88.854
3.064,15.472,30.659,85.414
3.064,15.460,30.644,84.723
3.064,15.436,30.459,84.574
3.064,15.454,30.322,84.631
3.064,15.445,30.587,84.639
3.063,15.464,30.608,84.709
3.062,15.435,30.708,84.696
3.064,15.437,30.556,84.719
3.063,15.411,30.632,84.701
3.063,15.410,30.636,84.745
3.063,15.393,30.523,84.557
3.062,15.375,30.508,84.644
3.062,15.384,30.588,84.708
5.487,27.186,31.080,88.500
5.488,27.118,30.873,88.725
5.489,27.113,30.900,88.795
5.489,27.062,30.928,88.802
5.489,27.095,31.083,88.805
5.489,27.198,30.875,88.812
5.490,27.167,30.932,88.837
5.489,27.169,30.958,88.793
5.491,27.227,30.946,88.787
3.064,15.749,30.595,85.270
3.065,15.749,30.690,84.759
3.065,15.751,30.678,84.606
3.064,15.698,30.506,84.581
3.064,15.749,30.584,84.551
3.064,15.761,30.561,84.614
3.064,15.771,30.634,84.664
3.065,15.782,30.493,84.661
3.064,15.764,30.744,84.638
3.064,15.761,30.620,84.662
3.063,15.746,30.665,84.680
3.063,15.747,30.488,84.898
3.065,15.757,30.771,85.064
5.486,27.327,31.306,88.610
5.488,27.369,31.200,88.852
5.489,27.280,31.076,88.901
5.490,27.271,31.156,88.909
5.489,27.406,31.405,88.888
5.488,27.375,31.411,88.874
5.489,27.325,31.225,88.794
5.488,27.308,31.187,88.846
5.490,27.444,31.244,88.829
3.064,15.573,30.704,85.856
3.064,15.556,30.546,84.891
3.064,15.566,30.665,84.676
3.064,15.503,30.499,84.550
3.064,15.455,30.380,84.541
3.064,15.476,30.600,84.539
3.065,15.436,30.767,84.558
3.063,15.593,30.623,84.749
3.065,15.549,30.765,84.685
3.065,15.483,30.527,84.670
3.065,15.481,30.715,84.711
3.064,15.497,30.758,84.702
3.064,15.455,30.565,84.700
5.491,27.522,31.270,87.941
5.490,27.593,31.291,88.143
5.491,26.992,31.129,88.123
5.491,27.360,31.157,88.242
5.490,27.192,31.217,88.233
5.490,27.597,31.234,88.157
5.490,27.509,30.930,88.189
5.491,27.511,31.160,88.156
5.490,27.571,31.250,88.116
2.759,15.040,30.655,86.852
2.759,14.968,30.621,85.564
2.759,14.967,30.825,85.389
2.760,14.960,30.610,85.338
2.759,14.863,30.625,85.303
2.759,14.931,30.635,85.305
2.760,14.929,30.680,85.343
2.759,14.970,30.675,85.264
2.759,14.939,30.550,85.276
2.759,14.991,30.699,85.397
2.759,14.984,30.687,85.401
2.758,14.942,30.579,85.426
2.758,14.965,30.616,85.460
5.490,27.674,31.363,88.799
5.489,27.601,31.177,88.812
5.490,27.583,31.172,88.820
5.490,27.566,31.276,88.825
5.490,27.741,31.061,88.900
5.489,27.616,31.046,88.884
5.489,27.697,31.219,88.887
5.490,27.572,31.067,88.838
5.491,27.736,31.252,88.865
3.065,15.960,30.574,85.435
3.066,15.925,30.889,84.817
3.065,15.938,30.798,84.694
3.064,15.938,30.725,84.624
3.065,15.943,30.531,84.653
3.064,15.962,30.680,84.707
3.064,15.942,30.723,84.710
3.064,15.996,30.750,84.730
3.064,15.946,30.843,84.704
3.062,15.683,30.726,84.610
3.062,15.676,30.732,84.696
3.061,15.890,30.421,84.740
3.062,15.863,30.658,84.710
5.489,26.726,31.363,88.866
5.490,26.659,31.221,89.012
5.489,26.645,31.443,89.033
5.488,26.898,31.506,89.088
5.488,26.857,31.365,89.163
5.487,26.757,31.404,89.197
5.488,26.888,31.440,89.077
5.488,26.876,31.265,88.967
5.490,26.675,31.582,88.953
5.491,26.973,31.287,88.981
5.490,26.837,31.244,88.948
5.490,26.885,31.417,88.950
5.489,26.881,31.283,88.916
5.489,26.902,31.405,88.910
5.489,27.080,31.283,88.909
5.490,27.029,31.158,88.842
5.487,26.496,31.142,88.612
5.488,26.897,31.160,88.662
5.486,26.957,31.260,88.734
5.486,27.008,31.043,88.814
5.487,26.760,30.967,88.945
5.487,26.976,31.306,88.899
5.488,26.964,31.222,88.901
5.487,26.892,30.988,88.911
5.487,27.007,31.314,88.886
5.488,26.386,31.277,88.936
5.487,26.920,31.141,88.948
5.487,26.949,31.088,88.956
5.488,26.947,31.266,88.932
5.486,26.899,31.184,88.936
5.487,27.026,31.076,88.895
5.487,26.881,31.161,88.943
5.487,26.864,30.776,88.933
5.489,26.895,31.073,88.958
5.488,26.603,31.140,88.969
5.489,26.848,31.174,88.944
5.488,26.924,31.154,88.910
5.490,26.938,31.408,88.847
5.489,26.904,31.156,88.844
5.491,26.811,31.318,88.902
5.491,26.855,31.245,88.900
5.489,26.885,31.142,88.923
5.490,26.921,31.113,88.927
5.492,26.896,31.079,88.963
5.489,26.641,31.073,88.943
5.490,26.926,31.147,88.936
5.490,26.488,31.106,88.930
5.490,26.919,31.147,88.926
5.488,26.232,31.232,88.904
5.489,26.888,31.328,88.917
5.491,26.906,31.057,88.890
5.489,26.559,31.167,88.894
5.489,26.825,31.248,88.874
3.065,15.470,30.676,86.048
3.062,15.458,30.747,85.574
3.064,15.538,30.505,85.501
3.064,15.539,30.892,85.514
3.065,15.522,30.611,85.498
3.065,15.516,30.878,85.518
3.064,15.480,30.789,85.503
3.064,15.496,30.610,85.486
3.063,15.001,30.460,85.477
3.062,15.278,30.729,85.499
3.062,15.366,30.676,85.512
3.062,15.297,30.748,85.619
3.062,15.553,30.573,86.292
6.009,30.084,31.220,90.104
6.010,29.824,31.466,89.971
6.013,29.978,31.168,89.994
6.012,30.166,31.124,89.846
6.011,30.088,31.236,89.793
6.009,29.960,31.131,89.827
6.010,29.914,31.407,89.819
6.011,30.167,31.063,89.774
6.012,30.038,31.249,89.808
3.062,15.219,30.656,86.208
3.063,15.136,30.662,85.575
3.063,14.975,30.627,85.457
3.065,15.249,30.803,85.491
3.065,15.244,30.551,85.567
3.064,15.246,30.772,85.537
3.065,15.215,30.576,85.503
3.065,15.271,30.553,85.725
3.064,15.207,30.856,85.610
3.065,15.207,30.614,85.593
3.064,15.102,30.534,85.743
3.063,15.062,30.491,86.022
3.063,15.032,30.542,86.123
6.009,29.997,31.181,90.289
6.009,29.896,31.407,89.801
6.009,29.947,31.340,89.756
6.009,29.734,31.066,89.767
6.008,29.813,31.320,89.845
6.010,29.935,31.372,89.920
6.010,29.866,31.195,89.948
6.009,29.805,31.110,89.940
6.009,29.679,31.177,89.914
6.011,29.374,30.951,89.856
6.010,29.657,31.214,89.772
6.011,29.788,31.380,89.843
6.013,29.548,31.291,89.852
6.013,29.685,31.347,89.871
6.013,29.543,31.301,89.865
6.014,29.644,31.198,89.886
6.015,29.780,31.237,89.800
6.013,29.696,31.187,89.799
6.011,29.688,31.128,89.821
6.012,29.786,31.153,90.030
6.012,29.673,31.114,89.761
6.011,29.689,31.156,89.792
6.013,29.795,31.332,89.781
6.011,29.811,31.371,89.776
6.012,29.812,31.466,89.761
6.011,29.606,31.287,89.769
6.011,29.813,31.363,89.725
6.011,29.794,31.406,89.729
6.011,29.848,31.295,89.730
6.011,29.801,31.179,89.738
6.011,29.660,31.206,89.708
6.011,29.446,31.385,89.634
6.012,29.721,31.429,89.659
6.013,29.743,31.471,89.781
6.014,29.758,31.404,89.884
6.015,29.791,31.395,89.848
6.017,29.854,31.361,89.797
6.017,29.784,31.561,89.711
6.015,29.432,31.367,89.619
6.013,29.813,31.140,89.627
6.013,29.796,31.372,89.625
6.013,29.662,31.213,89.623
6.012,29.790,31.289,89.688
6.010,30.064,31.064,89.653
6.013,29.913,31.340,89.676
6.013,29.748,31.193,89.745
6.012,29.760,31.564,89.725
6.012,29.716,31.016,89.689
6.012,29.821,31.270,89.672
6.012,29.624,31.349,89.660
6.012,29.716,31.242,89.654
6.010,29.670,31.307,89.697
6.011,29.854,31.427,89.688
6.012,29.785,31.416,89.689
2.758,14.529,30.599,85.827
2.758,14.627,30.819,84.882
2.758,14.664,30.480,84.660
2.758,14.659,30.745,84.629
2.758,14.664,30.645,84.649
2.758,14.660,30.661,84.653
2.758,14.691,30.532,84.681
2.758,14.652,30.892,84.672
2.757,14.684,30.602,84.690
2.757,14.637,30.843,84.667
2.757,14.675,30.529,84.708
2.757,14.661,30.671,84.707
6.011,29.305,31.378,89.253
6.013,29.043,31.186,89.937
6.014,29.214,31.206,90.023
6.013,29.314,31.372,89.994
6.012,29.294,31.112,90.036
6.012,29.454,31.120,90.008
6.012,29.334,31.268,89.965
6.012,29.243,31.086,89.962
6.012,29.053,31.081,89.916
6.011,28.909,31.243,89.954
6.011,28.934,31.060,89.941
6.013,29.344,31.309,89.918
6.013,29.104,31.335,89.911
6.014,29.203,30.948,89.876
6.014,29.289,31.056,89.891
6.012,29.060,31.128,89.897
6.012,29.127,31.050,89.908
6.013,29.102,31.144,89.919
6.013,29.128,31.169,89.913
6.013,29.153,31.321,89.909
6.014,29.130,31.068,89.924
6.014,29.044,31.139,89.878
6.013,29.162,31.131,89.901
6.012,29.286,31.062,89.927
6.012,29.169,31.138,89.923
6.013,29.085,31.149,89.900
6.013,29.435,31.437,89.895
6.012,29.092,31.134,89.863
6.011,29.161,31.130,89.921
6.012,29.112,30.998,89.937
6.011,29.101,31.043,89.961
6.012,29.233,31.098,89.959
6.012,29.005,31.034,89.942
6.012,29.373,31.053,89.964
6.014,28.775,31.143,89.952
6.013,28.921,30.939,89.927
6.012,29.090,31.087,89.980
6.014,28.823,31.242,89.919
6.014,29.215,31.147,89.925
6.014,29.035,31.365,89.954
6.014,29.459,31.073,89.935
6.014,29.306,31.341,89.972
6.013,29.400,31.216,89.948
6.014,29.024,31.379,89.965
6.012,29.288,31.334,89.960
6.014,29.251,31.259,89.984
6.014,29.025,31.249,89.964
6.014,29.401,31.033,89.934
6.015,29.157,31.081,89.940
6.012,29.290,30.904,89.902
6.013,29.155,31.197,89.891
6.012,29.285,31.173,89.953
6.012,29.301,30.800,89.918
4.229,24.300,31.404,89.236
3.062,15.041,31.253,86.805
3.064,15.109,31.301,86.659
3.065,15.109,31.387,86.868
3.066,15.092,31.282,86.859
3.068,15.079,31.061,86.990
3.067,15.064,30.981,87.029
3.066,14.964,31.015,86.921
3.065,14.988,30.792,87.012
3.066,14.865,30.967,86.911
3.066,14.901,30.965,86.976
3.065,14.835,30.901,86.939
3.064,14.823,30.795,86.932
6.012,28.933,31.624,90.215
6.013,28.824,31.597,90.001
6.014,28.902,31.105,90.091
6.013,29.069,31.402,90.061
6.013,28.513,31.443,90.082
6.012,29.063,31.487,90.060
6.012,29.087,31.525,90.020
6.011,28.695,31.599,90.011
6.011,29.116,32.118,89.974
3.678,18.459,31.361,86.261
3.678,18.481,31.515,85.458
3.678,18.457,31.402,85.449
3.679,18.437,31.431,85.464
3.679,18.440,31.286,85.673
3.678,18.437,31.496,85.696
3.678,18.446,31.485,85.761
3.678,18.420,31.488,85.825
3.678,18.375,31.485,85.855
3.677,18.405,31.489,85.810
3.678,18.428,31.833,85.848
3.678,18.454,31.633,85.972
3.677,18.395,31.309,85.981
6.012,29.635,32.146,89.823
6.013,29.356,31.785,89.905
6.012,29.531,31.928,89.929
6.013,29.535,31.788,89.898
6.013,29.497,31.618,89.947
6.014,29.470,31.675,89.893
6.013,29.670,31.709,89.834
6.013,29.563,31.883,89.857
6.015,29.577,31.872,89.950
6.015,29.575,31.874,89.872
6.014,29.693,32.070,89.893
6.012,29.628,31.964,89.871
6.015,29.576,31.721,89.796
6.015,29.630,31.811,89.699
6.013,29.423,31.609,89.676
6.013,29.754,31.680,89.683
6.014,29.771,31.834,89.715
6.014,29.667,31.818,89.750
6.013,29.633,31.860,89.709
6.014,29.899,31.851,89.795
6.013,29.761,31.811,89.847
6.014,29.575,31.757,89.823
6.012,29.679,31.561,89.741
6.013,29.696,31.645,89.741
6.013,29.712,31.612,89.746
6.012,29.467,31.289,89.471
6.010,29.234,31.699,89.499
6.010,29.586,31.957,89.555
6.010,29.753,31.631,89.659
6.010,29.423,31.704,89.795
6.010,29.801,31.748,89.848
6.010,29.689,31.582,89.508
6.008,29.705,31.537,89.537
6.010,29.474,31.375,89.261
6.009,29.347,30.491,88.057
6.010,29.552,30.497,87.796
6.010,29.386,30.659,88.048
6.011,29.670,30.716,88.451
6.011,29.595,31.485,88.455
6.011,29.934,31.487,87.677
6.012,29.224,30.420,88.066
6.012,29.357,30.503,89.032
6.010,29.456,30.535,89.090
6.012,29.511,30.690,89.097
6.009,29.578,30.652,88.968
6.011,29.546,30.935,89.022
6.011,30.099,30.856,89.059
6.012,29.509,30.872,89.068
6.011,29.943,30.892,89.081
6.011,29.656,30.874,89.128
6.012,29.456,30.914,89.119
6.012,29.936,30.814,89.113
6.012,29.583,30.847,89.101
6.011,30.218,31.089,89.106
6.012,29.588,30.978,89.170
6.012,29.804,31.015,89.191
6.013,30.322,30.974,89.608
6.013,29.698,31.012,89.631
6.014,29.609,31.016,89.596
6.014,30.267,30.913,89.543
6.015,29.670,31.024,89.502
6.016,29.619,31.033,89.524
6.016,30.283,30.865,89.517
6.014,30.082,30.855,89.532
6.015,29.687,30.730,89.538
6.016,29.664,31.197,89.536
6.016,29.547,31.003,89.529
6.015,29.720,31.015,89.572
6.012,29.680,30.863,89.472
6.012,30.037,31.124,89.377
6.010,29.703,30.921,89.502
6.011,29.685,30.872,89.509
6.011,29.995,30.999,89.557
6.011,29.962,30.930,89.506
6.011,30.010,30.971,89.551
6.013,29.779,30.832,89.628
6.012,30.018,30.827,89.659
6.013,29.764,30.754,89.671
6.015,29.742,30.866,89.648
6.013,29.821,30.783,89.656
6.013,29.466,30.701,89.657
6.014,29.637,30.790,89.604
6.013,29.656,30.879,89.565
6.013,29.562,30.940,89.585
6.013,29.675,30.870,89.573
6.011,29.916,30.895,89.599
6.013,29.237,30.855,89.666
6.013,29.606,31.252,89.664
6.014,29.964,30.935,89.630
6.013,30.018,31.014,89.659
6.013,29.753,31.070,89.670
6.014,29.710,30.721,89.686
6.013,29.627,30.942,89.648
6.012,29.843,31.087,89.635
6.012,29.972,31.001,89.661
6.011,29.820,30.821,89.654
6.014,30.295,30.647,89.621
6.012,29.732,30.962,89.669
6.013,29.663,31.233,89.694
6.012,29.572,30.972,89.682
6.013,29.769,30.899,89.658
6.014,29.719,30.998,89.699
6.014,29.706,30.997,89.657
6.015,29.744,30.851,89.634
6.015,29.876,30.850,89.621
6.014,29.797,30.920,89.584
6.016,29.762,30.957,89.594
6.014,29.813,31.109,89.637
6.014,29.659,30.964,89.636
6.013,29.856,30.550,89.585
6.012,29.665,30.688,89.704
6.012,30.162,30.805,89.681
6.012,29.768,30.644,89.676
6.013,29.952,30.806,89.685
6.010,29.539,30.862,89.671
6.013,29.724,30.873,89.671
6.013,29.766,30.842,89.641
6.013,29.562,30.537,89.582
6.013,29.866,31.012,89.485
4.262,21.637,30.735,86.525
4.262,21.798,30.319,86.668
4.260,21.779,30.520,86.652
4.262,21.694,30.469,86.738
4.262,21.793,30.267,86.793
4.263,21.855,30.555,86.792
4.262,21.791,30.425,86.733
4.263,21.838,30.454,86.763
4.264,21.816,30.502,86.805
4.263,21.859,30.193,86.838
4.262,21.856,30.685,86.945
4.262,21.796,30.359,86.941
4.262,21.881,30.758,86.944
6.010,28.961,30.981,89.760
6.012,28.780,30.837,89.790
6.011,29.258,30.903,89.812
6.013,29.092,30.979,89.792
6.013,29.009,30.789,89.768
6.012,28.816,30.745,89.808
6.012,28.915,30.834,89.842
6.012,28.994,31.006,89.848
6.011,29.272,30.997,89.848
4.261,20.986,30.283,87.222
4.261,20.991,30.369,87.072
4.261,20.858,30.486,87.086
4.262,20.966,30.551,87.155
4.263,20.872,30.539,87.138
4.261,20.930,30.585,87.105
4.261,20.931,30.507,87.112
4.261,20.951,30.487,87.137
4.261,20.956,30.455,87.115
4.261,20.946,30.569,87.094
4.262,20.969,30.778,87.128
4.261,20.836,30.700,87.158
4.261,20.834,30.646,87.171
6.014,28.610,30.810,89.546
6.013,28.607,30.623,89.579
6.014,28.830,30.888,89.653
6.012,28.764,30.727,89.725
6.015,28.677,30.660,89.731
6.012,28.765,30.875,89.596
6.013,28.672,30.920,89.542
6.012,29.102,30.878,89.573
6.013,28.674,31.063,89.537
4.294,21.468,30.331,86.602
4.294,21.412,30.444,86.384
4.294,21.315,30.439,86.391
4.294,21.204,30.469,86.381
4.294,21.301,30.306,86.449
4.295,21.409,30.564,86.473
4.293,21.461,30.442,86.450
4.294,21.321,30.412,86.484
4.293,21.316,30.457,86.478
4.294,21.210,30.657,86.512
4.294,21.282,30.374,86.495
4.294,21.322,30.759,86.466
4.295,21.447,30.692,86.441
6.013,28.607,31.152,89.477
6.013,28.789,30.912,89.646
6.013,28.775,30.909,89.634
6.012,28.551,30.771,89.584
6.013,28.689,30.999,89.536
6.013,28.714,30.843,89.556
6.012,28.782,30.718,89.578
6.011,28.701,30.650,89.565
6.012,28.704,31.048,89.604
6.014,28.545,30.951,89.615
6.013,28.548,30.768,89.608
6.013,28.737,30.657,89.608
6.012,28.560,30.915,89.646
6.012,28.860,30.959,89.693
6.014,28.639,30.932,89.683
6.015,28.666,30.915,89.635
6.014,28.815,30.845,89.559
6.014,28.910,30.866,89.542
6.014,28.563,30.852,89.488
6.014,29.021,30.935,89.526
6.014,28.745,31.110,89.601
6.012,28.786,30.761,89.595
6.013,28.834,30.786,89.583
6.014,28.721,31.016,89.558
6.014,28.740,30.918,89.552
6.014,28.665,31.140,89.538
6.014,28.630,30.713,89.528
6.013,28.817,30.673,89.514
6.012,28.808,30.982,89.500
6.013,28.789,30.916,89.524
6.014,28.697,30.854,89.719
3.678,18.995,30.391,86.879
3.677,19.100,30.717,86.598
3.678,19.111,30.555,86.599
3.678,19.122,30.603,86.617
3.678,19.108,30.497,86.635
3.679,19.166,30.673,86.636
3.680,19.200,30.645,86.658
3.679,19.193,30.636,86.592
3.680,19.128,30.568,86.621
3.678,19.090,30.597,86.612
3.678,19.108,30.621,86.614
3.679,19.051,30.715,86.634
3.679,19.072,30.731,86.655
6.012,29.719,31.250,89.607
6.013,29.610,31.091,89.728
6.012,29.570,31.222,89.731
6.013,29.727,31.054,89.740
6.013,29.760,31.322,89.743
6.013,29.447,31.076,89.782
6.012,29.715,30.946,89.776
6.014,29.721,31.417,89.779
6.015,29.607,31.112,89.739
6.013,29.692,31.087,89.721
6.013,29.584,31.166,89.705
6.015,29.480,31.013,89.728
6.013,29.757,30.765,89.719
6.012,29.642,31.131,89.730
6.014,29.537,31.138,89.744
6.015,29.617,31.011,89.745
6.014,29.673,31.129,89.726
6.013,29.747,30.983,89.672
6.013,29.630,31.398,89.712
6.014,29.724,31.104,89.765
6.013,29.792,31.141,89.793
6.013,29.653,31.150,89.754
6.014,29.688,31.225,89.756
6.013,29.559,31.283,89.753
6.015,29.685,31.080,89.702
6.014,29.727,31.026,89.644
6.014,29.617,30.853,89.629
6.015,29.663,31.076,89.679
6.014,29.610,31.138,89.680
6.014,29.672,31.209,89.645
6.014,29.708,30.941,89.674
6.014,29.687,31.206,89.596
6.014,29.775,31.193,89.630
6.014,29.656,30.987,89.655
6.014,29.605,31.037,89.669
6.014,29.738,30.857,89.678
6.015,29.741,31.279,89.701
6.015,29.740,31.013,89.640
6.014,29.702,31.025,89.640
6.015,29.732,31.001,89.647
6.013,29.640,31.122,89.662
6.015,29.692,31.199,89.675
6.014,29.658,31.132,89.681
6.013,29.743,31.254,89.712
6.016,29.823,31.361,89.710
6.016,29.655,31.220,89.663
6.017,29.662,31.156,89.680
6.016,29.691,30.977,89.670
6.014,29.604,31.137,89.639
6.014,29.716,31.331,89.661
6.014,29.637,31.269,89.649
6.013,29.733,31.172,89.644
6.014,29.658,31.191,89.681
3.064,15.375,30.409,85.046
3.064,15.396,30.331,84.703
3.064,15.324,30.432,84.718
3.063,15.264,30.682,84.625
3.370,16.568,30.479,85.295
3.370,16.555,30.406,85.912
3.370,16.550,30.290,86.002
3.370,16.620,30.367,85.989
3.065,16.528,30.423,85.001
3.064,15.143,30.452,84.915
3.062,15.124,30.323,84.813
3.063,15.071,30.334,84.919
3.063,15.011,30.083,84.905
6.010,29.897,30.985,89.463
6.011,29.598,30.863,89.837
6.011,29.849,30.843,89.883
6.011,29.897,30.992,89.871
6.010,29.648,31.012,89.855
6.012,29.564,30.694,89.815
6.012,29.803,31.073,89.755
6.011,29.595,30.987,89.709
6.014,29.588,31.021,89.583
3.063,15.101,30.363,85.676
3.062,15.075,30.370,85.387
3.369,16.991,30.647,85.383
3.368,17.012,30.298,85.900
3.368,16.987,30.346,86.058
3.674,17.501,30.401,86.878
3.063,15.265,30.391,86.414
3.063,15.175,30.205,85.904
3.063,15.159,30.142,85.714
3.063,15.136,30.337,85.663
3.063,15.154,30.402,85.628
3.064,15.154,30.067,85.614
3.063,15.133,30.248,85.575
6.010,29.878,30.996,89.575
6.009,29.877,31.075,89.800
6.010,29.851,30.666,89.776
6.009,29.714,30.569,89.801
6.010,29.873,30.971,89.845
6.012,29.632,30.901,89.757
6.010,29.399,30.927,89.755
6.011,29.935,30.830,89.788
6.012,29.718,30.824,89.763
3.065,14.781,30.341,85.805
3.063,14.801,30.385,85.639
3.063,14.826,30.529,85.650
3.063,14.856,30.419,85.654
3.064,14.860,30.389,85.727
3.064,14.851,30.433,85.753
3.064,14.861,30.436,85.759
3.064,14.852,30.132,85.796
3.064,14.836,30.274,85.759
3.063,14.810,30.087,85.701
3.063,14.760,30.190,85.675
3.063,14.794,30.340,85.833
3.062,14.812,30.342,85.914
6.010,29.343,31.171,89.827
6.012,29.613,30.824,89.901
6.011,29.235,30.760,89.877
6.011,29.414,30.944,89.920
6.012,29.557,30.819,89.928
6.011,29.841,31.021,89.941
6.010,29.561,30.824,89.916
6.011,29.441,30.977,89.866
6.010,29.404,31.061,89.804
3.063,14.963,30.643,85.924
3.064,14.934,30.367,85.697
3.064,14.930,30.444,85.665
3.064,14.922,30.448,85.679
3.065,14.921,30.282,85.745
3.065,14.934,30.306,85.769
3.063,14.953,30.550,85.811
3.066,14.954,30.407,85.762
3.064,14.934,30.511,85.804
3.063,14.943,30.474,85.859
3.064,14.937,30.545,85.838
3.064,14.929,30.631,85.839
3.064,15.089,30.540,85.844
6.012,29.848,30.930,90.139
6.012,29.828,30.962,89.892
6.012,29.865,31.268,89.920
6.011,29.834,30.960,89.919
6.009,29.879,30.848,89.886
6.010,29.697,31.011,89.852
6.010,29.848,31.007,89.851
6.012,29.974,30.825,89.842
6.010,29.766,30.834,89.786
2.452,14.375,30.428,85.967
2.452,14.474,30.770,85.477
2.452,14.480,30.616,85.128
2.452,14.508,30.468,85.075
2.452,14.489,30.482,85.124
2.452,14.496,30.425,85.157
2.452,14.521,30.502,85.136
2.452,14.596,30.445,85.403
2.453,14.550,30.630,85.316
2.452,14.558,30.410,85.235
2.452,14.531,30.426,85.188
2.451,14.455,30.508,85.167
2.451,14.552,30.450,85.084
5.793,28.817,31.063,89.879
5.795,29.094,30.993,89.676
5.795,29.165,30.959,89.617
5.795,28.922,30.988,89.592
5.795,28.755,31.224,89.596
5.796,28.879,30.729,89.570
5.797,28.851,30.642,89.548
5.795,28.979,31.021,89.549
5.797,29.045,31.128,89.542
5.797,29.062,31.057,89.521
5.798,29.045,31.141,89.526
5.798,28.951,30.940,89.515
5.797,28.975,30.748,89.557
5.797,28.978,31.102,89.570
5.798,29.065,31.088,89.564
5.797,29.023,30.916,89.561
5.798,28.997,31.253,89.523
5.796,28.840,30.953,89.345
5.796,28.944,31.091,89.480
5.794,28.950,30.976,89.536
5.795,28.953,31.139,89.581
5.796,28.830,31.032,89.522
5.796,28.958,30.965,89.522
5.795,29.030,31.045,89.554
5.795,28.960,30.882,89.532
5.795,28.991,31.044,89.542
5.796,28.956,30.874,89.539
5.794,28.797,31.009,89.515
5.795,29.082,31.263,89.525
5.794,28.717,30.884,89.520
5.796,29.005,31.038,89.521
5.796,28.820,31.030,89.530
5.796,28.842,31.092,89.524
5.797,28.984,30.945,89.563
5.797,29.020,30.912,89.540
5.798,28.990,30.824,89.562
5.797,28.968,31.169,89.527
5.797,29.017,31.076,89.540
5.798,29.041,31.118,89.526
5.796,28.986,31.345,89.551
5.799,28.928,31.053,89.527
5.799,28.894,30.887,89.495
5.798,28.890,31.113,89.506
5.798,28.903,30.909,89.517
5.797,29.086,31.000,89.526
5.797,28.866,31.091,89.515
5.796,29.002,30.659,89.472
5.797,28.945,30.971,89.581
5.796,29.057,31.100,89.569
5.796,28.979,30.909,89.584
5.796,29.033,31.330,89.573
5.797,28.939,30.924,89.569
5.796,28.908,30.880,89.590
2.453,13.023,30.619,85.748
2.740,13.010,30.624,84.984
3.064,14.612,29.819,86.890
3.062,15.142,30.441,86.341
3.062,15.165,30.755,86.503
3.062,15.157,30.509,86.642
3.063,15.133,30.705,86.585
3.063,13.870,30.384,86.732
3.063,13.886,31.343,86.855
3.063,13.883,31.426,86.924
3.063,13.806,30.937,86.692
3.062,13.843,31.400,86.862
3.061,13.856,31.386,87.035
6.010,28.701,31.910,89.295
6.011,28.842,31.651,89.250
6.012,28.721,31.800,89.299
6.012,28.979,31.675,89.258
6.011,28.815,31.726,89.267
6.011,28.999,31.874,89.288
6.012,29.420,31.554,89.337
6.012,29.693,31.334,89.315
6.011,28.782,31.475,88.962
3.063,16.168,30.859,85.880
3.063,16.209,31.153,86.035
3.064,16.250,31.126,86.073
3.065,16.310,31.222,86.089
3.065,16.249,31.200,86.045
3.063,16.250,31.337,86.053
3.064,16.249,31.092,86.094
3.065,16.228,31.301,86.127
3.063,16.853,31.415,86.052
3.676,18.569,29.078,86.702
2.452,14.575,30.558,84.899
2.451,14.465,30.583,84.155
2.452,14.433,30.639,84.032
6.011,28.704,31.416,88.783
6.011,28.774,31.002,89.198
6.012,28.581,31.011,89.257
6.012,28.798,31.096,89.328
6.012,28.348,31.175,89.259