DOL,CD,FI3312B
1.000,6.011,31.324
1.042,6.011,31.376
1.083,6.010,31.471
1.125,6.011,31.488
1.167,6.010,31.255
1.208,6.010,31.488
1.250,6.009,31.422
1.292,6.010,31.237
1.375,6.012,31.218
1.417,6.011,31.945
1.458,6.011,31.809
1.500,6.012,31.762
1.542,6.012,31.659
1.583,6.012,31.858
1.625,6.013,31.651
1.667,6.013,31.742
1.708,6.012,31.712
1.750,6.012,31.818
1.792,6.010,31.740
1.833,6.010,31.765
1.875,6.010,31.715
1.958,6.010,31.897
2.000,6.011,31.589
2.042,6.011,31.553
2.083,6.013,31.693
2.125,6.010,31.426
2.167,6.013,31.669
2.208,6.011,31.628
2.250,6.011,31.619
2.292,6.010,31.618
2.375,6.009,31.623
2.417,6.011,31.794
2.458,6.011,31.575
2.500,6.011,31.719
2.542,6.011,31.522
2.583,6.012,31.464
2.625,6.012,31.625
2.667,6.011,31.625
2.708,6.011,31.683
2.750,6.011,31.689
2.792,6.010,31.854
2.833,6.011,31.720
2.875,6.010,31.732
2.958,6.011,31.471
3.000,6.011,31.518
3.042,6.011,31.652
3.083,6.012,31.480
3.125,6.010,31.757
3.167,6.010,31.809
3.208,6.011,31.636
3.250,6.010,31.816
3.292,6.010,31.747
3.375,6.009,31.567
3.417,6.010,31.706
3.458,6.010,31.798
3.500,6.012,31.741
3.542,6.011,31.708
3.583,5.060,31.815
3.625,3.677,31.181
3.667,4.046,31.319
3.708,6.012,31.586
3.750,6.011,31.510
3.792,6.010,31.503
3.833,6.011,31.678
3.875,6.010,31.552
3.958,6.010,31.608
4.000,6.010,31.651
4.042,6.009,31.415
4.083,6.012,31.667
4.125,6.009,31.483
4.167,6.010,31.502
4.208,6.010,31.542
4.250,6.010,31.374
4.292,6.010,31.452
4.375,6.012,31.537
4.417,6.011,31.405
4.458,6.013,31.685
4.500,6.014,31.623
4.542,6.014,31.786
4.583,6.014,31.516
4.625,6.014,31.622
4.667,6.013,31.644
4.708,6.012,31.869
4.750,6.012,31.703
4.792,6.011,31.511
4.833,6.011,31.615
4.875,6.011,31.748
4.958,6.010,31.415
5.000,6.010,31.573
5.042,6.010,31.570
5.083,6.011,31.516
5.125,6.011,31.812
5.167,6.011,31.553
5.208,6.010,31.512
5.250,6.011,31.521
5.292,6.011,31.672
5.375,6.012,31.910
5.417,6.012,31.575
5.458,6.013,31.492
5.500,6.014,31.631
5.542,6.011,31.568
5.583,6.013,31.677
5.625,6.013,31.682
5.667,6.012,31.631
5.708,6.012,31.604
5.750,6.012,31.586
5.792,6.011,31.632
5.833,6.011,31.889
5.875,6.012,31.796
5.958,6.013,31.860
6.000,6.013,31.910
6.042,6.012,31.620
6.083,6.012,31.726
6.125,6.013,31.512
6.167,6.010,31.777
6.208,6.012,31.565
6.250,6.013,31.723
6.292,6.012,31.618
6.375,6.013,31.761
6.417,6.013,31.778
6.458,6.013,31.778
6.500,6.014,31.614
6.542,6.012,31.534
6.583,6.014,31.539
6.625,6.015,31.638
6.667,6.014,31.428
6.708,6.014,31.459
6.750,6.013,31.645
6.792,6.014,31.656
6.833,6.015,31.651
6.875,6.014,31.393
6.958,6.012,31.654
7.000,6.014,31.402
7.042,6.012,31.559
7.083,6.011,31.593
7.125,6.011,31.742
7.167,6.012,31.809
7.208,6.011,31.598
7.250,6.012,31.854
7.292,6.011,31.638
7.375,4.293,31.593
7.417,4.261,31.283
7.458,4.260,31.373
7.500,4.261,31.301
7.542,4.261,31.219
7.583,4.260,31.054
7.625,4.262,31.101
7.667,4.261,30.986
7.708,4.260,31.254
7.750,4.260,30.869
7.792,4.260,31.298
7.833,4.260,31.353
7.875,4.260,31.068
7.958,6.011,31.746
8.000,6.012,31.697
8.042,6.011,31.422
8.083,6.011,31.336
8.125,6.009,31.577
8.167,6.010,31.352
8.208,6.009,31.435
8.250,6.009,31.384
8.292,6.011,31.461
8.375,6.010,31.600
8.417,6.010,31.470
8.458,6.011,31.448
8.500,6.011,31.590
8.542,6.011,31.705
8.583,6.012,31.464
8.625,6.012,31.716
8.667,6.012,31.585
8.708,6.011,31.599
8.750,6.011,31.573
8.792,6.011,31.747
8.833,6.011,31.801
8.875,6.011,31.623
8.958,6.014,31.846
9.000,6.010,31.758
9.042,6.011,31.768
9.083,6.011,31.613
9.125,6.014,31.519
9.167,6.012,31.440
9.208,6.012,31.268
9.250,6.011,31.447
9.292,6.011,31.734
9.375,6.012,31.605
9.417,6.013,31.574
9.458,6.014,31.756
9.500,6.013,31.926
9.542,6.013,31.480
9.583,6.012,31.363
9.625,6.013,31.534
9.667,6.013,31.621
9.708,6.013,31.559
9.750,6.012,31.637
9.792,6.011,31.668
9.833,6.011,31.545
9.875,6.011,31.702
9.958,6.011,31.612
10.000,6.009,31.653
10.042,6.010,31.676
10.083,6.012,31.835
10.125,6.011,31.698
10.167,6.010,31.576
10.208,6.013,31.587
10.250,6.011,31.648
10.292,6.011,31.417
10.375,6.012,31.740
10.417,6.012,31.834
10.458,6.012,31.708
10.500,6.012,31.578
10.542,6.012,31.606
10.583,6.013,31.493
10.625,6.013,31.628
10.667,6.013,31.510
10.708,6.012,31.767
10.750,6.011,31.961
10.792,6.012,31.677
10.833,6.010,31.665
10.875,6.011,31.902
10.958,6.010,31.607
11.000,6.010,31.715
11.042,6.009,31.586
11.083,6.011,31.798
11.125,6.010,31.618
11.167,6.011,31.640
11.208,6.011,31.376
11.250,6.011,31.473
11.292,6.011,31.665
11.375,6.009,31.415
11.417,6.012,31.661
11.458,6.013,31.632
11.500,6.012,31.707
11.542,6.012,31.785
11.583,6.013,31.538
11.625,6.013,31.879
11.667,6.012,31.652
11.708,6.013,31.695
11.750,6.012,31.622
11.792,6.012,31.648
11.833,6.011,31.673
11.875,6.011,31.625
11.958,6.013,31.826
12.000,6.010,31.757
12.042,6.010,31.734
12.083,6.011,31.676
12.125,6.010,31.539
12.167,6.012,31.502
12.208,6.011,31.638
12.250,6.010,31.541
12.292,6.011,31.630
12.375,6.010,31.560
12.417,6.013,32.056
12.458,6.013,31.377
12.500,6.013,31.794
12.542,6.012,31.629
12.583,6.014,31.716
12.625,6.014,31.750
12.667,6.014,31.419
12.708,6.013,31.796
12.750,6.014,31.516
12.792,6.012,31.561
12.833,6.012,31.595
12.875,6.011,31.862
12.958,6.012,31.666
13.000,6.012,31.512
13.042,6.011,31.699
13.083,6.012,31.623
13.125,6.015,31.855
13.167,6.013,31.800
13.208,6.011,31.711
13.250,6.013,31.787
13.292,6.012,31.510
13.375,6.013,31.754
13.417,6.013,31.517
13.458,6.014,31.762
13.500,6.014,31.622
13.542,6.015,31.731
13.583,6.015,31.542
13.625,6.013,31.638
13.667,6.014,31.756
13.708,6.013,31.650
13.750,6.013,31.722
13.792,6.011,31.724
13.833,6.010,31.561
13.875,6.012,31.511
13.958,6.012,31.826
14.000,6.011,31.477
14.042,6.012,31.484
14.083,6.013,31.592
14.125,6.014,31.547
14.167,6.013,31.558
14.208,6.013,31.583
14.250,6.013,31.622
14.292,6.014,31.636
14.375,6.013,31.702
14.417,5.982,31.648
14.458,6.013,31.639
14.500,6.013,31.740
14.542,6.014,31.757
14.583,6.012,31.496
14.625,6.014,31.637
14.667,6.013,31.632
14.708,6.013,31.548
14.750,6.012,31.755
14.792,6.013,31.343
14.833,6.012,31.608
14.875,6.012,31.716
14.958,6.014,31.446
15.000,6.011,31.408
15.042,6.011,31.823
15.083,6.011,31.686
15.125,6.011,31.626
15.167,6.011,31.700
15.208,6.010,31.475
15.250,6.010,31.603
15.292,6.013,31.644
15.375,6.014,31.725
15.417,6.014,31.956
15.458,6.013,31.675
15.500,6.013,31.619
15.542,6.014,31.552
15.583,6.015,31.662
15.625,6.015,31.495
15.667,6.014,31.598
15.708,6.014,31.741
15.750,6.014,31.742
15.792,6.012,31.733
15.833,6.014,31.654
15.875,6.013,31.646
15.958,6.013,31.784
16.000,6.012,31.718
16.042,6.013,31.703
16.083,6.012,31.464
16.125,6.011,31.439
16.167,6.011,31.627
16.208,6.014,31.613
16.250,6.013,31.593
16.292,6.011,31.506
16.375,6.012,31.752
16.417,6.013,31.532
16.458,6.014,31.480
16.500,6.014,31.691
16.542,6.014,31.287
16.583,6.014,31.506
16.625,6.013,31.686
16.667,6.015,31.679
16.708,6.014,31.584
16.750,6.014,31.815
16.792,6.013,31.464
16.833,6.012,31.743
16.875,6.013,31.884
16.958,6.013,31.698
17.000,6.014,31.753
17.042,6.012,31.672
17.083,6.013,31.688
17.125,6.010,31.723
17.167,6.012,31.661
17.208,6.012,31.582
17.250,6.011,31.899
17.292,6.011,31.902
17.375,6.013,31.681
17.417,6.012,31.550
17.458,6.013,31.369
17.500,6.012,31.274
17.542,6.014,31.578
17.583,6.014,31.651
17.625,6.013,31.654
17.667,6.013,31.456
17.708,6.013,31.562
17.750,6.013,31.733
17.792,6.013,31.590
17.833,6.012,31.704
17.875,6.013,31.673
17.958,6.012,31.405
18.000,6.012,31.661
18.042,6.012,31.468
18.083,6.010,31.455
18.125,6.012,31.575
18.167,6.010,31.709
18.208,6.010,31.731
18.250,6.010,31.610
18.292,6.010,31.494
18.375,6.011,31.647
18.417,6.011,31.572
18.458,6.012,31.622
18.500,6.011,31.535
18.542,6.010,31.502
18.583,6.009,31.410
18.625,6.009,31.447
18.667,6.009,31.821
18.708,6.009,31.817
18.750,6.010,31.790
18.792,6.011,31.548
18.833,6.010,31.799
18.875,6.009,31.503
18.958,6.010,31.488
19.000,6.009,31.495
19.042,6.009,31.472
19.083,6.010,31.434
19.125,6.012,31.181
19.167,6.011,31.691
19.208,6.012,31.570
19.250,6.011,31.690
19.292,6.009,31.539
19.375,6.010,31.465
19.417,6.012,31.484
19.458,6.013,31.512
19.500,6.014,31.727
19.542,6.015,31.422
19.583,6.014,31.612
19.625,6.014,31.702
19.667,6.014,31.489
19.708,6.013,31.395
19.750,6.013,31.610
19.792,6.013,31.327
19.833,6.013,31.506
19.875,6.015,31.459
19.958,6.014,31.557
20.000,6.013,31.644
20.042,6.011,31.700
20.083,6.012,31.873
20.125,6.011,31.603
20.167,6.013,31.910
20.208,6.011,31.817
20.250,6.011,31.741
20.292,6.009,31.736
20.375,6.012,31.816
20.417,6.013,32.003
20.458,6.011,31.814
20.500,6.016,31.752
20.542,6.015,31.876
20.583,6.015,31.747
20.625,6.014,31.430
20.667,6.014,31.636
20.708,6.014,31.661
20.750,6.012,31.832
20.792,6.013,31.625
20.833,6.013,31.406
20.875,6.014,31.368
20.958,6.013,31.481
21.000,6.012,31.463
21.042,6.013,31.607
21.083,6.012,31.484
21.125,6.011,30.950
21.167,6.009,31.072
21.208,6.010,31.540
21.250,6.010,31.373
21.292,6.010,31.402
21.375,6.012,31.530
21.417,6.011,31.499
21.458,6.012,31.373
21.500,6.012,31.752
21.542,6.013,31.401
21.583,6.013,31.402
21.625,6.014,31.711
21.667,6.013,31.763
21.708,6.012,31.512
21.750,6.012,31.807
21.792,6.012,31.894
21.833,6.013,31.774
21.875,6.012,31.784
21.958,6.012,31.679
22.000,6.012,31.884
22.042,6.013,31.468
22.083,6.012,31.367
22.125,6.012,31.462
22.167,6.011,31.305
22.208,6.013,31.412
22.250,6.013,31.628
22.292,6.012,31.538
22.375,6.014,31.612
22.417,6.013,31.651
22.458,6.013,31.737
22.500,6.013,31.892
22.542,6.014,31.707
22.583,6.014,31.471
22.625,6.014,31.663
22.667,6.013,31.502
22.708,6.013,31.783
22.750,6.013,31.519
22.792,6.012,31.612
22.833,6.013,31.784
22.875,6.013,31.494
22.958,6.013,31.586
23.000,6.014,31.533
23.042,6.012,31.460
23.083,6.012,31.567
23.125,6.012,31.561
23.167,6.011,31.489
23.208,6.012,31.477
23.250,6.012,31.451
23.292,6.010,31.452
23.375,6.010,31.687
23.417,6.011,31.732
23.458,6.009,31.624
23.500,6.011,31.665
23.542,6.011,31.550
23.583,6.011,31.806
23.625,6.013,31.490
23.667,6.012,31.599
23.708,6.012,31.561
23.750,6.012,31.578
23.792,6.012,31.579
23.833,6.011,31.247
23.875,6.011,31.692
23.958,6.015,31.774
24.000,6.012,31.674
24.042,6.012,31.635
24.083,6.012,31.569
24.125,6.013,31.569
24.167,6.012,31.629
24.208,6.012,31.538
24.250,6.013,31.382
24.292,6.012,31.549
24.375,6.012,31.464
24.417,6.011,31.384
24.458,6.012,31.344
24.500,6.013,31.584
24.542,6.014,31.571
24.583,6.014,31.465
24.625,6.013,31.535
24.667,6.013,31.485
24.708,6.013,31.509
24.750,6.014,31.742
24.792,6.012,31.318
24.833,6.013,31.507
24.875,6.012,31.508
24.958,6.013,31.641
25.000,6.012,31.560
25.042,6.012,31.768
25.083,6.010,31.617
25.125,6.011,31.552
25.167,6.011,31.472
25.208,6.011,31.625
25.250,6.011,31.533
25.292,6.013,31.601
25.375,6.013,31.569
25.417,6.013,31.628
25.458,6.013,31.543
25.500,6.013,31.523
25.542,6.014,31.641
25.583,6.014,31.739
25.625,6.014,31.640
25.667,6.014,31.542
25.708,6.012,31.559
25.750,6.012,31.404
25.792,6.012,31.776
25.833,6.012,31.510
25.875,6.013,31.617
25.958,6.012,31.655
26.000,6.014,31.665
26.042,6.013,31.547
26.083,6.015,31.429
26.125,6.015,31.495
26.167,6.013,31.521
26.208,6.014,31.815
26.250,6.012,31.575
26.292,6.013,31.651
26.375,6.013,31.603
26.417,6.013,31.708
26.458,6.014,31.516
26.500,6.014,31.521
26.542,6.015,31.622
26.583,6.015,31.828
26.625,6.014,31.487
26.667,6.015,31.519
26.708,6.013,31.535
26.750,6.012,31.760
26.792,6.012,31.742
26.833,6.013,31.453
26.875,6.013,31.548
26.958,6.013,31.663
27.000,6.012,31.510
27.042,6.012,31.378
27.083,6.014,31.662
27.125,6.012,31.559
27.167,6.012,31.513
27.208,6.012,31.680
27.250,6.013,31.491
27.292,6.013,31.591
27.375,6.014,31.699
27.417,6.014,31.561
27.458,6.013,31.597
27.500,6.015,31.690
27.542,6.015,31.848
27.583,6.015,31.713
27.625,6.014,31.715
27.667,6.014,31.555
27.708,6.012,31.799
27.750,6.014,31.453
27.792,6.013,31.674
27.833,6.014,31.636
27.875,6.015,31.628
27.958,6.012,31.596
28.000,6.013,31.651
28.042,6.012,31.387
28.083,6.013,31.655
28.125,6.013,31.803
28.167,6.014,31.589
28.208,6.012,31.723
28.250,6.013,31.760
28.292,6.013,31.834
28.375,2.547,30.883
28.417,2.455,30.885
28.458,2.331,30.878
28.958,6.011,29.879
29.000,6.013,29.749
29.042,6.012,30.292
29.083,6.013,30.227
29.125,6.013,30.748
29.167,6.014,30.403
29.208,6.013,30.608
29.250,6.013,30.712
29.292,6.012,30.616
29.375,3.047,30.184
29.417,2.454,29.611
29.458,2.454,29.744
29.500,2.455,29.995
29.542,2.454,29.776
29.583,2.453,29.690
29.625,2.454,29.674
29.667,2.453,29.426
29.708,2.452,29.889
29.750,2.454,29.941
29.792,2.452,29.765
29.833,2.453,29.628
29.875,2.452,29.399
29.958,6.012,30.458
30.000,6.012,30.233
30.042,6.012,30.391
30.083,6.013,30.807
30.125,6.014,30.146
30.167,6.012,30.573
30.208,6.014,29.766
30.250,6.013,30.302
30.292,6.012,30.501
30.375,4.294,29.749
30.417,2.452,30.687
30.458,2.451,30.935
30.500,2.454,30.775
30.542,2.453,30.316
30.583,2.453,30.525
30.625,2.452,30.879
30.667,2.453,30.793
30.708,2.453,30.558
30.750,2.453,30.761
30.792,2.453,30.699
30.833,2.453,30.567
30.875,2.453,30.525
30.958,6.012,31.576
31.000,6.011,31.801
31.042,6.012,31.543
31.083,6.012,31.607
31.125,6.011,31.478
31.167,6.011,31.433
31.208,6.012,31.910
31.250,6.012,31.382
31.292,6.013,32.019
31.375,2.456,31.256
31.417,2.454,30.867
31.458,2.455,30.977
31.500,2.454,31.034
31.542,2.454,30.682
31.583,2.452,30.755
31.625,2.454,31.026
31.667,2.453,30.703
31.708,2.453,30.429
31.750,2.451,30.784
31.792,2.450,30.836
31.833,2.451,30.592
31.875,2.451,30.619
31.958,6.010,31.066
32.000,6.010,31.544
32.042,6.011,31.150
32.083,6.009,31.202
32.125,6.011,31.426
32.167,6.011,31.622
32.208,6.010,30.827
32.250,6.009,31.078
32.292,6.011,31.252
32.375,3.372,30.628
32.417,2.452,30.570
32.458,2.454,30.687
32.500,2.455,30.890
32.542,2.456,30.898
32.583,2.456,31.165
32.625,2.455,31.017
32.667,2.455,31.060
32.708,2.455,31.082
32.750,2.454,30.700
32.792,2.455,31.073
32.833,2.454,30.528
32.875,2.453,30.570
32.958,6.010,31.508
33.000,6.010,31.395
33.042,6.011,31.302
33.083,6.011,31.356
33.125,6.011,31.362
33.167,6.008,31.347
33.208,6.008,31.158
33.250,6.010,31.129
33.292,6.010,31.285
33.375,6.010,31.357
33.417,6.008,31.538
33.458,6.012,31.143
33.500,6.011,31.056
33.542,6.012,31.379
33.583,6.013,31.056
33.625,6.010,31.225
33.667,6.012,31.103
33.708,6.010,31.343
33.750,6.010,30.960
33.792,6.009,30.874
33.833,6.008,30.712
33.875,6.007,30.868
33.958,6.006,30.896
34.000,6.006,31.276
34.042,6.005,30.727
34.083,6.006,30.798
34.125,6.006,30.760
34.167,6.005,30.633
34.208,6.005,30.571
34.250,6.003,30.721
34.292,6.003,30.342
34.375,6.005,30.888
34.417,6.006,30.957
34.458,6.009,30.828
34.500,6.011,31.000
34.542,6.011,30.875
34.583,6.010,30.981
34.625,6.012,31.209
34.667,6.013,31.040
34.708,6.013,31.231
34.750,6.012,31.156
34.792,6.011,31.512
34.833,6.012,31.349
34.875,6.011,30.963
34.958,6.010,30.899
35.000,6.009,30.853
35.042,6.009,30.815
35.083,6.008,30.862
35.125,6.009,30.857
35.167,6.008,30.982
35.208,6.008,30.911
35.250,6.008,30.724
35.292,6.007,30.944
35.375,6.009,31.044
35.417,6.011,30.561
35.458,6.012,30.256
35.500,6.012,30.620
35.542,6.014,30.744
35.583,6.013,30.598
35.625,6.012,30.306
35.667,6.012,30.705
35.708,6.013,30.793
35.750,6.013,30.780
35.792,6.012,30.728
35.833,6.012,30.610
35.875,6.013,30.850
35.958,6.012,30.927
36.000,6.009,30.651
36.042,6.011,30.683
36.083,6.012,30.577
36.125,6.010,30.324
36.167,6.011,30.550
36.208,6.011,30.691
36.250,6.010,30.379
36.292,6.010,30.313
36.375,6.012,30.595
36.417,6.013,30.664
36.458,6.013,30.590
36.500,6.013,30.659
36.542,6.015,30.811
36.583,6.016,30.851
36.625,6.016,30.719
36.667,6.014,30.925
36.708,6.015,30.815
36.750,6.013,30.583
36.792,6.012,30.900
36.833,6.013,30.576
36.875,6.011,30.758
36.958,6.011,30.653
37.000,6.014,30.552
37.042,6.014,30.785
37.083,6.013,30.739
37.125,6.014,30.420
37.167,6.013,30.581
37.208,6.011,30.605
37.250,6.011,30.795
37.292,6.012,30.218
37.375,6.014,30.807
37.417,6.015,30.464
37.458,6.017,30.726
37.500,6.015,30.656
37.542,6.015,30.602
37.583,6.017,30.429
37.625,6.017,30.640
37.667,6.015,30.312
37.708,6.014,30.470
37.750,6.013,30.558
37.792,6.014,30.586
37.833,6.013,30.471
37.875,6.014,30.485
37.958,6.012,30.656
38.000,6.013,30.696
38.042,6.014,30.614
38.083,6.013,30.649
38.125,6.013,30.387
38.167,6.014,30.627
38.208,6.013,30.564
38.250,6.013,30.540
38.292,6.013,30.199
38.375,3.677,30.308
38.417,3.678,30.264
38.458,3.678,29.986
38.500,3.678,30.170
38.542,3.679,29.942
38.583,3.678,29.981
38.625,3.678,29.895
38.667,3.677,29.880
38.708,3.677,29.847
38.750,3.677,30.000
38.792,3.677,30.090
38.833,3.678,30.075
38.875,3.677,30.210
38.958,6.012,30.441
39.000,6.013,30.416
39.042,6.010,30.515
39.083,6.010,30.453
39.125,6.012,30.367
39.167,6.013,30.285
39.208,6.012,30.329
39.250,6.011,30.305
39.292,6.011,30.154
39.375,3.677,30.372
39.417,3.677,30.203
39.458,3.679,30.382
39.500,3.678,30.471
39.542,3.678,30.281
39.583,3.677,30.199
39.625,3.679,30.286
39.667,3.677,30.248
39.708,3.676,30.157
39.750,3.676,30.366
39.792,3.676,30.252
39.833,3.675,29.924
39.875,3.676,30.280
39.958,6.012,30.797
40.000,6.010,30.495
40.042,6.011,30.260
40.083,6.011,30.607
40.125,6.012,30.594
40.167,6.011,30.475
40.208,6.011,30.699
40.250,6.010,30.564
40.292,6.012,30.518
40.375,6.011,30.782
40.417,6.014,30.705
40.458,6.013,30.712
40.500,6.014,30.448
40.542,6.014,30.555
40.583,6.015,30.678
40.625,6.012,30.527
40.667,6.013,30.485
40.708,6.014,30.458
40.750,6.014,30.431
40.792,6.013,30.398
40.833,6.012,30.493
40.875,6.012,30.526
40.958,6.012,30.746
41.000,6.014,30.478
41.042,6.012,30.349
41.083,6.012,30.548
41.125,6.011,30.445
41.167,6.011,30.161
41.208,6.013,30.156
41.250,6.012,30.393
41.292,6.012,30.431
41.375,6.012,30.459
41.417,6.013,30.265
41.458,6.012,30.364
41.500,6.013,30.466
41.542,6.013,30.450
41.583,6.013,30.499
41.625,6.013,30.217
41.667,6.013,30.448
41.708,6.013,30.295
41.750,6.014,30.404
41.792,6.015,30.451
41.833,6.012,30.528
41.875,6.012,30.326
41.958,6.014,30.350
42.000,6.014,30.047
42.042,6.014,30.054
42.083,6.012,30.185
42.125,6.013,30.240
42.167,6.014,30.142
42.208,6.012,30.225
42.250,6.012,30.109
42.292,6.011,30.256
42.375,6.012,30.335
42.417,6.012,30.100
42.458,6.013,30.281
42.500,6.013,30.006
42.542,6.013,30.081
42.583,6.013,30.369
42.625,6.014,30.186
42.667,6.013,30.154
42.708,6.012,30.219
42.750,6.013,30.279
42.792,6.012,30.162
42.833,6.013,30.132
42.875,6.013,30.316
42.958,6.012,30.311
43.000,6.013,30.207
43.042,6.014,30.338
43.083,6.015,30.304
43.125,6.014,30.119
43.167,6.014,30.265
43.208,6.013,30.164
43.250,6.012,30.171
43.292,6.013,30.173
43.375,6.012,30.034
43.417,6.013,30.160
43.458,6.013,30.080
43.500,6.013,30.252
43.542,6.015,30.198
43.583,6.015,30.072
43.625,6.016,30.231
43.667,6.015,30.169
43.708,6.014,30.225
43.750,6.015,30.000
43.792,6.014,30.154
43.833,6.014,30.066
43.875,6.014,30.155
43.958,6.014,29.964
44.000,6.014,30.173
44.042,6.014,29.973
44.083,6.014,29.992
44.125,6.012,30.266
44.167,6.012,30.072
44.208,6.013,29.755
44.250,6.015,30.074
44.292,6.012,29.922
44.375,6.012,30.134
44.417,6.013,30.168
44.458,6.013,29.880
44.500,6.015,29.869
44.542,6.017,30.271
44.583,6.013,30.147
44.625,6.014,30.094
44.667,6.015,30.077
44.708,6.014,30.118
44.750,6.015,30.180
44.792,6.015,30.231
44.833,6.014,30.377
44.875,6.013,30.140
44.958,6.015,30.372
45.000,6.013,30.066
45.042,6.013,30.177
45.083,6.014,30.231
45.125,6.014,30.091
45.167,6.012,30.226
45.208,6.013,30.223
45.250,6.014,30.088
45.292,6.012,30.068
45.375,6.013,30.121
45.417,6.013,30.105
45.458,6.014,30.297
45.500,6.014,30.170
45.542,6.014,30.119
45.583,6.015,29.963
45.625,6.016,30.060
45.667,6.016,30.016
45.708,6.014,30.196
45.750,6.016,30.326
45.792,6.015,30.227
45.833,6.016,30.256
45.875,6.014,30.319
45.958,6.012,30.335
46.000,6.014,30.076
46.042,6.014,30.249
46.083,6.015,30.134
46.125,6.014,30.117
46.167,6.014,30.092
46.208,6.014,30.406
46.250,6.016,30.101
46.292,6.017,30.205
46.375,6.014,30.052
46.417,6.014,29.957
46.458,6.018,29.850
46.500,6.016,30.117
46.542,6.018,30.224
46.583,6.017,29.761
46.625,6.015,30.058
46.667,6.016,30.238
46.708,6.015,29.892
46.750,6.019,30.123
46.792,6.016,29.939
46.833,6.017,30.164
46.875,6.017,30.131
46.958,6.017,30.027
47.000,6.014,29.950
47.042,6.014,29.990
47.083,6.015,30.159
47.125,6.014,29.963
47.167,6.012,29.810
47.208,6.012,29.751
47.250,6.013,29.960
47.292,6.014,29.876
47.375,6.014,30.164
47.417,6.014,29.950
47.458,6.015,29.861
47.500,6.015,29.906
47.542,6.015,29.966
47.583,6.016,29.951
47.625,6.015,30.279
47.667,6.016,29.929
47.708,6.016,29.893
47.750,6.014,29.987
47.792,6.014,30.133
47.833,6.016,29.832
47.875,6.015,30.131
47.958,6.015,30.101
48.000,6.014,30.078
48.042,6.014,30.110
48.083,6.015,30.114
48.125,6.014,29.954
48.167,6.013,30.021
48.208,6.014,30.017
48.250,6.014,30.003
48.292,6.013,29.777
48.375,6.014,29.896
48.417,6.014,29.827
48.458,6.013,29.881
48.500,5.211,29.159
48.542,5.578,29.793
48.583,6.011,29.936
48.625,6.013,30.032
48.667,6.013,29.770
48.708,6.014,30.052
48.750,6.013,30.218
48.792,6.010,30.144
48.833,6.012,30.233
48.875,6.014,30.091
48.958,6.012,30.057
49.000,6.014,30.005
49.042,6.015,30.125
49.083,6.013,30.036
49.125,6.012,29.923
49.167,6.013,29.831
49.208,6.011,30.163
49.250,6.012,29.870
49.292,6.011,29.862
49.375,6.013,29.916
49.417,6.014,30.072
49.458,5.672,29.546
49.500,5.671,29.721
49.542,6.010,29.672
49.583,6.008,29.916
49.625,6.008,30.105
49.667,6.009,29.725
49.708,6.010,29.928
49.750,6.011,29.955
49.792,6.010,30.054
49.833,6.010,29.727
49.875,6.011,30.000
49.958,6.009,29.714
50.000,6.010,29.659
50.042,6.011,29.621
50.083,6.009,29.879
50.125,6.009,29.845
50.167,6.009,29.825
50.208,6.010,29.588
50.250,6.010,29.501
50.292,6.009,29.601
50.375,6.009,29.538
50.417,6.010,29.769
50.458,6.009,29.444
50.500,6.010,29.754
50.542,6.011,29.911
50.583,6.010,29.720
50.625,6.011,29.706
50.667,6.010,29.833
50.708,6.010,30.368
50.750,6.010,30.425
50.792,6.012,30.506
50.833,6.011,30.156
50.875,6.011,30.243
50.958,6.011,30.206
51.000,6.010,30.281
51.042,6.012,30.279
51.083,6.011,30.190
51.125,6.011,30.493
51.167,6.011,30.256
51.208,6.010,30.071
51.250,6.010,30.082
51.292,6.010,29.855
51.375,6.011,30.156
51.417,6.014,30.181
51.458,6.014,30.461
51.500,6.014,30.109
51.542,6.014,30.288
51.583,6.013,30.302
51.625,6.014,30.179
51.667,6.014,30.422
51.708,6.013,30.188
51.750,6.013,30.325
51.792,6.014,30.156
51.833,6.014,29.991
51.875,6.014,29.868
51.958,6.014,30.404
52.000,6.013,30.313
52.042,6.014,30.263
52.083,6.015,30.173
52.125,6.013,29.960
52.167,6.012,30.506
52.208,6.012,30.161
52.250,6.012,30.246
52.292,6.011,30.064
52.375,6.012,30.287
52.417,6.013,30.088
52.458,6.012,30.078
52.500,6.013,30.199
52.542,6.013,30.030
52.583,6.014,30.118
52.625,6.012,30.158
52.667,6.012,30.123
52.708,6.013,30.284
52.750,6.013,30.198
52.792,6.012,30.127
52.833,6.012,30.127
52.875,6.014,30.350
52.958,6.012,29.994
53.000,6.012,30.143
53.042,6.013,30.041
53.083,6.014,29.870
53.125,6.014,30.060
53.167,6.014,29.972
53.208,6.013,30.040
53.250,6.013,30.063
53.292,6.013,30.138
53.375,6.014,30.061
53.417,6.014,30.139
53.458,6.014,30.082
53.500,6.015,29.876
53.542,6.014,30.087
53.583,6.015,29.841
53.625,6.014,30.052
53.667,6.014,30.211
53.708,6.015,29.963
53.750,6.014,29.857
53.792,6.014,30.089
53.833,6.013,30.136
53.875,6.014,30.097
53.958,6.014,30.054
54.000,6.014,30.109
54.042,6.014,29.990
54.083,6.013,30.125
54.125,6.014,30.040
54.167,6.013,30.137
54.208,6.015,29.956
54.250,6.014,29.939
54.292,6.014,30.067
54.375,6.014,30.079
54.417,6.013,30.016
54.458,6.014,29.994
54.500,6.015,30.152
54.542,6.014,30.014
54.583,6.014,30.117
54.625,6.015,29.870
54.667,6.015,30.154
54.708,6.015,29.959
54.750,6.015,29.852
54.792,6.016,30.283
54.833,6.014,29.941
54.875,6.015,29.963
54.958,6.014,30.070
55.000,6.015,30.196
55.042,6.013,30.184
55.083,6.014,30.095
55.125,6.012,29.917
55.167,6.012,30.081
55.208,6.013,29.950
55.250,6.013,29.946
55.292,6.013,30.236
55.375,6.011,29.942
55.417,6.014,29.888
55.458,6.014,29.970
55.500,6.014,30.137
55.542,6.014,29.837
55.583,6.016,30.006
55.625,6.014,30.104
55.667,6.015,30.113
55.708,6.014,30.132
55.750,6.015,30.066
55.792,6.015,30.044
55.833,6.014,29.909
55.875,6.014,29.994
55.958,6.015,30.028
56.000,6.013,29.837
56.042,6.013,30.038
56.083,6.013,29.881
56.125,6.014,29.997
56.167,6.013,30.031
56.208,6.013,30.060
56.250,6.015,29.913
56.292,6.013,30.010
56.375,6.014,30.016
56.417,6.014,29.802
56.458,6.014,29.911
56.500,6.015,29.919
56.542,6.014,29.707
56.583,6.014,30.042
56.625,6.015,29.854
56.667,6.015,29.752
56.708,6.015,29.915
56.750,6.015,29.997
56.792,6.014,30.019
56.833,6.014,29.827
56.875,6.015,30.798
56.958,6.013,30.996
57.000,6.014,30.748
57.042,6.015,30.525
57.083,6.014,30.753
57.125,6.013,30.556
57.167,6.013,30.685
57.208,6.014,30.669
57.250,6.014,30.856
57.292,6.014,30.474
57.375,6.014,30.695
57.417,6.014,30.765
57.458,6.014,30.680
57.500,6.015,30.729
57.542,6.015,30.669
57.583,6.014,30.651
57.625,6.014,30.656
57.667,6.013,30.887
57.708,6.014,30.622
57.750,6.014,30.753
57.792,6.014,30.825
57.833,6.014,30.806
57.875,6.012,30.833
57.958,6.013,30.749
58.000,6.013,30.698
58.042,6.013,30.862
58.083,6.013,30.695
58.125,6.012,30.773
58.167,6.011,30.707
58.208,6.012,30.425
58.250,6.013,30.588
58.292,6.012,30.551
58.375,6.014,30.653
58.417,6.014,30.687
58.458,6.014,30.810
58.500,6.014,30.906
58.542,6.016,30.646
58.583,6.015,30.601
58.625,6.015,30.665
58.667,6.017,30.695
58.708,6.017,30.618
58.750,6.016,30.673
58.792,6.016,30.516
58.833,6.014,30.658
58.875,6.016,30.818
58.958,6.016,30.785
59.000,6.016,30.507
59.042,6.016,30.557
59.083,6.016,30.935
59.125,6.013,30.671
59.167,6.014,30.651
59.208,6.014,30.675
59.250,6.014,30.420
59.292,6.013,30.671
59.375,6.014,30.521
59.417,6.016,30.753
59.458,6.015,30.703
59.500,6.016,30.742
59.542,6.016,30.702
59.583,6.016,30.694
59.625,6.016,30.608
59.667,6.015,30.798
59.708,6.015,30.651
59.750,6.016,30.796
59.792,6.015,30.627
59.833,6.015,30.808
59.875,6.015,30.940
59.958,6.015,30.687
60.000,6.014,30.506
60.042,6.013,30.584
60.083,6.011,30.692
60.125,6.012,30.650
60.167,6.013,30.691
60.208,6.013,30.652
60.250,6.014,30.609
60.292,6.013,30.457
60.375,6.014,30.673
60.417,6.015,30.648
60.458,6.015,30.704
60.500,6.015,30.543
60.542,6.014,30.766
60.583,6.016,30.751
60.625,6.015,30.915
60.667,6.016,30.838
60.708,6.017,30.527
60.750,6.015,30.850
60.792,6.015,30.916
60.833,6.015,30.945
60.875,6.015,30.633
60.958,6.013,30.834
61.000,6.014,30.822
61.042,6.015,31.031
61.083,6.015,30.806
61.125,6.015,30.872
61.167,6.016,30.814
61.208,6.014,30.666
61.250,6.015,30.589
61.292,6.016,30.801
61.375,6.015,30.813
61.417,6.015,30.801
61.458,6.017,31.009
61.500,6.017,30.776
61.542,6.017,30.639
61.583,6.016,30.532
61.625,6.016,30.898
61.667,6.014,30.660
61.708,6.016,30.376
61.750,6.014,30.662
61.792,6.014,30.710
61.833,6.015,30.644
61.875,6.015,30.600
61.958,6.014,30.792
62.000,6.015,30.596
62.042,6.015,30.737
62.083,6.015,30.572
62.125,6.014,30.797
62.167,6.015,30.654
62.208,6.015,30.738
62.250,6.015,30.369
62.292,6.013,30.481
62.375,6.012,30.154
62.417,6.014,30.666
62.458,6.012,30.536
62.500,6.013,30.362
62.542,6.015,30.517
62.583,6.013,30.311
62.625,6.014,30.655
62.667,6.013,30.615
62.708,6.014,30.532
62.750,6.012,30.520
62.792,6.014,30.359
62.833,6.011,30.650
62.875,6.014,30.553
62.958,6.014,30.465
63.000,6.013,30.726
63.042,6.014,30.545
63.083,6.014,30.489
63.125,6.014,30.523
63.167,6.014,30.342
63.208,6.014,30.337
63.250,6.014,30.248
63.292,6.012,30.285
63.375,4.247,29.420
63.417,2.451,30.126
63.458,2.452,30.405
63.500,2.451,30.311
63.542,2.451,30.466
63.583,2.452,30.514
63.625,2.453,30.679
63.667,2.453,30.110
63.708,2.452,30.263
63.750,2.452,30.385
63.792,2.451,30.030
63.833,2.451,30.519
63.875,2.452,30.038
63.958,6.010,31.413
64.000,6.009,31.191
64.042,6.010,31.109
64.083,6.010,31.177
64.125,6.009,31.180
64.167,6.009,31.074
64.208,6.009,31.175
64.250,6.009,31.123
64.292,6.009,31.048
64.375,2.756,30.486
64.417,2.756,30.683
64.458,2.757,30.398
64.500,2.756,30.521
64.542,2.757,30.393
64.583,2.757,30.462
64.625,2.758,30.557
64.667,2.757,30.439
64.708,2.757,30.534
64.750,2.758,30.405
64.792,2.757,30.121
64.833,2.757,30.454
64.875,2.756,30.188
64.958,6.010,31.093
65.000,6.008,30.989
65.042,6.009,31.003
65.083,6.008,30.959
65.125,6.008,30.988
65.167,6.007,30.816
65.208,6.008,31.012
65.250,6.008,30.969
65.292,6.008,30.952
65.375,6.008,31.092
65.417,6.010,30.884
65.458,6.011,31.110
65.500,6.012,30.927
65.542,6.012,31.027
65.583,6.013,31.367
65.625,6.013,31.106
65.667,6.011,31.400
65.708,6.011,31.116
65.750,6.013,31.042
65.792,6.012,31.004
65.833,6.012,31.212
65.875,6.012,30.976
65.958,6.011,30.922
66.000,6.010,31.118
66.042,6.012,31.075
66.083,6.010,31.072
66.125,6.010,30.717
66.167,6.009,31.125
66.208,6.009,30.972
66.250,6.010,30.979
66.292,6.011,30.775
66.375,2.726,30.118
66.417,2.726,30.534
66.458,2.726,30.169
66.500,2.727,30.340
66.542,2.727,30.622
66.583,2.726,30.649
66.625,2.726,30.399
66.667,3.309,29.971
66.708,3.309,30.379
66.750,3.308,30.208
66.792,3.307,30.413
66.833,3.307,30.197
66.875,3.308,30.139
66.958,6.009,31.061
67.000,6.008,30.958
67.042,6.009,31.013
67.083,6.010,30.967
67.125,6.012,30.923
67.167,6.010,30.863
67.208,6.010,30.525
67.250,6.011,30.943
67.292,6.010,31.065
67.375,3.282,30.284
67.417,3.282,30.694
67.458,3.283,30.408
67.500,3.282,30.542
67.542,3.282,30.410
67.583,3.282,30.119
67.625,3.281,30.367
67.667,3.281,31.334
67.708,3.280,31.237
67.750,3.280,30.588
67.792,2.759,30.855
67.833,2.758,30.783
67.875,2.759,30.932
67.958,6.012,31.144
68.000,6.012,31.095
68.042,6.012,30.394
68.083,6.013,30.420
68.125,6.011,30.418
68.167,6.010,30.293
68.208,6.011,30.530
68.250,6.012,30.267
68.292,6.013,30.462
68.375,6.012,30.855
68.417,6.015,30.888
68.458,6.016,30.713
68.500,6.016,30.640
68.542,6.015,30.575
68.583,6.014,30.789
68.625,6.012,30.865
68.667,6.012,31.147
68.708,6.015,30.919
68.750,6.015,30.747
68.792,6.016,31.024
68.833,6.014,30.775
68.875,6.014,30.686
68.958,6.014,30.694
69.000,6.012,30.626
69.042,6.011,30.751
69.083,6.012,30.652
69.125,6.010,30.606
69.167,6.010,30.731
69.208,6.012,30.857
69.250,6.011,30.853
69.292,6.010,30.556
69.375,6.014,30.615
69.417,6.014,31.036
69.458,6.014,31.032
69.500,6.015,30.885
69.542,6.016,30.841
69.583,6.016,31.016
69.625,6.016,30.986
69.667,6.016,30.719
69.708,6.015,31.030
69.750,6.015,30.802
69.792,6.016,30.828
69.833,6.015,30.964
69.875,6.015,31.028
69.958,6.013,30.883
70.000,6.014,30.797
70.042,6.014,30.775
70.083,6.015,31.029
70.125,6.013,30.933
70.167,6.014,30.941
70.208,6.013,30.398
70.250,6.013,30.627
70.292,6.013,30.535
70.375,3.039,30.199
70.417,2.456,29.952
70.458,2.455,30.385
70.500,2.455,30.077
70.542,2.455,30.296
70.583,2.455,29.919
70.625,2.454,29.913
70.667,2.454,30.129
70.708,2.454,29.827
70.750,2.452,30.038
70.792,2.453,29.785
70.833,2.452,29.888
70.875,2.453,29.987
70.958,6.012,30.630
71.000,6.012,30.805
71.042,6.014,30.707
71.083,6.013,30.818
71.125,6.013,30.686
71.167,6.012,30.706
71.208,6.012,30.985
71.250,6.011,30.840
71.292,6.012,30.921
71.375,2.728,29.926
71.417,2.453,30.995
71.458,2.453,31.164
71.500,2.452,30.642
71.542,2.453,30.719
71.583,2.452,30.895
71.625,2.452,30.708
71.667,2.452,30.897
71.708,2.453,30.793
71.750,2.453,30.865
71.792,2.452,30.680
71.833,2.452,30.950
71.875,2.452,30.924
71.958,6.013,31.959
72.000,6.012,31.859
72.042,6.013,31.861
72.083,6.011,31.825
72.125,6.011,31.899
72.167,6.011,31.885
72.208,6.012,31.797
72.250,6.011,31.927
72.292,6.012,31.819
72.375,3.219,30.875
72.417,2.454,31.148
72.458,2.454,31.035
72.500,2.454,31.049
72.542,2.453,30.871
72.583,2.453,31.035
72.625,2.453,31.010
72.667,2.453,30.855
72.708,2.453,30.945
72.750,2.453,30.773
72.792,2.454,30.596
72.833,2.452,30.981
72.875,2.452,30.943
72.958,6.011,30.981
73.000,6.013,31.056
73.042,6.012,30.796
73.083,6.012,30.744
73.125,6.012,30.711
73.167,6.012,30.738
73.208,6.013,30.810
73.250,6.012,30.896
73.292,6.013,30.993
73.375,2.454,29.719
73.417,2.454,30.065
73.458,2.454,29.986
73.500,2.454,30.036
73.542,2.452,29.965
73.583,2.453,30.120
73.625,2.453,29.951
73.667,2.453,29.915
73.708,2.453,30.013
73.750,2.452,30.048
73.792,2.452,29.888
73.833,2.453,29.992
73.875,2.452,30.212
73.958,6.012,30.816
74.000,6.013,31.159
74.042,6.013,30.946
74.083,6.011,30.774
74.125,6.011,30.885
74.167,6.011,30.675
74.208,6.011,30.720
74.250,6.012,30.824
74.292,6.011,30.861
74.375,2.453,30.054
74.417,2.453,30.121
74.458,2.454,30.300
74.500,2.454,30.044
74.542,2.454,30.236
74.583,2.454,30.340
74.625,2.454,30.276
74.667,2.453,30.058
74.708,2.454,29.970
74.750,2.454,29.899
74.792,2.453,30.048
74.833,2.453,29.970
74.875,2.453,30.048
74.958,6.012,31.152
75.000,6.013,30.899
75.042,6.014,30.840
75.083,6.012,30.988
75.125,6.012,30.946
75.167,6.011,30.826
75.208,6.012,31.087
75.250,6.013,31.045
75.292,6.011,31.159
75.375,6.013,30.700
75.417,6.013,30.822
75.458,6.014,30.580
75.500,6.014,30.805
75.542,6.014,30.643
75.583,6.015,30.708
75.625,6.015,30.653
75.667,6.016,30.982
75.708,6.014,30.681
75.750,6.016,30.767
75.792,6.016,30.764
75.833,6.016,30.590
75.875,6.016,30.611
75.958,6.015,30.649
76.000,6.015,30.725
76.042,6.015,30.842
76.083,6.014,30.780
76.125,6.014,30.799
76.167,6.014,30.565
76.208,6.014,30.839
76.250,6.014,30.904
76.292,6.013,30.471
76.375,6.014,30.639
76.417,6.013,30.665
76.458,6.014,30.791
76.500,6.014,30.757
76.542,6.016,30.829
76.583,6.014,30.815
76.625,6.014,30.813
76.667,6.015,30.811
76.708,6.014,30.785
76.750,6.015,30.791
76.792,6.014,31.007
76.833,6.014,30.812
76.875,6.014,30.979
76.958,6.014,30.912
77.000,6.012,31.069
77.042,6.014,31.227
77.083,6.013,30.917
77.125,6.014,30.966
77.167,6.012,30.925
77.208,6.014,30.915
77.250,6.012,30.936
77.292,6.012,30.953
77.375,2.761,29.878
77.417,2.760,30.039
77.458,2.761,29.913
77.500,2.761,29.962
77.542,2.759,29.941
77.583,2.758,29.776
77.625,2.758,29.905
77.667,2.759,30.055
77.708,2.758,30.223
77.750,2.759,29.899
77.792,2.759,30.023
77.833,2.758,29.880
77.875,2.759,29.961
77.958,6.012,30.863
78.000,6.014,30.875
78.042,6.012,30.708
78.083,6.011,30.653
78.125,6.011,30.625
78.167,6.011,30.924
78.208,6.013,30.349
78.250,6.010,30.631
78.292,6.011,30.515
78.375,2.759,29.947
78.417,2.759,29.852
78.458,2.759,29.768
78.500,2.759,29.960
78.542,2.760,30.152
78.583,2.759,30.168
78.625,2.759,29.920
78.667,2.760,30.105
78.708,2.760,29.874
78.750,2.760,30.119
78.792,2.759,30.105
78.833,2.759,29.825
78.875,2.759,29.755
78.958,6.011,30.835
79.000,6.009,30.600
79.042,6.009,30.771
79.083,6.010,30.967
79.125,6.011,30.650
79.167,6.011,30.625
79.208,6.011,30.705
79.250,6.010,30.884
79.292,6.010,30.718
79.375,2.759,30.026
79.417,2.759,29.814
79.458,2.759,30.076
79.500,2.759,30.127
79.542,2.759,30.143
79.583,2.759,30.064
79.625,2.759,29.881
79.667,2.759,30.048
79.708,2.759,30.146
79.750,2.759,29.932
79.792,2.758,29.850
79.833,2.758,30.016
79.875,2.758,30.057
79.958,6.011,30.541
80.000,6.009,30.623
80.042,6.010,30.701
80.083,6.009,30.561
80.125,6.009,30.921
80.167,6.011,30.633
80.208,6.011,30.534
80.250,6.013,30.563
80.292,6.012,30.589
80.375,2.758,29.983
80.417,2.758,30.126
80.458,2.758,30.083
80.500,2.758,30.010
80.542,2.758,29.891
80.583,2.759,30.301
80.625,2.759,30.038
80.667,2.758,30.123
80.708,2.758,30.032
80.750,2.758,30.059
80.792,2.758,29.991
80.833,2.758,29.782
80.875,2.758,29.957
80.958,6.012,31.154
81.000,6.011,30.953
81.042,6.013,30.961
81.083,6.012,30.874
81.125,6.013,30.731
81.167,6.012,30.937
81.208,6.012,30.811
81.250,6.012,30.757
81.292,6.013,30.866
81.375,2.759,30.282
81.417,2.759,30.005
81.458,2.759,30.072
81.500,2.758,30.012
81.542,2.758,29.811
81.583,2.758,29.909
81.625,2.757,30.156
81.667,2.757,30.187
81.708,2.758,30.019
81.750,2.757,30.043
81.792,2.758,30.046
81.833,2.757,30.061
81.875,2.758,29.872
81.958,6.010,30.956
82.000,6.011,30.837
82.042,6.011,30.964
82.083,6.012,30.781
82.125,6.012,30.659
82.167,6.011,30.968
82.208,6.011,30.883
82.250,6.011,30.804
82.292,6.012,30.718
82.375,6.011,30.797
82.417,6.012,30.970
82.458,6.011,30.806
82.500,6.012,30.798
82.542,6.010,30.839
82.583,6.010,30.883
82.625,6.011,30.999
82.667,6.012,30.884
82.708,6.011,30.952
82.750,6.011,30.863
82.792,6.010,30.720
82.833,6.010,31.055
82.875,6.011,31.079
82.958,6.012,30.929
83.000,6.009,31.157
83.042,6.010,30.861
83.083,6.011,30.872
83.125,6.010,31.026
83.167,6.013,30.938
83.208,6.010,31.155
83.250,6.011,30.995
83.292,6.011,31.119
83.375,6.013,31.097
83.417,6.012,30.702
83.458,6.012,30.768
83.500,6.012,30.927
83.542,6.012,30.808
83.583,6.011,30.665
83.625,6.011,30.689
83.667,6.011,30.681
83.708,6.011,30.736
83.750,6.012,30.761
83.792,6.010,30.938
83.833,6.010,30.682
83.875,6.012,30.975
83.958,6.011,30.960
84.000,6.011,30.743
84.042,6.012,30.923
84.083,6.011,30.939
84.125,6.011,30.924
84.167,6.011,30.877
84.208,6.011,30.834
84.250,6.011,30.881
84.292,6.011,30.830
84.375,6.012,30.729
84.417,6.008,30.705
84.458,6.013,30.844
84.500,6.014,30.971
84.542,6.013,30.649
84.583,6.014,30.997
84.625,6.015,30.842
84.667,6.013,31.085
84.708,6.014,30.970
84.750,6.013,30.736
84.792,6.015,31.133
84.833,6.014,31.026
84.875,6.014,30.979
84.958,6.013,30.944
85.000,6.013,30.844
85.042,6.013,30.828
85.083,6.012,31.069
85.125,6.012,31.086
85.167,6.011,30.950
85.208,6.012,31.013
85.250,6.011,31.076
85.292,6.013,30.863
85.375,6.013,30.861
85.417,6.015,30.896
85.458,6.015,30.817
85.500,6.014,30.989
85.542,6.014,30.813
85.583,6.014,30.743
85.625,6.015,30.748
85.667,6.015,30.891
85.708,6.015,30.808
85.750,6.014,30.906
85.792,6.013,30.961
85.833,6.013,30.914
85.875,6.011,31.094
85.958,6.012,31.037
86.000,6.010,30.909
86.042,6.012,31.071
86.083,6.011,30.843
86.125,6.012,30.895
86.167,6.012,31.040
86.208,6.012,30.810
86.250,6.012,30.903
86.292,6.012,31.334
86.375,6.013,30.880
86.417,6.014,30.860
86.458,6.014,31.121
86.500,6.015,30.983
86.542,6.015,30.836
86.583,6.015,30.863
86.625,6.015,30.951
86.667,6.015,30.837
86.708,6.014,30.939
86.750,6.016,30.990
86.792,6.015,31.088
86.833,6.015,31.093
86.875,6.015,31.036
86.958,6.014,30.882
87.000,6.014,30.863
87.042,6.012,30.888
87.083,6.012,30.840
87.125,6.012,30.724
87.167,6.012,30.891
87.208,6.012,30.705
87.250,6.010,30.826
87.292,6.011,30.959
87.375,6.012,30.904
87.417,6.015,30.742
87.458,6.014,30.923
87.500,6.014,30.983
87.542,6.013,31.059
87.583,6.014,30.973
87.625,6.014,30.878
87.667,6.013,31.236
87.708,6.015,30.893
87.750,6.014,30.979
87.792,6.014,31.231
87.833,6.013,31.226
87.875,6.014,30.937
87.958,6.011,31.088
88.000,6.012,31.044
88.042,6.012,30.974
88.083,6.012,30.968
88.125,6.013,30.943
88.167,6.012,30.961
88.208,6.012,30.890
88.250,6.012,30.907
88.292,6.012,30.965
88.375,6.014,31.017
88.417,6.014,30.989
88.458,6.014,30.930
88.500,6.015,31.122
88.542,6.015,31.020
88.583,6.015,30.880
88.625,6.016,31.000
88.667,6.015,30.876
88.708,6.015,30.925
88.750,6.015,30.857
88.792,6.013,30.967
88.833,6.014,31.032
88.875,6.013,31.079
88.958,6.013,30.887
89.000,6.013,30.888
89.042,6.012,30.754
89.083,6.013,31.009
89.125,6.013,30.852
89.167,6.012,30.892
89.208,6.011,31.087
89.250,6.012,30.966
89.292,6.012,30.844
89.375,6.012,30.954
89.417,6.013,30.713
89.458,6.012,30.744
89.500,6.014,30.750
89.542,6.014,30.785
89.583,6.016,31.012
89.625,6.014,30.872
89.667,6.014,30.815
89.708,6.014,30.805
89.750,6.013,30.719
89.792,6.015,30.833
89.833,6.014,30.717
89.875,6.016,30.638
89.958,6.012,30.916
90.000,6.013,30.899
90.042,6.014,30.812
90.083,6.012,31.006
90.125,6.012,30.646
90.167,6.012,30.767
90.208,6.012,30.907
90.250,6.012,31.021
90.292,6.014,30.907
90.375,6.012,30.652
90.417,6.011,30.810
90.458,6.016,30.852
90.500,4.264,30.354
90.542,4.263,30.650
90.583,4.262,30.568
90.625,4.263,30.724
90.667,6.014,31.037
90.708,6.013,30.885
90.750,6.013,31.030
90.792,6.014,30.949
90.833,6.015,31.056
90.875,6.014,31.062
90.958,6.013,30.664
91.000,6.013,31.021
91.042,6.013,30.897
91.083,6.013,30.859
91.125,6.013,30.828
91.167,6.011,31.021
91.208,6.012,30.904
91.250,6.012,30.978
91.292,6.012,30.804
91.375,6.013,30.730
91.417,6.012,30.898
91.458,6.013,30.921
91.500,6.014,30.863
91.542,6.015,30.647
91.583,6.014,30.776
91.625,6.015,30.925
91.667,6.014,30.763
91.708,6.015,30.711
91.750,6.014,30.686
91.792,6.013,30.833
91.833,6.014,30.878
91.875,6.013,30.774
91.958,6.014,30.840
92.000,6.013,30.496
92.042,6.013,30.788
92.083,6.011,30.725
92.125,6.013,30.934
92.167,6.012,30.804
92.208,6.015,30.718
92.250,6.013,30.624
92.292,6.012,30.594
92.375,2.760,30.022
92.417,2.759,30.047
92.458,2.759,29.899
92.500,2.760,30.007
92.542,2.760,29.725
92.583,2.760,29.801
92.625,2.759,30.080
92.667,2.759,29.886
92.708,2.759,30.025
92.750,2.758,30.062
92.792,2.758,30.003
92.833,2.759,29.921
92.875,2.759,29.977
92.958,6.043,30.855
93.000,6.013,30.720
93.042,6.012,30.617
93.083,6.012,30.798
93.125,6.012,30.689
93.167,6.012,30.625
93.208,6.012,30.589
93.250,6.015,30.625
93.292,6.014,30.518
93.375,2.760,30.038
93.417,2.760,30.226
93.458,2.760,30.025
93.500,2.761,30.341
93.542,2.761,30.253
93.583,2.761,30.222
93.625,2.760,30.133
93.667,2.760,29.937
93.708,2.759,30.172
93.750,2.758,29.968
93.792,2.758,30.228
93.833,2.758,30.154
93.875,2.758,30.369
93.958,6.043,31.152
94.000,6.010,30.948
94.042,6.012,30.847
94.083,6.011,30.824
94.125,6.013,30.976
94.167,6.012,30.970
94.208,6.014,31.012
94.250,6.013,30.599
94.292,6.014,30.839
94.375,2.760,29.935
94.417,2.759,30.214
94.458,2.760,30.070
94.500,2.760,30.095
94.542,2.760,30.125
94.583,2.760,30.146
94.625,2.759,29.974
94.667,2.760,30.313
94.708,2.760,30.376
94.750,2.760,30.325
94.792,2.759,30.167
94.833,2.758,30.141
94.875,2.759,30.219
94.958,6.012,30.840
95.000,6.013,31.053
95.042,6.012,31.152
95.083,6.013,31.206
95.125,6.012,30.912
95.167,6.013,31.090
95.208,6.012,30.791
95.250,6.013,31.080
95.292,6.013,31.148
95.375,6.013,30.867
95.417,6.013,31.166
95.458,6.014,30.795
95.500,6.014,30.962
95.542,6.015,30.995
95.583,6.014,30.829
95.625,6.016,30.945
95.667,6.015,31.002
95.708,6.016,30.830
95.750,6.015,30.890
95.792,6.016,31.258
95.833,6.013,30.926
95.875,6.014,31.116
95.958,6.014,30.934
96.000,6.013,30.864
96.042,6.015,30.986
96.083,6.013,30.995
96.125,6.014,30.688
96.167,6.013,30.828
96.208,6.012,30.966
96.250,6.014,30.965
96.292,6.014,30.936
96.375,6.014,30.762
96.417,6.013,30.860
96.458,6.014,30.898
96.500,6.014,30.911
96.542,6.014,30.721
96.583,6.013,30.932
96.625,6.014,31.104
96.667,6.013,30.945
96.708,6.014,30.881
96.750,6.015,30.971
96.792,6.015,30.944
96.833,6.015,30.812
96.875,6.015,31.010
96.958,6.012,30.883
97.000,6.013,30.949
97.042,6.013,31.015
97.083,6.012,31.157
97.125,6.011,31.131
97.167,6.014,30.925
97.208,6.012,30.949
97.250,6.012,31.082
97.292,6.012,31.055
97.375,6.012,30.991
97.417,6.014,30.856
97.458,6.014,30.993
97.500,6.013,30.724
97.542,6.013,31.027
97.583,6.013,31.118
97.625,6.014,30.914
97.667,6.015,31.218
97.708,6.014,30.986
97.750,6.012,30.993
97.792,6.014,30.989
97.833,6.014,31.086
97.875,6.013,31.082
97.958,6.012,30.877
98.000,6.014,30.969
98.042,6.013,30.949
98.083,6.014,31.115
98.125,6.013,31.230
98.167,6.014,30.986
98.208,6.012,31.063
98.250,6.013,31.163
98.292,6.011,31.010
98.375,3.678,30.668
98.417,3.676,30.586
98.458,3.065,30.144
98.500,3.064,30.262
98.542,3.064,29.959
98.583,3.065,30.027
98.625,3.065,29.927
98.667,3.066,30.074
98.708,3.065,30.190
98.750,3.066,30.309
98.792,3.065,30.270
98.833,3.064,30.325
98.875,6.010,30.792
98.958,6.009,30.862
99.000,6.010,31.019
99.042,6.010,30.814
99.083,6.009,30.710
99.125,6.009,30.737
99.167,6.010,30.880
99.208,6.011,30.825
99.250,6.010,30.746
99.292,6.010,30.935
99.375,3.064,30.049
99.417,3.064,30.087
99.458,3.064,30.139
99.500,3.064,30.230
99.542,3.064,30.018
99.583,3.064,30.043
99.625,3.065,30.196
99.667,3.064,30.072
99.708,3.065,30.115
99.750,3.064,30.061
99.792,3.062,29.992
99.833,3.063,30.152
99.875,3.063,30.193
99.958,6.011,30.798
100.000,6.010,30.858
100.042,6.010,30.611
100.083,6.010,30.785
100.125,6.011,30.800
100.167,6.011,30.582
100.208,6.010,30.732
100.250,6.012,30.959
100.292,6.011,30.746
100.375,3.063,30.199
100.417,3.064,30.291
100.458,3.064,29.982
100.500,3.064,29.991
100.542,3.063,30.105
100.583,3.064,30.055
100.625,3.064,30.078
100.667,3.064,30.157
100.708,3.065,30.169
100.750,3.064,30.294
100.792,3.065,30.055
100.833,3.063,30.101
100.875,3.063,30.325
100.958,6.011,31.055
101.000,6.011,31.003
101.042,6.013,30.961
101.083,6.012,30.840
101.125,6.013,30.982
101.167,6.012,31.028
101.208,6.012,30.888
101.250,6.012,30.762
101.292,6.014,30.921
101.375,2.455,30.000
101.417,2.453,30.299
101.458,2.454,30.038
101.500,2.453,29.993
101.542,2.454,30.128
101.583,2.455,30.105
101.625,2.454,29.952
101.667,2.454,30.065
101.708,2.455,30.321
101.750,2.452,30.151
101.792,2.452,29.899
101.833,2.452,30.049
101.875,2.452,30.410
101.958,6.011,31.240
102.000,6.011,30.978
102.042,6.012,31.058
102.083,6.013,31.298
102.125,6.012,31.241
102.167,6.012,31.211
102.208,6.013,30.855
102.250,6.011,30.992
102.292,6.012,31.190
102.375,2.454,30.300
102.417,2.454,29.994
102.458,2.453,30.032
102.500,2.453,30.333
102.542,2.453,30.151
102.583,2.453,30.296
102.625,2.453,30.330
102.667,2.453,30.203
102.708,2.454,30.622
102.750,2.453,30.403
102.792,2.453,30.393
102.833,2.452,30.295
102.875,2.453,30.248
102.958,6.011,31.107
103.000,6.013,31.066
103.042,6.011,31.037
103.083,6.011,31.324
103.125,6.012,31.253
103.167,6.014,31.137
103.208,6.012,31.044
103.250,6.012,31.199
103.292,6.015,31.189
103.375,6.014,31.253
103.417,6.013,31.358
103.458,6.014,31.120
103.500,6.014,31.114
103.542,6.013,31.010
103.583,6.015,31.124
103.625,6.013,31.013
103.667,6.014,30.947
103.708,6.014,31.086
103.750,6.014,31.307
103.792,6.015,31.114
103.833,6.015,31.105
103.875,6.015,31.061
103.958,6.014,31.107
104.000,6.014,31.384
104.042,6.014,31.155
104.083,6.014,30.982
104.125,6.013,31.109
104.167,6.014,31.095
104.208,6.012,31.260
104.250,6.014,30.931
104.292,6.013,31.166
104.375,6.014,31.054
104.417,6.014,31.128
104.458,6.014,30.931
104.500,6.015,31.056
104.542,6.015,30.956
104.583,6.015,30.873
104.625,6.015,31.090
104.667,6.016,31.214
104.708,6.016,30.894
104.750,6.016,31.051
104.792,6.015,31.007
104.833,6.014,30.927
104.875,6.015,30.890
104.958,6.013,30.915
105.000,6.013,31.111
105.042,6.014,31.301
105.083,6.015,31.081
105.125,6.014,31.007
105.167,6.015,30.313
105.208,6.013,30.944
105.250,6.010,30.773
105.292,6.011,30.863
105.375,2.455,30.472
105.417,2.453,30.738
105.458,2.453,30.600
105.500,2.454,30.356
105.542,2.454,30.567
105.583,2.454,30.380
105.625,2.454,30.604
105.667,2.454,30.515
105.708,2.454,30.278
105.750,2.453,30.328
105.792,2.454,30.331
105.833,2.454,30.506
105.875,2.454,30.579
105.958,6.014,31.143
106.000,6.012,30.968
106.042,6.013,31.135
106.083,6.014,31.230
106.125,6.013,30.843
106.167,6.013,30.937
106.208,6.014,31.084
106.250,6.015,31.146
106.292,6.015,31.267
106.375,2.454,30.105
106.417,2.454,30.359
106.458,2.454,30.491
106.500,2.454,30.452
106.542,2.455,30.614
106.583,2.454,30.677
106.625,2.454,30.404
106.667,2.454,30.472
106.708,2.454,30.570
106.750,2.454,30.571
106.792,2.453,30.527
106.833,2.454,30.434
106.875,2.455,30.268
106.958,6.012,31.468
107.000,6.012,31.222
107.042,6.012,31.205
107.083,6.013,31.226
107.125,6.014,31.106
107.167,6.011,31.255
107.208,6.012,31.164
107.250,6.012,30.861
107.292,6.013,30.964
107.375,2.454,30.565
107.417,2.454,30.719
107.458,2.454,30.396
107.500,2.453,30.622
107.542,2.454,30.583
107.583,2.454,30.602
107.625,2.454,30.693
107.667,2.454,30.664
107.708,2.453,30.920
107.750,2.453,30.717
107.792,2.453,30.449
107.833,2.453,30.643
107.875,2.453,30.659
107.958,6.011,31.200
108.000,6.013,31.352
108.042,6.013,31.271
108.083,6.014,31.016
108.125,6.014,31.476
108.167,6.014,31.305
108.208,6.014,31.187
108.250,6.014,31.351
108.292,6.013,31.361
108.375,2.454,30.570
108.417,2.454,30.511
108.458,2.454,30.572
108.500,2.454,30.487
108.542,2.453,30.617
108.583,2.454,30.500
108.625,2.453,30.602
108.667,2.454,30.596
108.708,2.454,30.593
108.750,2.453,30.744
108.792,2.453,30.646
108.833,2.454,30.508
108.875,2.453,30.567
108.958,6.012,31.266
109.000,6.012,31.385
109.042,6.014,31.205
109.083,6.014,31.429
109.125,6.013,31.400
109.167,6.013,31.447
109.208,6.015,31.261
109.250,6.015,31.388
109.292,6.013,31.130
109.375,2.454,30.700
109.417,2.455,30.686
109.458,2.454,30.914
109.500,2.455,30.923
109.542,2.454,30.502
109.583,2.454,30.425
109.625,2.454,30.532
109.667,2.454,30.654
109.708,2.453,30.930
109.750,2.453,30.664
109.792,2.453,30.782
109.833,2.453,30.562
109.875,2.454,30.918
109.958,6.013,31.333
110.000,6.013,31.281
110.042,6.015,31.117
110.083,6.015,30.902
110.125,6.014,31.243
110.167,6.015,31.169
110.208,6.014,30.996
110.250,6.014,31.233
110.292,6.016,31.474
110.375,6.015,31.091
110.417,6.016,31.467
110.458,6.014,31.343
110.500,6.016,31.211
110.542,6.017,31.528
110.583,6.018,31.290
110.625,6.017,31.434
110.667,6.019,31.372
110.708,6.017,31.473
110.750,6.018,31.165
110.792,6.016,31.460
110.833,6.016,31.395
110.875,6.015,31.195
110.958,6.017,31.237
111.000,6.014,31.199
111.042,6.014,31.529
111.083,6.012,31.383
111.125,6.015,31.202
111.167,6.013,31.307
111.208,6.012,31.287
111.250,6.013,31.352
111.292,6.014,31.135
111.375,6.014,31.490
111.417,6.015,30.952
111.458,6.016,31.127
111.500,6.017,31.343
111.542,6.018,30.984
111.583,6.016,31.208
111.625,6.015,31.057
111.667,6.017,31.237
111.708,6.018,31.296
111.750,6.019,31.189
111.792,6.016,30.985
111.833,6.014,31.310
111.875,6.014,31.147
111.958,6.015,31.042
112.000,6.014,31.163
112.042,6.015,31.096
112.083,6.015,30.896
112.125,6.015,30.959
112.167,6.014,31.189
112.208,6.014,31.015
112.250,6.014,31.224
112.292,6.014,31.314
112.375,2.760,30.651
112.417,2.760,30.433
112.458,2.761,30.511
112.500,2.760,30.602
112.542,2.761,30.495
112.583,2.760,30.590
112.625,2.760,30.564
112.667,2.760,30.513
112.708,2.760,30.531
112.750,2.760,30.416
112.792,2.759,30.358
112.833,2.759,30.531
112.875,2.759,30.512
112.958,6.013,31.118
113.000,6.014,31.067
113.042,6.014,30.850
113.083,6.012,30.998
113.125,6.013,31.026
113.167,6.012,30.915
113.208,6.011,31.091
113.250,6.012,31.012
113.292,6.012,31.083
113.375,2.760,30.534
113.417,2.759,30.403
113.458,2.759,30.579
113.500,2.759,30.476
113.542,2.759,30.426
113.583,2.759,30.450
113.625,2.758,30.244
113.667,2.759,30.337
113.708,2.759,30.375
113.750,2.759,30.279
113.792,2.758,30.262
113.833,2.759,30.307
113.875,2.759,30.366
113.958,6.010,30.919
114.000,6.011,30.948
114.042,6.012,31.204
114.083,6.013,30.945
114.125,6.013,31.030
114.167,6.013,30.871
114.208,6.015,31.197
114.250,6.015,31.029
114.292,6.014,30.773
114.375,2.760,30.254
114.417,2.760,30.380
114.458,2.760,30.241
114.500,2.761,30.488
114.542,2.760,30.325
114.583,2.760,30.265
114.625,2.759,30.346
114.667,2.758,30.140
114.708,2.757,30.107
114.750,2.757,30.682
114.792,2.757,30.571
114.833,2.758,30.378
114.875,2.758,30.474
114.958,6.011,31.256
115.000,6.013,30.948
115.042,6.014,31.129
115.083,6.014,31.306
115.125,6.013,31.238
115.167,6.013,31.074
115.208,6.014,31.025
115.250,6.014,31.096
115.292,6.014,31.178
115.375,2.760,30.032
115.417,2.758,30.551
115.458,2.758,30.453
115.500,2.757,30.460
115.542,2.758,30.377
115.583,2.757,30.678
115.625,2.758,30.486
115.667,2.758,30.524
115.708,2.758,30.415
115.750,2.758,30.792
115.792,2.759,30.666
115.833,2.758,30.646
115.875,2.759,30.787
115.958,6.013,31.346
116.000,6.012,31.001
116.042,6.013,30.831
116.083,6.014,31.090
116.125,6.013,30.986
116.167,6.013,31.025
116.208,6.015,30.924
116.250,6.014,30.852
116.292,6.011,30.468
116.375,2.758,30.101
116.417,2.757,30.392
116.458,2.756,30.522
116.500,2.755,30.385
116.542,2.756,30.440
116.583,2.757,30.335
116.625,2.757,30.545
116.667,2.757,30.493
116.708,2.757,30.484
116.750,2.756,30.637
116.792,2.758,30.382
116.833,2.757,30.576
116.875,2.757,30.499
116.958,6.010,31.252
117.000,6.012,31.196
117.042,6.013,31.234
117.083,6.013,30.798
117.125,6.012,31.012
117.167,6.012,31.147
117.208,6.011,31.214
117.250,6.011,31.004
117.292,6.012,31.057
117.375,6.014,31.103
117.417,6.013,31.094
117.458,6.013,30.992
117.500,6.015,30.935
117.542,6.014,31.183
117.583,6.014,31.232
117.625,6.016,31.191
117.667,6.015,31.147
117.708,6.014,31.037
117.750,6.016,31.036
117.792,6.014,31.254
117.833,6.013,31.304
117.875,6.014,30.871
117.958,6.012,31.056
118.000,6.014,31.193
118.042,6.013,31.034
118.083,6.014,31.156
118.125,6.013,31.085
118.167,6.012,31.056
118.208,6.012,31.273
118.250,6.011,31.101
118.292,6.014,31.474
118.375,6.014,31.173
118.417,6.014,31.180
118.458,6.015,31.185
118.500,6.015,31.155
118.542,6.013,31.159
118.583,6.015,31.312
118.625,6.012,31.092
118.667,6.013,31.237
118.708,6.013,30.803
118.750,6.014,31.117
118.792,6.014,31.015
118.833,6.014,30.892
118.875,6.014,31.295
118.958,6.015,31.014
119.000,6.014,31.296
119.042,6.013,31.303
119.083,6.014,31.321
119.125,6.013,31.438
119.167,6.013,31.333
119.208,6.012,31.335
119.250,6.013,31.136
119.292,6.014,31.279
119.375,2.760,30.129
119.417,2.760,30.689
119.458,2.759,30.336
119.500,2.759,30.478
119.542,2.759,30.308
119.583,2.758,30.283
119.625,2.759,30.457
119.667,2.759,30.472
119.708,2.758,30.449
119.750,2.758,30.602
119.792,2.759,30.303
119.833,2.758,30.460
119.875,2.759,30.615
119.958,5.490,31.207
120.000,5.491,31.155
120.042,5.491,31.104
120.083,5.491,31.020
120.125,5.490,30.953
120.167,5.490,30.960
120.208,5.491,31.082
120.250,5.489,31.207
120.292,5.490,30.955
120.375,5.490,31.028
120.417,5.490,31.062
120.458,5.490,30.864
120.500,5.491,31.117
120.542,5.491,31.040
120.583,5.493,31.276
120.625,5.492,31.043
120.667,5.493,30.916
120.708,5.492,31.288
120.750,5.492,31.025
120.792,5.491,31.056
120.833,5.491,31.033
120.875,5.491,31.119
120.958,5.493,31.138
121.000,5.491,31.363
121.042,5.491,31.173
121.083,5.490,31.001
121.125,5.490,31.185
121.167,5.489,31.198
121.208,5.490,31.163
121.250,5.489,31.287
121.292,5.490,30.914
121.375,5.490,30.938
121.417,5.490,31.080
121.458,5.492,30.968
121.500,5.492,30.922
121.542,5.493,31.032
121.583,5.494,30.916
121.625,5.493,31.073
121.667,5.493,31.037
121.708,5.492,30.882
121.750,5.492,31.198
121.792,5.492,31.159
121.833,5.493,30.915
121.875,5.491,30.868
121.958,5.493,31.111
122.000,5.493,31.229
122.042,5.491,31.112
122.083,5.492,31.162
122.125,5.492,31.154
122.167,5.490,30.859
122.208,5.491,30.811
122.250,5.491,31.167
122.292,5.491,30.904
122.375,5.491,31.001
122.417,5.491,31.130
122.458,5.493,31.000
122.500,5.492,30.998
122.542,5.497,30.909
122.583,5.493,30.938
122.625,5.492,30.993
122.667,5.492,30.838
122.708,5.492,30.973
122.750,5.493,30.844
122.792,5.492,30.926
122.833,5.490,30.745
122.875,5.491,30.697
122.958,5.490,30.741
123.000,5.489,30.900
123.042,5.490,30.927
123.083,5.489,30.949
123.125,5.488,30.958
123.167,5.490,30.802
123.208,5.491,31.009
123.250,5.490,30.803
123.292,5.490,30.784
123.375,5.490,30.848
123.417,5.490,31.329
123.458,5.490,31.334
123.500,5.491,31.183
123.542,5.493,31.111
123.583,5.491,31.437
123.625,5.493,31.314
123.667,5.492,31.543
123.708,5.491,31.301
123.750,5.490,31.199
123.792,5.489,31.147
123.833,5.488,31.279
123.875,5.488,31.154
123.958,5.490,31.493
124.000,5.490,31.454
124.042,5.490,31.287
124.083,5.489,31.332
124.125,5.490,31.387
124.167,5.491,31.331
124.208,5.491,31.293
124.250,5.489,31.349
124.292,3.065,30.693
124.375,3.065,30.556
124.417,3.066,30.742
124.458,3.065,30.726
124.500,3.065,30.552
124.542,3.065,30.516
124.583,3.066,30.676
124.625,3.064,30.615
124.667,3.064,30.465
124.708,3.063,30.550
124.750,3.064,30.501
124.792,3.064,30.690
124.833,3.065,30.425
124.875,3.064,30.586
124.958,3.064,30.432
125.000,3.064,30.487
125.042,3.065,30.469
125.083,3.062,30.584
125.125,3.063,30.604
125.167,3.064,30.688
125.208,3.065,30.577
125.250,3.063,30.567
125.292,3.065,30.702
125.375,5.491,30.962
125.417,5.490,30.961
125.458,5.492,31.074
125.500,5.491,30.895
125.542,5.491,31.041
125.583,5.493,30.961
125.625,5.492,30.982
125.667,5.491,30.935
125.708,5.491,31.124
125.750,5.491,31.117
125.792,5.489,31.155
125.833,5.491,30.996
125.875,5.491,31.177
125.958,5.491,30.881
126.000,5.489,30.890
126.042,5.491,31.195
126.083,5.489,31.056
126.125,5.490,31.050
126.167,5.489,31.143
126.208,5.490,30.949
126.250,5.490,31.003
126.292,5.490,31.205
126.375,3.064,30.659
126.417,3.064,30.644
126.458,3.064,30.459
126.500,3.064,30.322
126.542,3.064,30.587
126.583,3.063,30.608
126.625,3.062,30.708
126.667,3.064,30.556
126.708,3.063,30.632
126.750,3.063,30.636
126.792,3.063,30.523
126.833,3.062,30.508
126.875,3.062,30.588
126.958,5.487,31.080
127.000,5.488,30.873
127.042,5.489,30.900
127.083,5.489,30.928
127.125,5.489,31.083
127.167,5.489,30.875
127.208,5.490,30.932
127.250,5.489,30.958
127.292,5.491,30.946
127.375,3.064,30.595
127.417,3.065,30.690
127.458,3.065,30.678
127.500,3.064,30.506
127.542,3.064,30.584
127.583,3.064,30.561
127.625,3.064,30.634
127.667,3.065,30.493
127.708,3.064,30.744
127.750,3.064,30.620
127.792,3.063,30.665
127.833,3.063,30.488
127.875,3.065,30.771
127.958,5.486,31.306
128.000,5.488,31.200
128.042,5.489,31.076
128.083,5.490,31.156
128.125,5.489,31.405
128.167,5.488,31.411
128.208,5.489,31.225
128.250,5.488,31.187
128.292,5.490,31.244
128.375,3.064,30.704
128.417,3.064,30.546
128.458,3.064,30.665
128.500,3.064,30.499
128.542,3.064,30.380
128.583,3.064,30.600
128.625,3.065,30.767
128.667,3.063,30.623
128.708,3.065,30.765
128.750,3.065,30.527
128.792,3.065,30.715
128.833,3.064,30.758
128.875,3.064,30.565
128.958,5.491,31.270
129.000,5.490,31.291
129.042,5.491,31.129
129.083,5.491,31.157
129.125,5.490,31.217
129.167,5.490,31.234
129.208,5.490,30.930
129.250,5.491,31.160
129.292,5.490,31.250
129.375,2.759,30.655
129.417,2.759,30.621
129.458,2.759,30.825
129.500,2.760,30.610
129.542,2.759,30.625
129.583,2.759,30.635
129.625,2.760,30.680
129.667,2.759,30.675
129.708,2.759,30.550
129.750,2.759,30.699
129.792,2.759,30.687
129.833,2.758,30.579
129.875,2.758,30.616
129.958,5.490,31.363
130.000,5.489,31.177
130.042,5.490,31.172
130.083,5.490,31.276
130.125,5.490,31.061
130.167,5.489,31.046
130.208,5.489,31.219
130.250,5.490,31.067
130.292,5.491,31.252
130.375,3.065,30.574
130.417,3.066,30.889
130.458,3.065,30.798
130.500,3.064,30.725
130.542,3.065,30.531
130.583,3.064,30.680
130.625,3.064,30.723
130.667,3.064,30.750
130.708,3.064,30.843
130.750,3.062,30.726
130.792,3.062,30.732
130.833,3.061,30.421
130.875,3.062,30.658
130.958,5.489,31.363
131.000,5.490,31.221
131.042,5.489,31.443
131.083,5.488,31.506
131.125,5.488,31.365
131.167,5.487,31.404
131.208,5.488,31.440
131.250,5.488,31.265
131.292,5.490,31.582
131.375,5.491,31.287
131.417,5.490,31.244
131.458,5.490,31.417
131.500,5.489,31.283
131.542,5.489,31.405
131.583,5.489,31.283
131.625,5.490,31.158
131.667,5.487,31.142
131.708,5.488,31.160
131.750,5.486,31.260
131.792,5.486,31.043
131.833,5.487,30.967
131.875,5.487,31.306
131.958,5.488,31.222
132.000,5.487,30.988
132.042,5.487,31.314
132.083,5.488,31.277
132.125,5.487,31.141
132.167,5.487,31.088
132.208,5.488,31.266
132.250,5.486,31.184
132.292,5.487,31.076
132.375,5.487,31.161
132.417,5.487,30.776
132.458,5.489,31.073
132.500,5.488,31.140
132.542,5.489,31.174
132.583,5.488,31.154
132.625,5.490,31.408
132.667,5.489,31.156
132.708,5.491,31.318
132.750,5.491,31.245
132.792,5.489,31.142
132.833,5.490,31.113
132.875,5.492,31.079
132.958,5.489,31.073
133.000,5.490,31.147
133.042,5.490,31.106
133.083,5.490,31.147
133.125,5.488,31.232
133.167,5.489,31.328
133.208,5.491,31.057
133.250,5.489,31.167
133.292,5.489,31.248
133.375,3.065,30.676
133.417,3.062,30.747
133.458,3.064,30.505
133.500,3.064,30.892
133.542,3.065,30.611
133.583,3.065,30.878
133.625,3.064,30.789
133.667,3.064,30.610
133.708,3.063,30.460
133.750,3.062,30.729
133.792,3.062,30.676
133.833,3.062,30.748
133.875,3.062,30.573
133.958,6.009,31.220
134.000,6.010,31.466
134.042,6.013,31.168
134.083,6.012,31.124
134.125,6.011,31.236
134.167,6.009,31.131
134.208,6.010,31.407
134.250,6.011,31.063
134.292,6.012,31.249
134.375,3.062,30.656
134.417,3.063,30.662
134.458,3.063,30.627
134.500,3.065,30.803
134.542,3.065,30.551
134.583,3.064,30.772
134.625,3.065,30.576
134.667,3.065,30.553
134.708,3.064,30.856
134.750,3.065,30.614
134.792,3.064,30.534
134.833,3.063,30.491
134.875,3.063,30.542
134.958,6.009,31.181
135.000,6.009,31.407
135.042,6.009,31.340
135.083,6.009,31.066
135.125,6.008,31.320
135.167,6.010,31.372
135.208,6.010,31.195
135.250,6.009,31.110
135.292,6.009,31.177
135.375,6.011,30.951
135.417,6.010,31.214
135.458,6.011,31.380
135.500,6.013,31.291
135.542,6.013,31.347
135.583,6.013,31.301
135.625,6.014,31.198
135.667,6.015,31.237
135.708,6.013,31.187
135.750,6.011,31.128
135.792,6.012,31.153
135.833,6.012,31.114
135.875,6.011,31.156
135.958,6.013,31.332
136.000,6.011,31.371
136.042,6.012,31.466
136.083,6.011,31.287
136.125,6.011,31.363
136.167,6.011,31.406
136.208,6.011,31.295
136.250,6.011,31.179
136.292,6.011,31.206
136.375,6.011,31.385
136.417,6.012,31.429
136.458,6.013,31.471
136.500,6.014,31.404
136.542,6.015,31.395
136.583,6.017,31.361
136.625,6.017,31.561
136.667,6.015,31.367
136.708,6.013,31.140
136.750,6.013,31.372
136.792,6.013,31.213
136.833,6.012,31.289
136.875,6.010,31.064
136.958,6.013,31.340
137.000,6.013,31.193
137.042,6.012,31.564
137.083,6.012,31.016
137.125,6.012,31.270
137.167,6.012,31.349
137.208,6.012,31.242
137.250,6.010,31.307
137.292,6.011,31.427
137.375,6.012,31.416
137.417,2.758,30.599
137.458,2.758,30.819
137.500,2.758,30.480
137.542,2.758,30.745
137.583,2.758,30.645
137.625,2.758,30.661
137.667,2.758,30.532
137.708,2.758,30.892
137.750,2.757,30.602
137.792,2.757,30.843
137.833,2.757,30.529
137.875,2.757,30.671
137.958,6.011,31.378
138.000,6.013,31.186
138.042,6.014,31.206
138.083,6.013,31.372
138.125,6.012,31.112
138.167,6.012,31.120
138.208,6.012,31.268
138.250,6.012,31.086
138.292,6.012,31.081
138.375,6.011,31.243
138.417,6.011,31.060
138.458,6.013,31.309
138.500,6.013,31.335
138.542,6.014,30.948
138.583,6.014,31.056
138.625,6.012,31.128
138.667,6.012,31.050
138.708,6.013,31.144
138.750,6.013,31.169
138.792,6.013,31.321
138.833,6.014,31.068
138.875,6.014,31.139
138.958,6.013,31.131
139.000,6.012,31.062
139.042,6.012,31.138
139.083,6.013,31.149
139.125,6.013,31.437
139.167,6.012,31.134
139.208,6.011,31.130
139.250,6.012,30.998
139.292,6.011,31.043
139.375,6.012,31.098
139.417,6.012,31.034
139.458,6.012,31.053
139.500,6.014,31.143
139.542,6.013,30.939
139.583,6.012,31.087
139.625,6.014,31.242
139.667,6.014,31.147
139.708,6.014,31.365
139.750,6.014,31.073
139.792,6.014,31.341
139.833,6.013,31.216
139.875,6.014,31.379
139.958,6.012,31.334
140.000,6.014,31.259
140.042,6.014,31.249
140.083,6.014,31.033
140.125,6.015,31.081
140.167,6.012,30.904
140.208,6.013,31.197
140.250,6.012,31.173
140.292,6.012,30.800
140.375,4.229,31.404
140.417,3.062,31.253
140.458,3.064,31.301
140.500,3.065,31.387
140.542,3.066,31.282
140.583,3.068,31.061
140.625,3.067,30.981
140.667,3.066,31.015
140.708,3.065,30.792
140.750,3.066,30.967
140.792,3.066,30.965
140.833,3.065,30.901
140.875,3.064,30.795
140.958,6.012,31.624
141.000,6.013,31.597
141.042,6.014,31.105
141.083,6.013,31.402
141.125,6.013,31.443
141.167,6.012,31.487
141.208,6.012,31.525
141.250,6.011,31.599
141.292,6.011,32.118
141.375,3.678,31.361
141.417,3.678,31.515
141.458,3.678,31.402
141.500,3.679,31.431
141.542,3.679,31.286
141.583,3.678,31.496
141.625,3.678,31.485
141.667,3.678,31.488
141.708,3.678,31.485
141.750,3.677,31.489
141.792,3.678,31.833
141.833,3.678,31.633
141.875,3.677,31.309
141.958,6.012,32.146
142.000,6.013,31.785
142.042,6.012,31.928
142.083,6.013,31.788
142.125,6.013,31.618
142.167,6.014,31.675
142.208,6.013,31.709
142.250,6.013,31.883
142.292,6.015,31.872
142.375,6.015,31.874
142.417,6.014,32.070
142.458,6.012,31.964
142.500,6.015,31.721
142.542,6.015,31.811
142.583,6.013,31.609
142.625,6.013,31.680
142.667,6.014,31.834
142.708,6.014,31.818
142.750,6.013,31.860
142.792,6.014,31.851
142.833,6.013,31.811
142.875,6.014,31.757
142.958,6.012,31.561
143.000,6.013,31.645
143.042,6.013,31.612
143.083,6.012,31.289
143.125,6.010,31.699
143.167,6.010,31.957
143.208,6.010,31.631
143.250,6.010,31.704
143.292,6.010,31.748
143.375,6.010,31.582
143.417,6.008,31.537
143.458,6.010,31.375
143.500,6.009,30.491
143.542,6.010,30.497
143.583,6.010,30.659
143.625,6.011,30.716
143.667,6.011,31.485
143.708,6.011,31.487
143.750,6.012,30.420
143.792,6.012,30.503
143.833,6.010,30.535
143.875,6.012,30.690
143.958,6.009,30.652
144.000,6.011,30.935
144.042,6.011,30.856
144.083,6.012,30.872
144.125,6.011,30.892
144.167,6.011,30.874
144.208,6.012,30.914
144.250,6.012,30.814
144.292,6.012,30.847
144.375,6.011,31.089
144.417,6.012,30.978
144.458,6.012,31.015
144.500,6.013,30.974
144.542,6.013,31.012
144.583,6.014,31.016
144.625,6.014,30.913
144.667,6.015,31.024
144.708,6.016,31.033
144.750,6.016,30.865
144.792,6.014,30.855
144.833,6.015,30.730
144.875,6.016,31.197
144.958,6.016,31.003
145.000,6.015,31.015
145.042,6.012,30.863
145.083,6.012,31.124
145.125,6.010,30.921
145.167,6.011,30.872
145.208,6.011,30.999
145.250,6.011,30.930
145.292,6.011,30.971
145.375,6.013,30.832
145.417,6.012,30.827
145.458,6.013,30.754
145.500,6.015,30.866
145.542,6.013,30.783
145.583,6.013,30.701
145.625,6.014,30.790
145.667,6.013,30.879
145.708,6.013,30.940
145.750,6.013,30.870
145.792,6.011,30.895
145.833,6.013,30.855
145.875,6.013,31.252
145.958,6.014,30.935
146.000,6.013,31.014
146.042,6.013,31.070
146.083,6.014,30.721
146.125,6.013,30.942
146.167,6.012,31.087
146.208,6.012,31.001
146.250,6.011,30.821
146.292,6.014,30.647
146.375,6.012,30.962
146.417,6.013,31.233
146.458,6.012,30.972
146.500,6.013,30.899
146.542,6.014,30.998
146.583,6.014,30.997
146.625,6.015,30.851
146.667,6.015,30.850
146.708,6.014,30.920
146.750,6.016,30.957
146.792,6.014,31.109
146.833,6.014,30.964
146.875,6.013,30.550
146.958,6.012,30.688
147.000,6.012,30.805
147.042,6.012,30.644
147.083,6.013,30.806
147.125,6.010,30.862
147.167,6.013,30.873
147.208,6.013,30.842
147.250,6.013,30.537
147.292,6.013,31.012
147.375,4.262,30.735
147.417,4.262,30.319
147.458,4.260,30.520
147.500,4.262,30.469
147.542,4.262,30.267
147.583,4.263,30.555
147.625,4.262,30.425
147.667,4.263,30.454
147.708,4.264,30.502
147.750,4.263,30.193
147.792,4.262,30.685
147.833,4.262,30.359
147.875,4.262,30.758
147.958,6.010,30.981
148.000,6.012,30.837
148.042,6.011,30.903
148.083,6.013,30.979
148.125,6.013,30.789
148.167,6.012,30.745
148.208,6.012,30.834
148.250,6.012,31.006
148.292,6.011,30.997
148.375,4.261,30.283
148.417,4.261,30.369
148.458,4.261,30.486
148.500,4.262,30.551
148.542,4.263,30.539
148.583,4.261,30.585
148.625,4.261,30.507
148.667,4.261,30.487
148.708,4.261,30.455
148.750,4.261,30.569
148.792,4.262,30.778
148.833,4.261,30.700
148.875,4.261,30.646
148.958,6.014,30.810
149.000,6.013,30.623
149.042,6.014,30.888
149.083,6.012,30.727
149.125,6.015,30.660
149.167,6.012,30.875
149.208,6.013,30.920
149.250,6.012,30.878
149.292,6.013,31.063
149.375,4.294,30.331
149.417,4.294,30.444
149.458,4.294,30.439
149.500,4.294,30.469
149.542,4.294,30.306
149.583,4.295,30.564
149.625,4.293,30.442
149.667,4.294,30.412
149.708,4.293,30.457
149.750,4.294,30.657
149.792,4.294,30.374
149.833,4.294,30.759
149.875,4.295,30.692
149.958,6.013,31.152
150.000,6.013,30.912
150.042,6.013,30.909
150.083,6.012,30.771
150.125,6.013,30.999
150.167,6.013,30.843
150.208,6.012,30.718
150.250,6.011,30.650
150.292,6.012,31.048
150.375,6.014,30.951
150.417,6.013,30.768
150.458,6.013,30.657
150.500,6.012,30.915
150.542,6.012,30.959
150.583,6.014,30.932
150.625,6.015,30.915
150.667,6.014,30.845
150.708,6.014,30.866
150.750,6.014,30.852
150.792,6.014,30.935
150.833,6.014,31.110
150.875,6.012,30.761
150.958,6.013,30.786
151.000,6.014,31.016
151.042,6.014,30.918
151.083,6.014,31.140
151.125,6.014,30.713
151.167,6.013,30.673
151.208,6.012,30.982
151.250,6.013,30.916
151.292,6.014,30.854
151.375,3.678,30.391
151.417,3.677,30.717
151.458,3.678,30.555
151.500,3.678,30.603
151.542,3.678,30.497
151.583,3.679,30.673
151.625,3.680,30.645
151.667,3.679,30.636
151.708,3.680,30.568
151.750,3.678,30.597
151.792,3.678,30.621
151.833,3.679,30.715
151.875,3.679,30.731
151.958,6.012,31.250
152.000,6.013,31.091
152.042,6.012,31.222
152.083,6.013,31.054
152.125,6.013,31.322
152.167,6.013,31.076
152.208,6.012,30.946
152.250,6.014,31.417
152.292,6.015,31.112
152.375,6.013,31.087
152.417,6.013,31.166
152.458,6.015,31.013
152.500,6.013,30.765
152.542,6.012,31.131
152.583,6.014,31.138
152.625,6.015,31.011
152.667,6.014,31.129
152.708,6.013,30.983
152.750,6.013,31.398
152.792,6.014,31.104
152.833,6.013,31.141
152.875,6.013,31.150
152.958,6.014,31.225
153.000,6.013,31.283
153.042,6.015,31.080
153.083,6.014,31.026
153.125,6.014,30.853
153.167,6.015,31.076
153.208,6.014,31.138
153.250,6.014,31.209
153.292,6.014,30.941
153.375,6.014,31.206
153.417,6.014,31.193
153.458,6.014,30.987
153.500,6.014,31.037
153.542,6.014,30.857
153.583,6.015,31.279
153.625,6.015,31.013
153.667,6.014,31.025
153.708,6.015,31.001
153.750,6.013,31.122
153.792,6.015,31.199
153.833,6.014,31.132
153.875,6.013,31.254
153.958,6.016,31.361
154.000,6.016,31.220
154.042,6.017,31.156
154.083,6.016,30.977
154.125,6.014,31.137
154.167,6.014,31.331
154.208,6.014,31.269
154.250,6.013,31.172
154.292,6.014,31.191
154.375,3.064,30.409
154.417,3.064,30.331
154.458,3.064,30.432
154.500,3.063,30.682
154.542,3.370,30.479
154.583,3.370,30.406
154.625,3.370,30.290
154.667,3.370,30.367
154.708,3.065,30.423
154.750,3.064,30.452
154.792,3.062,30.323
154.833,3.063,30.334
154.875,3.063,30.083
154.958,6.010,30.985
155.000,6.011,30.863
155.042,6.011,30.843
155.083,6.011,30.992
155.125,6.010,31.012
155.167,6.012,30.694
155.208,6.012,31.073
155.250,6.011,30.987
155.292,6.014,31.021
155.375,3.063,30.363
155.417,3.062,30.370
155.458,3.369,30.647
155.500,3.368,30.298
155.542,3.368,30.346
155.583,3.674,30.401
155.625,3.063,30.391
155.667,3.063,30.205
155.708,3.063,30.142
155.750,3.063,30.337
155.792,3.063,30.402
155.833,3.064,30.067
155.875,3.063,30.248
155.958,6.010,30.996
156.000,6.009,31.075
156.042,6.010,30.666
156.083,6.009,30.569
156.125,6.010,30.971
156.167,6.012,30.901
156.208,6.010,30.927
156.250,6.011,30.830
156.292,6.012,30.824
156.375,3.065,30.341
156.417,3.063,30.385
156.458,3.063,30.529
156.500,3.063,30.419
156.542,3.064,30.389
156.583,3.064,30.433
156.625,3.064,30.436
156.667,3.064,30.132
156.708,3.064,30.274
156.750,3.063,30.087
156.792,3.063,30.190
156.833,3.063,30.340
156.875,3.062,30.342
156.958,6.010,31.171
157.000,6.012,30.824
157.042,6.011,30.760
157.083,6.011,30.944
157.125,6.012,30.819
157.167,6.011,31.021
157.208,6.010,30.824
157.250,6.011,30.977
157.292,6.010,31.061
157.375,3.063,30.643
157.417,3.064,30.367
157.458,3.064,30.444
157.500,3.064,30.448
157.542,3.065,30.282
157.583,3.065,30.306
157.625,3.063,30.550
157.667,3.066,30.407
157.708,3.064,30.511
157.750,3.063,30.474
157.792,3.064,30.545
157.833,3.064,30.631
157.875,3.064,30.540
157.958,6.012,30.930
158.000,6.012,30.962
158.042,6.012,31.268
158.083,6.011,30.960
158.125,6.009,30.848
158.167,6.010,31.011
158.208,6.010,31.007
158.250,6.012,30.825
158.292,6.010,30.834
158.375,2.452,30.428
158.417,2.452,30.770
158.458,2.452,30.616
158.500,2.452,30.468
158.542,2.452,30.482
158.583,2.452,30.425
158.625,2.452,30.502
158.667,2.452,30.445
158.708,2.453,30.630
158.750,2.452,30.410
158.792,2.452,30.426
158.833,2.451,30.508
158.875,2.451,30.450
158.958,5.793,31.063
159.000,5.795,30.993
159.042,5.795,30.959
159.083,5.795,30.988
159.125,5.795,31.224
159.167,5.796,30.729
159.208,5.797,30.642
159.250,5.795,31.021
159.292,5.797,31.128
159.375,5.797,31.057
159.417,5.798,31.141
159.458,5.798,30.940
159.500,5.797,30.748
159.542,5.797,31.102
159.583,5.798,31.088
159.625,5.797,30.916
159.667,5.798,31.253
159.708,5.796,30.953
159.750,5.796,31.091
159.792,5.794,30.976
159.833,5.795,31.139
159.875,5.796,31.032
159.958,5.796,30.965
160.000,5.795,31.045
160.042,5.795,30.882
160.083,5.795,31.044
160.125,5.796,30.874
160.167,5.794,31.009
160.208,5.795,31.263
160.250,5.794,30.884
160.292,5.796,31.038
160.375,5.796,31.030
160.417,5.796,31.092
160.458,5.797,30.945
160.500,5.797,30.912
160.542,5.798,30.824
160.583,5.797,31.169
160.625,5.797,31.076
160.667,5.798,31.118
160.708,5.796,31.345
160.750,5.799,31.053
160.792,5.799,30.887
160.833,5.798,31.113
160.875,5.798,30.909
160.958,5.797,31.000
161.000,5.797,31.091
161.042,5.796,30.659
161.083,5.797,30.971
161.125,5.796,31.100
161.167,5.796,30.909
161.208,5.796,31.330
161.250,5.797,30.924
161.292,5.796,30.880
161.375,2.453,30.619
161.417,2.740,30.624
161.458,3.064,29.819
161.500,3.062,30.441
161.542,3.062,30.755
161.583,3.062,30.509
161.625,3.063,30.705
161.667,3.063,30.384
161.708,3.063,31.343
161.750,3.063,31.426
161.792,3.063,30.937
161.833,3.062,31.400
161.875,3.061,31.386
161.958,6.010,31.910
162.000,6.011,31.651
162.042,6.012,31.800
162.083,6.012,31.675
162.125,6.011,31.726
162.167,6.011,31.874
162.208,6.012,31.554
162.250,6.012,31.334
162.292,6.011,31.475
162.375,3.063,30.859
162.417,3.063,31.153
162.458,3.064,31.126
162.500,3.065,31.222
162.542,3.065,31.200
162.583,3.063,31.337
162.625,3.064,31.092
162.667,3.065,31.301
162.708,3.063,31.415
162.750,3.676,29.078
162.792,2.452,30.558
162.833,2.451,30.583
162.875,2.452,30.639
162.958,6.011,31.416
163.000,6.011,31.002
163.042,6.012,31.011
163.083,6.012,31.096
163.125,6.012,31.175