CD,FI3312A,TI3302A
6.011,28.951,88.364
6.011,29.264,88.354
6.010,29.071,88.328
6.011,28.901,88.278
6.010,29.470,88.282
6.010,28.899,88.299
6.009,29.830,88.306
6.010,29.386,88.346
6.012,28.743,88.393
6.011,29.800,88.373
6.011,29.270,88.357
6.012,29.961,88.421
6.012,29.879,88.439
6.012,29.725,88.431
6.013,29.813,88.396
6.013,29.557,88.361
6.012,29.290,88.294
6.012,29.925,88.271
6.010,29.241,88.275
6.010,29.681,88.288
6.010,29.142,88.255
6.010,29.298,88.294
6.011,29.059,88.228
6.011,29.117,88.225
6.013,29.427,88.252
6.010,29.546,88.245
6.013,29.228,88.274
6.011,29.797,88.270
6.011,29.202,88.224
6.010,29.889,88.310
6.009,30.111,88.358
6.011,29.567,88.386
6.011,30.072,88.397
6.011,29.515,88.443
6.011,29.994,88.431
6.012,29.883,88.354
6.012,30.079,88.307
6.011,29.927,88.315
6.011,30.014,88.327
6.011,29.860,88.321
6.010,29.207,88.318
6.011,30.153,88.286
6.010,29.336,88.277
6.011,29.938,88.314
6.011,29.709,88.315
6.011,29.848,88.331
6.012,29.865,88.229
6.010,29.822,88.266
6.010,29.350,88.249
6.011,29.032,88.242
6.010,29.507,88.280
6.010,29.250,88.326
6.009,29.188,88.341
6.010,29.134,88.359
6.010,30.097,88.419
6.012,29.530,88.426
6.011,29.899,88.445
5.060,29.387,88.065
3.677,19.479,85.175
4.046,23.984,84.885
6.012,28.577,88.300
6.011,28.484,88.554
6.010,28.446,88.575
6.011,28.329,88.555
6.010,27.753,88.549
6.010,28.433,88.575
6.010,28.556,88.509
6.009,28.170,88.491
6.012,28.441,88.471
6.009,28.648,88.496
6.010,28.739,88.469
6.010,28.685,88.506
6.010,28.684,88.509
6.010,28.042,88.519
6.012,28.647,88.550
6.011,28.417,88.542
6.013,28.206,88.537
6.014,28.456,88.554
6.014,28.625,88.552
6.014,28.144,88.581
6.014,28.357,88.549
6.013,28.299,88.486
6.012,28.677,88.460
6.012,28.317,88.373
6.011,28.421,88.402
6.011,28.425,88.499
6.011,28.584,88.488
6.010,28.543,88.431
6.010,28.699,88.433
6.010,28.726,88.404
6.011,28.474,88.382
6.011,28.203,88.378
6.011,28.749,88.400
6.010,28.584,88.408
6.011,28.536,88.422
6.011,28.668,88.447
6.012,28.322,88.491
6.012,28.105,88.506
6.013,28.082,88.539
6.014,28.614,88.544
6.011,28.229,88.570
6.013,28.162,88.582
6.013,28.717,88.527
6.012,28.133,88.478
6.012,28.385,88.473
6.012,28.042,88.517
6.011,28.329,88.508
6.011,28.327,88.491
6.012,28.382,88.494
6.013,28.440,88.491
6.013,28.840,88.475
6.012,28.451,88.437
6.012,28.558,88.440
6.013,28.407,88.435
6.010,28.575,88.446
6.012,28.434,88.421
6.013,28.526,88.446
6.012,27.914,88.479
6.013,28.344,88.536
6.013,28.152,88.554
6.013,28.672,88.541
6.014,28.268,88.551
6.012,28.547,88.589
6.014,28.533,88.592
6.015,28.676,88.562
6.014,28.669,88.515
6.014,28.709,88.436
6.013,28.440,88.435
6.014,28.378,88.450
6.015,27.937,88.495
6.014,28.757,88.487
6.012,28.627,88.511
6.014,28.269,88.496
6.012,28.679,88.469
6.011,28.002,88.476
6.011,28.409,88.466
6.012,28.631,88.489
6.011,28.049,88.454
6.012,28.019,88.464
6.011,28.472,88.451
4.293,21.429,86.606
4.261,21.012,86.421
4.260,21.204,86.438
4.261,20.972,86.457
4.261,20.943,86.450
4.260,21.051,86.450
4.262,21.199,86.403
4.261,21.199,86.408
4.260,21.132,86.383
4.260,21.202,86.349
4.260,20.859,86.334
4.260,21.158,86.344
4.260,20.921,86.364
6.011,29.296,88.273
6.012,29.263,88.269
6.011,29.439,88.109
6.011,29.432,88.213
6.009,29.368,88.314
6.010,29.432,88.326
6.009,29.070,88.318
6.009,29.342,88.384
6.011,29.524,88.348
6.010,29.266,88.326
6.010,29.445,88.373
6.011,29.362,88.368
6.011,29.362,88.355
6.011,29.376,88.353
6.012,29.405,88.357
6.012,29.501,88.353
6.012,29.420,88.383
6.011,29.432,88.346
6.011,29.492,88.363
6.011,29.440,88.345
6.011,29.367,88.653
6.011,29.387,88.645
6.014,29.651,88.756
6.010,29.713,88.716
6.011,29.678,88.729
6.011,29.071,88.717
6.014,29.342,88.709
6.012,29.572,88.699
6.012,29.480,88.713
6.011,29.570,88.748
6.011,29.608,88.740
6.012,29.546,88.710
6.013,29.434,88.705
6.014,29.722,88.758
6.013,29.646,88.762
6.013,29.686,88.736
6.012,29.553,88.752
6.013,29.561,88.735
6.013,29.594,88.701
6.013,29.489,88.731
6.012,29.687,88.708
6.011,29.799,88.683
6.011,29.747,88.718
6.011,29.646,88.698
6.011,29.567,88.679
6.009,29.634,88.690
6.010,29.689,88.673
6.012,29.766,88.688
6.011,29.016,88.673
6.010,29.659,88.659
6.013,29.651,88.662
6.011,29.542,88.659
6.011,29.754,88.680
6.012,29.660,88.754
6.012,29.614,88.791
6.012,29.651,88.751
6.012,29.629,88.807
6.012,29.706,88.746
6.013,29.688,88.758
6.013,29.768,88.700
6.013,29.371,88.691
6.012,29.794,88.700
6.011,29.729,88.730
6.012,29.739,88.729
6.010,29.609,88.724
6.011,29.779,88.730
6.010,29.855,88.704
6.010,29.452,88.716
6.009,29.569,88.710
6.011,29.593,88.690
6.010,29.628,88.694
6.011,29.589,88.674
6.011,29.603,88.656
6.011,29.475,88.687
6.011,29.611,88.701
6.009,29.788,88.725
6.012,29.575,88.765
6.013,29.811,88.774
6.012,29.771,88.799
6.012,29.858,88.793
6.013,29.653,88.740
6.013,29.628,88.693
6.012,29.581,88.672
6.013,29.923,88.701
6.012,29.814,88.683
6.012,29.946,88.691
6.011,29.757,88.720
6.011,29.159,88.760
6.013,29.740,88.742
6.010,29.676,88.712
6.010,29.733,88.700
6.011,29.712,88.729
6.010,29.706,88.725
6.012,29.393,88.696
6.011,29.062,88.695
6.010,29.618,88.715
6.011,29.589,88.728
6.010,29.627,88.784
6.013,29.661,88.809
6.013,29.770,88.825
6.013,29.732,88.835
6.012,29.698,88.825
6.014,29.836,88.809
6.014,29.826,88.766
6.014,29.826,88.684
6.013,29.792,88.651
6.014,29.900,88.700
6.012,29.660,88.735
6.012,29.830,88.795
6.011,29.721,88.775
6.012,29.740,88.757
6.012,29.673,88.732
6.011,29.550,88.727
6.012,29.689,88.703
6.015,29.792,88.727
6.013,29.020,88.726
6.011,29.716,88.728
6.013,29.441,88.734
6.012,29.691,88.736
6.013,29.687,88.775
6.013,29.685,88.786
6.014,29.417,88.842
6.014,29.636,88.841
6.015,29.220,88.829
6.015,29.702,88.779
6.013,29.838,88.708
6.014,29.437,88.672
6.013,29.711,88.660
6.013,29.716,88.714
6.011,29.872,88.737
6.010,29.534,88.688
6.012,29.662,88.717
6.012,29.779,88.700
6.011,29.797,88.737
6.012,29.658,88.704
6.013,29.796,88.731
6.014,29.657,88.710
6.013,28.938,88.722
6.013,29.738,88.717
6.013,29.799,88.758
6.014,29.755,88.764
6.013,29.377,88.814
5.982,29.848,88.765
6.013,29.983,88.838
6.013,29.619,88.853
6.014,29.812,88.847
6.012,29.805,88.829
6.014,29.460,88.794
6.013,29.581,88.786
6.013,29.093,88.699
6.012,29.074,88.662
6.013,29.739,88.693
6.012,29.652,88.759
6.012,29.318,88.709
6.014,29.391,88.720
6.011,29.652,88.739
6.011,29.854,88.781
6.011,29.724,88.756
6.011,29.670,88.744
6.011,29.902,88.727
6.010,29.674,88.748
6.010,29.809,88.751
6.013,29.853,88.731
6.014,29.491,88.718
6.014,29.191,88.750
6.013,29.838,88.775
6.013,29.721,88.793
6.014,29.699,88.839
6.015,29.632,88.828
6.015,29.731,88.735
6.014,29.660,88.692
6.014,29.831,88.567
6.014,29.720,88.581
6.012,29.850,88.633
6.014,29.896,88.714
6.013,29.310,88.706
6.013,29.722,88.631
6.012,29.623,88.645
6.013,29.874,88.681
6.012,29.696,88.619
6.011,29.819,88.635
6.011,29.421,88.627
6.014,28.992,88.626
6.013,29.603,88.626
6.011,29.857,88.671
6.012,29.677,88.732
6.013,29.820,88.783
6.014,29.793,88.762
6.014,29.100,88.752
6.014,29.802,88.739
6.014,29.717,88.765
6.013,29.163,88.737
6.015,29.245,88.768
6.014,29.497,88.710
6.014,29.715,88.705
6.013,29.701,88.694
6.012,29.571,88.719
6.013,29.419,88.738
6.013,29.356,88.792
6.014,29.452,88.794
6.012,29.591,88.775
6.013,29.549,88.796
6.010,29.619,88.762
6.012,28.791,88.750
6.012,28.755,88.733
6.011,29.130,88.746
6.011,29.317,88.776
6.013,29.526,88.794
6.012,29.570,88.815
6.013,29.336,88.806
6.012,29.337,88.880
6.014,28.833,88.900
6.014,29.452,88.845
6.013,29.428,88.833
6.013,28.829,88.833
6.013,29.487,88.751
6.013,29.581,88.754
6.013,28.759,88.761
6.012,29.202,88.787
6.013,29.785,88.784
6.012,29.126,88.814
6.012,29.557,88.786
6.012,28.791,88.777
6.010,29.557,88.758
6.012,29.210,88.758
6.010,28.844,88.751
6.010,29.370,88.764
6.010,29.650,88.759
6.010,28.880,88.791
6.011,29.533,88.774
6.011,29.681,88.806
6.012,29.297,88.807
6.011,29.524,88.733
6.010,29.537,88.625
6.009,29.551,88.591
6.009,29.432,88.638
6.009,29.474,88.728
6.009,29.807,88.727
6.010,29.388,88.755
6.011,29.645,88.757
6.010,29.413,88.803
6.009,28.950,88.765
6.010,29.465,88.721
6.009,29.523,88.745
6.009,29.504,88.739
6.010,29.493,88.755
6.012,29.334,88.783
6.011,29.350,88.766
6.012,29.502,88.776
6.011,28.884,88.790
6.009,29.607,88.804
6.010,29.567,88.820
6.012,29.121,88.854
6.013,29.570,88.849
6.014,29.756,88.872
6.015,29.204,88.882
6.014,29.448,88.865
6.014,29.793,88.843
6.014,29.051,88.803
6.013,29.548,88.774
6.013,28.800,88.767
6.013,29.766,88.736
6.013,29.565,88.780
6.015,29.637,88.789
6.014,29.347,88.784
6.013,29.463,88.800
6.011,29.521,88.794
6.012,29.565,88.774
6.011,29.616,88.778
6.013,29.228,88.772
6.011,29.665,88.752
6.011,29.651,88.750
6.009,29.745,88.642
6.012,29.652,88.801
6.013,29.478,88.804
6.011,29.697,88.803
6.016,29.642,88.862
6.015,29.706,88.851
6.015,28.958,88.853
6.014,29.492,88.756
6.014,29.706,88.819
6.014,29.560,88.801
6.012,29.648,88.814
6.013,29.724,88.794
6.013,29.430,88.768
6.014,29.530,88.810
6.013,29.511,88.864
6.012,29.840,88.814
6.013,29.507,88.814
6.012,29.550,88.807
6.011,29.323,88.558
6.009,29.451,88.412
6.010,29.880,88.645
6.010,29.620,88.686
6.010,28.909,88.752
6.012,28.940,88.814
6.011,29.025,88.827
6.012,29.726,88.722
6.012,29.892,88.743
6.013,29.876,88.793
6.013,29.947,88.795
6.014,29.890,88.789
6.013,29.982,88.798
6.012,29.031,88.776
6.012,29.894,88.770
6.012,29.991,88.722
6.013,29.840,88.724
6.012,30.008,88.747
6.012,29.813,88.815
6.012,29.829,88.800
6.013,29.880,88.774
6.012,29.345,88.753
6.012,29.858,88.773
6.011,29.747,88.751
6.013,29.889,88.763
6.013,29.387,88.755
6.012,29.690,88.784
6.014,29.549,88.792
6.013,29.694,88.866
6.013,29.943,88.846
6.013,29.750,88.837
6.014,29.836,88.851
6.014,29.810,88.826
6.014,29.913,88.795
6.013,29.746,88.769
6.013,29.712,88.756
6.013,29.829,88.813
6.012,29.958,88.843
6.013,29.769,88.819
6.013,29.882,88.814
6.013,29.559,88.882
6.014,29.712,88.821
6.012,29.778,88.787
6.012,29.831,88.745
6.012,29.909,88.795
6.011,29.797,88.795
6.012,29.702,88.802
6.012,29.845,88.838
6.010,29.229,88.613
6.010,29.687,88.690
6.011,29.873,88.703
6.009,29.682,88.702
6.011,29.700,88.740
6.011,29.519,88.861
6.011,29.688,88.886
6.013,29.658,88.861
6.012,29.432,88.864
6.012,29.612,88.829
6.012,29.234,88.873
6.012,29.137,88.801
6.011,29.355,88.763
6.011,29.839,88.780
6.015,29.223,88.772
6.012,29.820,88.797
6.012,29.864,88.755
6.012,29.632,88.734
6.013,29.251,88.745
6.012,29.774,88.731
6.012,29.458,88.732
6.013,29.850,88.734
6.012,29.828,88.774
6.012,29.779,88.800
6.011,29.837,88.819
6.012,28.960,88.823
6.013,29.165,88.874
6.014,28.988,88.858
6.014,29.866,88.836
6.013,29.632,88.802
6.013,29.892,88.779
6.013,29.794,88.783
6.014,29.879,88.767
6.012,29.760,88.748
6.013,29.833,88.755
6.012,29.581,88.738
6.013,29.923,88.780
6.012,29.805,88.757
6.012,29.929,88.774
6.010,30.042,88.760
6.011,29.624,88.774
6.011,29.737,88.794
6.011,29.685,88.804
6.011,29.795,88.793
6.013,29.800,88.809
6.013,29.632,88.896
6.013,29.927,88.898
6.013,29.745,88.861
6.013,29.967,88.863
6.014,29.680,88.899
6.014,29.835,88.912
6.014,29.902,88.886
6.014,29.106,88.863
6.012,29.825,88.812
6.012,29.953,88.796
6.012,29.880,88.778
6.012,29.827,88.801
6.013,29.881,88.803
6.012,29.723,88.832
6.014,29.804,88.830
6.013,29.780,88.820
6.015,29.824,88.769
6.015,29.736,88.784
6.013,29.651,88.752
6.014,29.802,88.799
6.012,29.889,88.785
6.013,29.913,88.811
6.013,29.889,88.859
6.013,30.014,88.894
6.014,29.381,88.913
6.014,29.884,88.960
6.015,29.805,88.982
6.015,29.656,88.946
6.014,29.671,89.021
6.015,29.827,88.878
6.013,29.814,88.868
6.012,29.620,88.851
6.012,29.835,88.849
6.013,29.701,88.892
6.013,29.968,88.925
6.013,29.913,88.836
6.012,29.818,88.814
6.012,29.673,88.792
6.014,29.864,88.793
6.012,29.684,88.816
6.012,29.837,88.840
6.012,29.990,88.830
6.013,29.902,88.840
6.013,29.907,88.822
6.014,29.575,88.844
6.014,29.987,88.890
6.013,29.971,88.904
6.015,29.678,88.971
6.015,29.772,88.958
6.015,29.872,88.928
6.014,29.737,88.900
6.014,29.734,88.884
6.012,30.046,88.865
6.014,29.790,88.838
6.013,29.737,88.850
6.014,29.760,88.806
6.015,29.981,88.836
6.012,29.637,88.892
6.013,29.738,88.874
6.012,29.519,88.865
6.013,29.561,88.857
6.013,29.132,88.877
6.014,29.943,88.835
6.012,29.858,88.860
6.013,29.158,88.884
6.013,29.986,88.901
2.547,15.496,85.618
2.455,15.722,85.085
2.331,17.235,85.072
6.011,28.539,88.579
6.013,28.528,88.804
6.012,28.539,88.589
6.013,28.022,88.639
6.013,28.458,88.702
6.014,28.536,88.680
6.013,28.134,88.563
6.013,28.091,88.566
6.012,27.955,88.701
3.047,16.188,86.559
2.454,14.097,84.373
2.454,13.972,84.099
2.455,13.949,84.076
2.454,13.973,84.050
2.453,13.973,83.987
2.454,13.976,84.038
2.453,13.893,84.007
2.452,13.781,84.037
2.454,13.851,84.079
2.452,13.858,84.032
2.453,13.784,83.983
2.452,13.747,83.947
6.012,28.888,88.426
6.012,28.566,88.906
6.012,28.278,88.819
6.013,28.608,88.785
6.014,28.223,88.807
6.012,28.359,88.840
6.014,28.875,88.857
6.013,28.528,88.902
6.012,28.434,88.900
4.294,25.381,89.166
2.452,14.447,85.107
2.451,14.397,84.424
2.454,14.474,84.836
2.453,14.476,85.091
2.453,14.416,85.100
2.452,14.328,85.066
2.453,14.412,85.244
2.453,14.446,85.313
2.453,14.507,85.316
2.453,14.500,85.275
2.453,14.492,85.266
2.453,14.473,85.259
6.012,30.025,88.721
6.011,30.045,88.731
6.012,29.969,88.779
6.012,29.975,88.846
6.011,30.036,88.842
6.011,30.133,88.853
6.012,30.031,88.880
6.012,30.106,88.879
6.013,30.203,88.851
2.456,14.873,86.254
2.454,14.511,84.898
2.455,14.567,84.641
2.454,14.543,84.436
2.454,14.424,84.257
2.452,14.295,84.209
2.454,14.431,84.333
2.453,14.490,84.407
2.453,14.262,84.178
2.451,14.206,84.125
2.450,14.210,84.269
2.451,14.247,84.208
2.451,14.314,84.178
6.010,29.725,88.583
6.010,29.682,88.881
6.011,29.735,88.926
6.009,29.627,88.980
6.011,29.938,88.969
6.011,29.572,88.959
6.010,29.863,88.965
6.009,29.761,88.984
6.011,29.943,88.835
3.372,18.977,86.505
2.452,13.220,84.218
2.454,13.314,83.729
2.455,13.367,83.624
2.456,13.552,83.621
2.456,13.592,83.645
2.455,14.006,83.732
2.455,14.140,84.240
2.455,14.100,84.244
2.454,14.074,84.287
2.455,14.030,84.234
2.454,14.023,84.173
2.453,13.964,84.060
6.010,29.561,88.979
6.010,28.799,88.883
6.011,29.264,88.944
6.011,29.392,89.050
6.011,29.243,89.065
6.008,28.773,89.028
6.008,29.241,88.983
6.010,29.291,88.950
6.010,29.094,88.974
6.010,29.171,89.081
6.008,29.270,89.071
6.012,29.215,89.139
6.011,28.541,89.182
6.012,29.190,89.133
6.013,28.871,89.105
6.010,29.234,89.091
6.012,29.182,89.062
6.010,29.097,89.018
6.010,29.027,89.020
6.009,28.429,88.983
6.008,29.008,88.977
6.007,29.036,88.970
6.006,29.088,88.968
6.006,29.161,88.926
6.005,29.094,89.206
6.006,29.192,89.271
6.006,29.207,89.285
6.005,29.080,89.229
6.005,29.081,89.201
6.003,29.079,89.168
6.003,29.005,89.195
6.005,28.967,89.278
6.006,29.225,89.356
6.009,29.308,89.414
6.011,29.096,89.486
6.011,29.198,89.443
6.010,29.254,89.389
6.012,29.387,89.427
6.013,29.420,89.499
6.013,29.380,89.387
6.012,29.237,89.331
6.011,29.236,89.329
6.012,29.355,89.364
6.011,29.199,89.350
6.010,29.233,89.367
6.009,29.016,89.317
6.009,29.131,89.287
6.008,28.879,89.251
6.009,29.191,89.244
6.008,29.399,89.272
6.008,29.229,89.276
6.008,29.174,89.267
6.007,28.961,89.300
6.009,29.309,89.410
6.011,29.250,89.107
6.012,28.861,88.865
6.012,28.337,89.063
6.014,28.432,89.436
6.013,28.366,89.369
6.012,28.314,89.368
6.012,28.089,89.541
6.013,28.296,89.162
6.013,28.996,88.602
6.012,28.486,89.220
6.012,28.629,89.610
6.013,28.467,89.617
6.012,28.045,89.653
6.009,29.037,89.512
6.011,29.345,89.542
6.012,28.782,89.549
6.010,29.381,89.528
6.011,29.546,89.525
6.011,29.500,89.514
6.010,29.414,89.548
6.010,29.394,89.573
6.012,28.964,89.619
6.013,29.598,89.646
6.013,28.819,89.644
6.013,28.900,89.727
6.015,29.511,89.693
6.016,29.499,89.692
6.016,29.515,89.635
6.014,29.478,89.628
6.015,29.514,89.604
6.013,29.594,89.580
6.012,29.591,89.558
6.013,29.500,89.554
6.011,29.362,89.582
6.011,29.476,89.620
6.014,29.126,89.640
6.014,29.373,89.633
6.013,28.789,89.617
6.014,29.406,89.605
6.013,29.621,89.574
6.011,29.026,89.552
6.011,28.861,89.558
6.012,29.559,89.545
6.014,29.643,89.600
6.015,28.862,89.674
6.017,29.613,89.681
6.015,29.548,89.704
6.015,29.659,89.690
6.017,29.593,89.667
6.017,29.482,89.629
6.015,28.901,89.640
6.014,28.685,89.608
6.013,29.552,89.580
6.014,28.837,89.531
6.013,29.008,89.557
6.014,29.603,89.624
6.012,29.589,89.627
6.013,28.778,89.644
6.014,29.422,89.599
6.013,29.551,89.592
6.013,29.568,89.552
6.014,29.649,89.570
6.013,28.599,89.552
6.013,29.505,89.549
6.013,29.591,89.546
3.677,18.954,87.715
3.678,18.999,87.449
3.678,18.981,87.534
3.678,18.975,87.531
3.679,18.976,87.535
3.678,18.977,87.533
3.678,18.956,87.552
3.677,18.954,87.574
3.677,18.909,87.422
3.677,18.902,87.419
3.677,18.906,87.445
3.678,18.894,87.496
3.677,18.904,87.527
6.012,28.606,88.960
6.013,28.562,88.699
6.010,28.523,88.699
6.010,28.305,88.718
6.012,28.377,88.729
6.013,28.242,88.719
6.012,28.530,88.696
6.011,28.627,88.692
6.011,28.261,88.667
3.677,18.999,87.506
3.677,19.255,87.491
3.679,19.253,87.529
3.678,19.377,87.576
3.678,19.341,87.527
3.677,19.350,87.472
3.679,19.353,87.418
3.677,19.270,87.392
3.676,19.006,86.879
3.676,18.946,86.759
3.676,18.557,86.760
3.675,19.214,87.251
3.676,19.181,88.055
6.012,28.093,89.175
6.010,28.283,88.798
6.011,28.484,88.784
6.011,28.060,88.783
6.012,28.229,88.775
6.011,28.349,88.764
6.011,28.226,88.753
6.010,28.368,88.776
6.012,28.453,88.720
6.011,28.598,88.808
6.014,28.711,88.801
6.013,28.720,88.808
6.014,28.566,88.808
6.014,28.141,88.812
6.015,28.740,88.806
6.012,28.274,89.417
6.013,28.332,89.350
6.014,28.668,89.319
6.014,28.490,89.280
6.013,28.937,89.271
6.012,28.882,89.258
6.012,28.811,89.337
6.012,28.806,89.367
6.014,28.768,89.373
6.012,28.847,89.352
6.012,28.392,89.361
6.011,28.743,89.380
6.011,28.881,89.383
6.013,28.842,89.364
6.012,28.649,89.385
6.012,28.748,89.646
6.012,28.825,89.651
6.013,28.744,89.671
6.012,28.872,89.628
6.013,28.776,89.630
6.013,28.861,89.675
6.013,28.852,89.682
6.013,28.937,89.618
6.013,28.958,89.664
6.013,28.919,89.679
6.014,28.883,89.588
6.015,28.503,89.634
6.012,29.008,89.650
6.012,28.838,89.636
6.014,28.983,89.646
6.014,28.888,89.637
6.014,29.005,89.638
6.012,28.509,89.609
6.013,28.646,89.595
6.014,28.861,89.610
6.012,28.844,89.642
6.012,28.857,89.636
6.011,28.992,89.654
6.012,28.653,88.721
6.012,28.847,88.729
6.013,28.041,88.748
6.013,28.503,88.733
6.013,28.130,88.738
6.013,28.861,88.709
6.014,28.596,88.736
6.013,28.166,88.705
6.012,28.744,88.701
6.013,28.621,88.902
6.012,28.134,88.985
6.013,28.562,89.009
6.013,28.816,88.997
6.012,28.283,88.994
6.013,28.914,88.997
6.014,28.829,89.004
6.015,28.869,89.002
6.014,28.809,88.983
6.014,28.537,88.965
6.013,28.176,88.980
6.012,28.266,88.990
6.013,28.827,88.907
6.012,28.474,89.039
6.013,28.949,89.037
6.013,28.801,89.075
6.013,28.805,88.982
6.015,28.912,88.695
6.015,28.445,88.680
6.016,28.043,88.709
6.015,28.869,88.680
6.014,28.597,88.638
6.015,28.139,88.617
6.014,28.801,88.613
6.014,28.258,88.624
6.014,28.227,88.580
6.014,28.576,88.773
6.014,28.785,88.992
6.014,28.328,89.001
6.014,28.495,88.983
6.012,28.856,88.977
6.012,28.254,88.969
6.013,28.755,88.965
6.015,28.485,88.977
6.012,28.463,88.964
6.012,28.883,88.996
6.013,28.829,88.972
6.013,28.486,89.018
6.015,28.987,89.053
6.017,28.990,88.992
6.013,29.085,89.029
6.014,29.143,89.100
6.015,28.888,88.757
6.014,28.968,88.683
6.015,28.303,88.678
6.015,28.231,88.670
6.014,28.327,88.679
6.013,28.710,88.638
6.015,28.142,88.645
6.013,28.726,88.625
6.013,28.845,88.646
6.014,28.644,88.643
6.014,28.200,88.621
6.012,28.355,88.621
6.013,28.343,88.629
6.014,28.438,88.639
6.012,28.746,88.656
6.013,28.166,88.675
6.013,28.032,88.754
6.014,28.381,88.789
6.014,28.575,88.795
6.014,28.280,88.807
6.015,28.891,88.750
6.016,28.868,88.739
6.016,28.142,88.700
6.014,28.854,88.705
6.016,28.698,88.702
6.015,28.762,88.695
6.016,29.055,88.705
6.014,28.915,88.707
6.012,28.437,88.644
6.014,28.790,88.665
6.014,28.121,88.663
6.015,28.817,88.672
6.014,28.662,88.651
6.014,28.036,88.652
6.014,28.186,88.652
6.016,28.838,88.637
6.017,28.636,88.630
6.014,29.564,88.664
6.014,29.317,88.707
6.018,29.660,88.693
6.016,29.465,88.646
6.018,29.205,88.705
6.017,29.456,88.681
6.015,29.061,88.716
6.016,29.575,88.707
6.015,29.086,88.672
6.019,29.090,88.639
6.016,29.478,88.604
6.017,29.448,88.593
6.017,28.937,88.598
6.017,28.655,88.605
6.014,28.954,88.590
6.014,28.526,88.594
6.015,29.200,88.580
6.014,29.306,88.604
6.012,28.833,88.605
6.012,29.280,88.613
6.013,28.943,88.674
6.014,29.082,88.665
6.014,29.550,88.638
6.014,29.580,88.673
6.015,29.615,88.664
6.015,29.371,88.661
6.015,29.315,88.714
6.016,29.350,88.720
6.015,29.294,88.719
6.016,28.748,88.679
6.016,29.430,88.671
6.014,28.919,88.615
6.014,29.521,88.634
6.016,29.250,88.599
6.015,29.439,88.597
6.015,28.864,88.592
6.014,29.363,88.599
6.014,28.628,88.609
6.015,29.086,88.605
6.014,29.314,88.611
6.013,28.689,88.627
6.014,28.713,88.541
6.014,29.486,88.615
6.013,29.621,88.606
6.014,29.062,88.641
6.014,29.113,88.654
6.013,29.092,88.636
5.211,28.259,86.310
5.578,28.677,87.641
6.011,29.023,88.975
6.013,29.273,89.048
6.013,29.212,89.041
6.014,29.125,88.966
6.013,29.100,88.948
6.010,29.418,88.992
6.012,28.666,89.019
6.014,28.547,89.047
6.012,29.245,89.044
6.014,28.692,88.946
6.015,28.844,88.965
6.013,28.811,88.955
6.012,29.325,88.925
6.013,29.179,88.927
6.011,28.929,88.932
6.012,28.946,88.929
6.011,28.853,88.986
6.013,29.068,89.099
6.014,28.818,89.061
5.672,29.376,88.002
5.671,29.090,88.108
6.010,28.572,89.243
6.008,29.052,89.281
6.008,28.690,89.061
6.009,29.254,89.045
6.010,28.791,89.050
6.011,29.233,89.036
6.010,29.396,89.037
6.010,29.268,89.033
6.011,29.346,88.968
6.009,29.185,89.053
6.010,29.140,89.069
6.011,28.844,89.057
6.009,29.187,89.053
6.009,29.273,89.044
6.009,29.293,89.065
6.010,28.715,89.067
6.010,28.975,89.060
6.009,28.879,89.049
6.009,29.182,89.043
6.010,29.280,89.067
6.009,29.158,89.051
6.010,28.602,89.057
6.011,29.148,89.094
6.010,28.628,89.080
6.011,29.033,88.993
6.010,28.966,89.058
6.010,29.106,88.945
6.010,29.335,88.965
6.012,29.657,89.001
6.011,28.992,88.982
6.011,29.363,88.984
6.011,29.055,88.977
6.010,29.725,89.268
6.012,29.736,89.321
6.011,29.749,89.310
6.011,29.449,89.334
6.011,29.614,89.355
6.010,29.588,89.318
6.010,29.923,89.254
6.010,29.745,89.261
6.011,29.124,89.342
6.014,29.756,89.385
6.014,29.951,89.373
6.014,29.076,89.323
6.014,29.510,89.406
6.013,29.886,89.433
6.014,29.992,89.140
6.014,29.732,89.030
6.013,29.460,88.990
6.013,29.285,88.966
6.014,29.079,89.005
6.014,29.908,88.996
6.014,29.193,89.019
6.014,29.193,89.286
6.013,29.359,89.307
6.014,29.944,89.288
6.015,30.050,89.297
6.013,30.153,89.286
6.012,30.011,89.275
6.012,30.026,89.298
6.012,30.277,89.261
6.011,29.464,89.319
6.012,29.535,89.376
6.013,29.859,89.343
6.012,29.903,89.382
6.013,29.918,89.366
6.013,29.622,89.365
6.014,29.633,89.354
6.012,29.363,89.363
6.012,29.847,89.352
6.013,29.761,89.357
6.013,29.860,89.336
6.012,29.807,89.317
6.012,29.530,89.319
6.014,29.856,89.322
6.012,29.822,89.336
6.012,29.609,89.341
6.013,29.667,89.314
6.014,29.076,89.315
6.014,29.928,89.313
6.014,29.159,89.321
6.013,29.222,89.346
6.013,29.610,89.360
6.013,29.964,89.360
6.014,29.455,89.414
6.014,29.872,89.392
6.014,29.904,89.417
6.015,29.882,89.450
6.014,29.726,89.474
6.015,30.028,89.465
6.014,29.928,89.394
6.014,30.285,89.347
6.015,29.453,89.029
6.014,29.974,89.012
6.014,30.161,89.051
6.013,29.428,89.074
6.014,30.020,89.092
6.014,29.934,89.079
6.014,29.502,89.043
6.014,29.627,89.052
6.013,30.159,89.011
6.014,29.475,89.016
6.013,29.427,89.015
6.015,29.368,89.026
6.014,30.036,89.036
6.014,30.083,89.002
6.014,29.394,89.083
6.013,30.137,89.075
6.014,29.352,89.129
6.015,29.317,89.192
6.014,30.091,89.156
6.014,29.554,89.157
6.015,30.157,89.138
6.015,29.971,89.117
6.015,29.886,89.111
6.015,30.083,89.074
6.016,29.718,88.976
6.014,30.002,88.902
6.015,29.432,88.883
6.014,30.139,88.959
6.015,29.252,89.007
6.013,29.130,88.980
6.014,29.922,88.961
6.012,30.128,88.969
6.012,29.485,88.999
6.013,30.178,88.985
6.013,29.420,88.986
6.013,30.309,88.993
6.011,30.024,89.009
6.014,30.137,89.040
6.014,29.300,89.088
6.014,29.674,89.126
6.014,29.358,89.113
6.016,30.147,89.081
6.014,30.159,89.056
6.015,29.370,88.993
6.014,30.269,88.985
6.015,29.871,88.942
6.015,29.548,88.919
6.014,30.158,88.932
6.014,29.328,88.953
6.015,30.131,88.950
6.013,29.833,88.929
6.013,30.141,88.922
6.013,29.857,88.919
6.014,30.056,88.905
6.013,29.727,88.912
6.013,29.751,88.916
6.015,29.966,88.956
6.013,29.902,88.976
6.014,30.355,88.913
6.014,29.727,88.958
6.014,30.304,89.003
6.015,30.115,89.057
6.014,29.546,89.076
6.014,30.084,89.023
6.015,29.478,89.019
6.015,29.930,88.866
6.015,30.561,88.924
6.015,29.817,88.897
6.014,30.413,88.874
6.014,30.462,88.869
6.015,30.020,88.966
6.013,29.532,88.982
6.014,29.401,88.961
6.015,30.183,88.972
6.014,30.167,88.925
6.013,29.604,88.910
6.013,29.443,88.939
6.014,30.160,88.972
6.014,29.892,88.959
6.014,30.119,88.962
6.014,30.416,88.976
6.014,29.509,88.952
6.014,29.570,88.977
6.015,29.924,89.018
6.015,29.626,89.050
6.014,29.536,89.068
6.014,30.359,89.059
6.013,30.256,89.045
6.014,30.053,89.011
6.014,29.434,88.974
6.014,30.306,88.934
6.014,29.465,88.923
6.012,30.205,88.933
6.013,30.221,88.976
6.013,29.897,88.958
6.013,30.066,88.972
6.013,30.125,88.958
6.012,29.750,88.939
6.011,29.848,88.957
6.012,29.591,88.992
6.013,30.190,88.977
6.012,30.107,88.968
6.014,30.262,88.621
6.014,29.357,88.630
6.014,30.109,88.669
6.014,30.121,88.682
6.016,29.440,88.737
6.015,29.766,88.738
6.015,29.487,88.711
6.017,29.787,88.641
6.017,29.516,88.591
6.016,30.173,88.632
6.016,30.088,88.947
6.014,30.024,88.980
6.016,29.593,88.964
6.016,29.792,88.967
6.016,29.444,88.988
6.016,29.359,88.967
6.016,29.976,88.943
6.013,29.651,88.949
6.014,29.961,88.964
6.014,29.885,88.966
6.014,29.815,88.967
6.013,29.754,88.967
6.014,29.686,89.014
6.016,30.075,89.026
6.015,29.597,89.049
6.016,30.206,89.103
6.016,29.232,89.100
6.016,30.167,89.105
6.016,30.036,89.050
6.015,29.333,88.950
6.015,29.302,88.959
6.016,30.319,88.952
6.015,29.724,88.929
6.015,30.046,88.930
6.015,29.847,88.955
6.015,29.840,88.957
6.014,29.886,89.030
6.013,29.200,89.003
6.011,29.031,89.033
6.012,29.960,89.038
6.013,29.645,89.024
6.013,29.690,89.032
6.014,29.428,89.034
6.013,29.396,89.006
6.014,29.292,89.025
6.015,29.773,89.065
6.015,29.510,89.082
6.015,29.980,89.105
6.014,29.747,89.108
6.016,29.397,89.105
6.015,29.700,89.030
6.016,29.662,89.056
6.017,29.278,89.035
6.015,29.684,89.025
6.015,30.047,89.022
6.015,29.087,89.043
6.015,29.135,89.017
6.013,29.744,89.004
6.014,29.906,89.040
6.015,29.686,89.055
6.015,30.221,89.020
6.015,29.840,89.011
6.016,29.422,88.946
6.014,29.358,88.956
6.015,29.937,89.030
6.016,29.097,89.037
6.015,29.928,89.095
6.015,29.485,89.176
6.017,29.458,89.203
6.017,29.273,89.173
6.017,30.228,89.157
6.016,30.097,89.165
6.016,29.586,89.052
6.014,29.285,89.013
6.016,29.465,89.034
6.014,29.766,88.978
6.014,29.647,88.982
6.015,29.692,88.989
6.015,29.331,88.978
6.014,29.684,89.054
6.015,30.100,89.005
6.015,29.393,88.995
6.015,29.495,88.955
6.014,29.024,88.957
6.015,29.497,88.961
6.015,29.891,89.004
6.015,29.638,88.924
6.013,29.790,88.992
6.012,29.723,89.045
6.014,29.860,89.030
6.012,29.797,89.013
6.013,29.986,89.035
6.015,29.462,89.027
6.013,29.463,89.075
6.014,29.246,89.076
6.013,30.064,89.063
6.014,29.705,89.126
6.012,29.084,89.023
6.014,30.386,88.969
6.011,30.255,88.946
6.014,30.202,88.944
6.014,29.672,88.947
6.013,30.368,88.920
6.014,30.480,89.158
6.014,30.394,89.236
6.014,30.282,89.251
6.014,30.486,89.215
6.014,30.366,89.225
6.014,30.054,89.224
6.012,29.650,89.185
4.247,24.899,89.589
2.451,13.575,86.229
2.452,13.596,85.606
2.451,13.565,85.477
2.451,13.570,85.513
2.452,13.604,85.569
2.453,13.641,85.580
2.453,13.611,85.528
2.452,13.601,85.440
2.452,13.579,85.446
2.451,13.523,85.440
2.451,13.450,85.452
2.452,13.436,85.423
6.010,30.046,88.872
6.009,29.862,88.939
6.010,29.112,88.916
6.010,29.907,88.904
6.009,29.257,88.933
6.009,29.704,88.929
6.009,29.385,88.946
6.009,29.394,88.945
6.009,29.126,88.922
2.756,14.648,85.998
2.756,14.652,85.490
2.757,14.611,85.404
2.756,14.630,85.413
2.757,14.745,85.415
2.757,14.756,85.446
2.758,14.864,85.466
2.757,14.896,85.459
2.757,14.890,85.442
2.758,14.939,85.437
2.757,14.896,85.403
2.757,14.810,85.435
2.756,14.856,85.477
6.010,29.593,89.263
6.008,29.890,88.910
6.009,29.655,88.927
6.008,29.677,89.003
6.008,29.913,89.020
6.007,29.544,89.041
6.008,29.802,89.029
6.008,29.365,89.008
6.008,29.179,88.983
6.008,29.847,89.031
6.010,29.737,89.123
6.011,29.710,89.180
6.012,29.958,89.201
6.012,29.954,89.140
6.013,29.838,89.120
6.013,29.820,89.026
6.011,29.740,89.052
6.011,30.047,89.110
6.013,29.578,89.104
6.012,30.330,89.085
6.012,29.919,89.095
6.012,29.878,89.117
6.011,29.298,89.089
6.010,29.932,89.086
6.012,29.992,89.097
6.010,29.697,89.057
6.010,29.621,89.063
6.009,29.819,89.053
6.009,29.833,89.063
6.010,29.841,89.075
6.011,29.270,89.078
2.726,14.908,84.726
2.726,14.853,84.068
2.726,14.866,83.869
2.727,14.925,83.816
2.727,14.974,83.819
2.726,14.990,83.802
2.726,14.968,83.831
3.309,17.416,85.024
3.309,17.036,85.598
3.308,17.223,85.985
3.307,17.263,86.096
3.307,17.287,86.117
3.308,17.283,86.132
6.009,29.013,88.990
6.008,29.796,89.178
6.009,29.725,89.290
6.010,29.853,89.324
6.012,29.838,89.314
6.010,29.836,89.293
6.010,29.151,89.324
6.011,29.851,89.271
6.010,28.912,89.166
3.282,16.295,86.205
3.282,16.379,85.639
3.283,16.306,85.523
3.282,16.318,85.554
3.282,16.300,85.549
3.282,16.288,85.506
3.281,16.286,85.496
3.281,16.447,85.461
3.280,17.120,85.311
3.280,17.149,84.836
2.759,14.970,83.755
2.758,14.979,84.083
2.759,15.018,84.335
6.012,28.846,88.826
6.012,29.458,89.174
6.012,29.470,89.273
6.013,29.238,89.253
6.011,29.080,89.157
6.010,29.110,89.117
6.011,28.754,89.089
6.012,29.297,89.118
6.013,29.117,89.164
6.012,28.928,89.254
6.015,28.748,89.304
6.016,28.985,89.282
6.016,29.359,89.284
6.015,29.265,89.227
6.014,28.689,89.136
6.012,29.108,88.744
6.012,28.462,88.261
6.015,29.588,87.719
6.015,28.985,87.755
6.016,29.468,87.696
6.014,29.386,87.670
6.014,28.941,87.665
6.014,29.471,87.607
6.012,29.353,87.573
6.011,28.713,87.702
6.012,29.206,87.647
6.010,29.110,87.609
6.010,29.366,87.687
6.012,29.399,87.705
6.011,29.392,87.660
6.010,28.658,87.684
6.014,28.925,87.760
6.014,28.963,87.789
6.014,29.660,87.753
6.015,29.422,87.813
6.016,29.505,87.804
6.016,28.956,87.761
6.016,29.627,87.736
6.016,29.189,87.721
6.015,29.485,87.707
6.015,29.506,87.705
6.016,29.055,87.697
6.015,29.263,87.711
6.015,28.991,87.722
6.013,29.587,87.583
6.014,29.233,87.697
6.014,29.473,87.693
6.015,29.401,87.672
6.013,28.807,87.668
6.014,29.373,87.681
6.013,28.874,87.688
6.013,28.734,87.680
6.013,29.253,87.714
3.039,17.906,87.625
2.456,14.133,85.276
2.455,14.140,84.899
2.455,14.120,84.878
2.455,14.181,84.881
2.455,14.159,84.809
2.454,14.156,84.792
2.454,14.120,84.775
2.454,14.125,84.811
2.452,14.059,84.720
2.453,14.064,84.693
2.452,13.981,84.626
2.453,14.051,84.724
6.012,29.036,87.867
6.012,28.892,87.809
6.014,28.839,87.867
6.013,29.203,87.931
6.013,28.615,87.880
6.012,28.883,87.706
6.012,28.343,87.566
6.011,29.576,87.609
6.012,28.744,87.699
2.728,15.047,88.530
2.453,13.586,85.416
2.453,13.569,84.864
2.452,13.470,84.628
2.453,13.535,84.562
2.452,13.533,84.547
2.452,13.539,84.520
2.452,13.634,84.554
2.453,13.584,84.672
2.453,13.553,84.655
2.452,13.550,84.673
2.452,13.519,84.679
2.452,13.526,84.739
6.013,28.553,88.030
6.012,28.266,87.909
6.013,28.294,87.896
6.011,28.295,87.905
6.011,28.459,87.905
6.011,28.138,87.876
6.012,28.076,87.878
6.011,28.513,87.915
6.012,28.059,87.900
3.219,15.995,85.149
2.454,14.876,82.888
2.454,14.866,83.503
2.454,14.756,84.287
2.453,14.746,84.444
2.453,14.767,84.496
2.453,14.763,84.532
2.453,14.716,84.542
2.453,14.719,84.546
2.453,14.703,84.559
2.454,14.746,84.571
2.452,14.744,84.596
2.452,14.729,84.608
6.011,29.574,88.856
6.013,29.067,88.881
6.012,29.714,88.900
6.012,29.645,88.945
6.012,29.616,89.036
6.012,29.706,89.058
6.013,29.595,89.103
6.012,29.585,89.061
6.013,29.157,89.048
2.454,14.140,85.446
2.454,14.725,84.831
2.454,14.742,84.688
2.454,14.749,84.635
2.452,14.714,84.603
2.453,14.826,84.566
2.453,14.815,84.552
2.453,14.941,84.483
2.453,14.947,84.489
2.452,14.950,84.518
2.452,14.950,84.563
2.453,14.965,84.584
2.452,14.862,84.578
6.012,29.458,88.890
6.013,29.840,89.008
6.013,29.958,88.978
6.011,29.945,88.934
6.011,29.803,88.954
6.011,29.892,88.995
6.011,29.909,89.012
6.012,29.595,89.057
6.011,29.871,89.007
2.453,14.148,85.303
2.453,14.190,84.007
2.454,14.205,83.512
2.454,14.232,83.384
2.454,14.219,83.374
2.454,14.217,83.346
2.454,14.302,83.642
2.453,14.411,84.484
2.454,14.373,84.648
2.454,14.347,84.635
2.453,14.356,84.824
2.453,14.355,84.950
2.453,14.341,84.978
6.012,29.507,87.620
6.013,29.496,87.686
6.014,29.362,87.664
6.012,29.454,87.702
6.012,29.401,87.695
6.011,29.358,87.740
6.012,29.678,87.692
6.013,29.431,87.666
6.011,29.356,87.675
6.013,29.371,87.845
6.013,29.128,87.857
6.014,29.373,87.886
6.014,28.808,87.914
6.014,29.428,87.885
6.015,29.253,87.860
6.015,29.325,87.842
6.016,29.400,87.785
6.014,29.284,87.823
6.016,29.140,87.839
6.016,29.128,87.799
6.016,29.293,87.843
6.016,29.258,87.833
6.015,29.266,87.851
6.015,29.403,87.836
6.015,29.318,87.839
6.014,29.176,87.832
6.014,29.158,87.813
6.014,29.310,87.791
6.014,29.050,87.803
6.014,29.324,87.856
6.013,29.275,87.887
6.014,29.296,87.929
6.013,29.332,87.934
6.014,28.663,87.929
6.014,29.205,87.906
6.016,29.254,87.793
6.014,28.961,87.719
6.014,29.308,87.755
6.015,29.236,87.848
6.014,29.191,87.847
6.015,29.380,87.784
6.014,29.355,87.782
6.014,28.771,87.813
6.014,28.914,87.826
6.014,29.158,87.857
6.012,29.320,87.849
6.014,29.184,87.845
6.013,29.215,87.814
6.014,29.122,87.801
6.012,28.805,87.808
6.014,29.359,87.816
6.012,29.373,87.826
6.012,29.400,87.787
2.761,16.997,85.264
2.760,14.975,84.803
2.761,15.119,84.725
2.761,15.007,84.661
2.759,14.974,84.571
2.758,15.008,84.563
2.758,15.044,84.640
2.759,15.100,84.716
2.758,15.028,84.764
2.759,15.158,84.772
2.759,15.207,84.774
2.758,15.164,84.852
2.759,15.059,84.900
6.012,29.122,87.947
6.014,28.586,88.122
6.012,28.648,88.135
6.011,28.755,88.175
6.011,28.711,88.236
6.011,28.745,88.270
6.013,28.576,88.284
6.010,28.486,88.247
6.011,28.835,88.249
2.759,15.360,84.462
2.759,15.358,84.600
2.759,15.220,84.615
2.759,15.290,84.679
2.760,15.341,84.723
2.759,15.291,84.698
2.759,15.352,84.728
2.760,15.365,84.762
2.760,15.354,84.762
2.760,15.348,84.751
2.759,15.317,84.747
2.759,15.259,84.735
2.759,15.216,84.709
6.011,28.493,87.932
6.009,28.338,87.837
6.009,28.121,87.897
6.010,28.580,87.943
6.011,28.648,88.048
6.011,28.733,87.999
6.011,28.424,87.913
6.010,28.593,87.954
6.010,28.635,87.971
2.759,14.607,86.971
2.759,14.458,85.253
2.759,14.443,84.852
2.759,14.447,84.772
2.759,14.460,84.782
2.759,14.456,84.714
2.759,14.453,84.684
2.759,14.449,84.708
2.759,14.453,84.754
2.759,14.456,84.808
2.758,14.449,84.812
2.758,14.455,84.845
2.758,14.446,84.835
6.011,28.836,87.849
6.009,29.203,87.853
6.010,29.385,87.889
6.009,29.082,87.896
6.009,29.082,87.879
6.011,29.338,87.790
6.011,29.306,87.767
6.013,29.197,87.785
6.012,29.233,87.768
2.758,15.726,87.353
2.758,15.395,84.885
2.758,15.436,84.660
2.758,15.438,84.604
2.758,15.489,84.586
2.759,15.515,84.592
2.759,15.519,84.588
2.758,15.767,84.797
2.758,15.528,84.682
2.758,15.488,84.597
2.758,15.456,84.618
2.758,15.373,84.552
2.758,15.415,84.558
6.012,29.913,88.873
6.011,29.547,88.974
6.013,29.990,89.100
6.012,29.145,89.159
6.013,29.881,89.205
6.012,29.768,89.196
6.012,29.842,89.113
6.012,29.193,89.028
6.013,29.922,89.016
2.759,14.777,86.084
2.759,14.826,84.896
2.759,14.816,84.663
2.758,14.827,84.566
2.758,14.855,84.578
2.758,14.691,84.429
2.757,14.789,84.550
2.757,14.812,84.581
2.758,14.833,84.594
2.757,14.841,84.611
2.758,14.859,84.665
2.757,14.876,84.681
2.758,14.898,84.754
6.010,29.703,89.171
6.011,29.742,89.067
6.011,29.478,89.024
6.012,29.626,89.088
6.012,29.326,89.091
6.011,29.132,89.134
6.011,29.532,89.088
6.011,29.581,89.047
6.012,29.151,88.148
6.011,29.599,87.721
6.012,29.126,87.745
6.011,28.904,87.775
6.012,28.855,87.758
6.010,29.493,87.772
6.010,29.152,87.749
6.011,29.593,87.704
6.012,29.009,87.722
6.011,29.584,87.734
6.011,28.937,87.722
6.010,29.521,87.708
6.010,29.187,87.702
6.011,29.222,87.683
6.012,29.438,88.094
6.009,29.384,88.717
6.010,29.584,88.769
6.011,29.631,88.780
6.010,29.543,88.752
6.013,29.564,88.776
6.010,29.691,88.773
6.011,29.693,88.768
6.011,29.392,87.932
6.013,29.625,87.733
6.012,29.427,87.978
6.012,29.066,88.070
6.012,29.373,88.067
6.012,29.129,88.078
6.011,29.512,87.992
6.011,29.284,87.987
6.011,29.295,88.013
6.011,29.332,88.040
6.012,29.097,87.995
6.010,28.840,88.003
6.010,29.529,88.025
6.012,29.506,88.024
6.011,29.516,88.612
6.011,29.584,88.803
6.012,29.460,88.814
6.011,29.287,88.830
6.011,29.243,88.837
6.011,29.669,88.849
6.011,29.573,88.767
6.011,29.586,88.769
6.011,29.626,88.770
6.012,29.103,88.591
6.008,29.264,88.183
6.013,29.102,88.173
6.014,29.386,88.176
6.013,29.194,88.170
6.014,29.375,88.236
6.015,29.404,88.216
6.013,29.394,88.167
6.014,29.477,88.140
6.013,29.522,88.170
6.015,29.373,88.173
6.014,29.281,88.186
6.014,29.223,88.187
6.013,28.086,88.389
6.013,28.395,88.597
6.013,28.323,88.656
6.012,28.397,88.693
6.012,28.101,88.736
6.011,28.388,88.678
6.012,28.341,88.692
6.011,28.156,88.683
6.013,27.989,88.706
6.013,28.179,88.719
6.015,28.515,88.750
6.015,28.513,88.748
6.014,28.523,88.717
6.014,28.493,88.690
6.014,27.904,88.665
6.015,28.185,88.641
6.015,28.416,88.662
6.015,28.516,88.729
6.014,28.054,88.708
6.013,28.167,88.416
6.013,28.100,88.339
6.011,28.115,88.317
6.012,28.528,88.488
6.010,28.468,88.664
6.012,28.203,88.706
6.011,28.402,88.659
6.012,28.600,88.654
6.012,28.614,88.645
6.012,28.595,88.649
6.012,28.120,88.700
6.012,28.650,88.700
6.013,28.270,89.005
6.014,28.707,88.472
6.014,28.677,88.320
6.015,28.455,88.319
6.015,28.650,88.307
6.015,28.349,88.297
6.015,28.671,88.275
6.015,28.704,88.359
6.014,28.786,88.224
6.016,28.604,88.246
6.015,28.652,88.272
6.015,28.461,88.255
6.015,28.583,88.210
6.014,28.562,88.462
6.014,28.743,88.630
6.012,28.665,88.726
6.012,28.666,88.728
6.012,28.585,88.715
6.012,29.033,88.676
6.012,28.789,88.671
6.010,28.450,88.547
6.011,28.609,88.824
6.012,29.433,88.673
6.015,29.514,88.154
6.014,29.501,87.995
6.014,29.460,88.124
6.013,29.415,88.665
6.014,29.635,88.670
6.014,29.948,88.628
6.013,30.195,88.614
6.015,29.953,88.560
6.014,30.212,88.621
6.014,30.106,88.604
6.013,29.896,88.638
6.014,29.966,88.606
6.011,31.006,88.126
6.012,29.030,88.542
6.012,29.237,88.564
6.012,29.244,88.545
6.013,29.288,88.521
6.012,29.237,88.477
6.012,29.048,88.516
6.012,29.466,88.522
6.012,29.016,88.535
6.014,28.305,89.250
6.014,27.923,88.783
6.014,28.045,88.654
6.015,28.619,88.726
6.015,28.579,88.775
6.015,28.041,88.676
6.016,27.898,88.688
6.015,29.400,88.524
6.015,29.336,88.554
6.015,29.100,88.564
6.013,29.316,88.517
6.014,29.322,88.536
6.013,29.395,88.531
6.013,29.470,88.990
6.013,29.550,89.166
6.012,29.444,89.140
6.013,29.039,89.146
6.013,29.190,89.193
6.012,29.352,89.222
6.011,29.373,89.235
6.012,29.128,89.266
6.012,29.037,89.236
6.012,29.320,89.221
6.013,29.276,89.232
6.012,28.651,89.292
6.014,29.237,89.292
6.014,29.292,89.275
6.016,28.677,89.304
6.014,29.333,89.242
6.014,28.882,89.221
6.014,29.338,89.227
6.013,29.342,89.199
6.015,29.156,89.184
6.014,28.576,89.210
6.016,28.634,89.233
6.012,29.395,89.232
6.013,29.094,89.203
6.014,28.587,89.235
6.012,29.359,89.222
6.012,28.886,89.238
6.012,29.287,89.246
6.012,28.667,89.230
6.012,28.706,89.247
6.014,29.265,89.083
6.012,29.301,88.938
6.011,29.380,88.972
6.016,28.918,88.980
4.264,20.727,87.817
4.263,20.293,85.943
4.262,20.481,85.811
4.263,21.331,85.763
6.014,29.175,89.223
6.013,29.724,89.110
6.013,29.665,89.090
6.014,29.207,89.073
6.015,29.868,89.077
6.014,29.787,89.081
6.013,29.884,89.057
6.013,29.759,89.058
6.013,29.831,89.031
6.013,29.859,89.060
6.013,29.794,89.021
6.011,29.795,89.017
6.012,29.449,89.036
6.012,29.849,89.075
6.012,29.704,89.131
6.013,29.173,88.839
6.012,29.391,88.560
6.013,29.193,88.561
6.014,29.245,88.530
6.015,29.246,88.556
6.014,29.353,88.482
6.015,29.414,88.509
6.014,29.311,88.578
6.015,29.181,88.537
6.014,29.141,88.484
6.013,29.271,88.475
6.014,29.284,88.502
6.013,29.123,88.526
6.014,28.661,88.971
6.013,28.879,89.186
6.013,28.942,89.197
6.011,28.575,89.187
6.013,28.747,89.208
6.012,28.919,89.213
6.015,28.948,89.206
6.013,28.230,89.223
6.012,28.835,89.216
2.760,15.743,86.922
2.759,15.759,86.520
2.759,15.752,86.486
2.760,15.770,86.486
2.760,15.761,86.438
2.760,15.760,86.386
2.759,15.808,86.373
2.759,15.850,86.584
2.759,15.794,86.486
2.758,15.723,86.458
2.758,15.770,86.476
2.759,15.753,86.530
2.759,15.737,86.524
6.043,28.861,88.589
6.013,28.924,88.676
6.012,29.393,88.696
6.012,28.851,88.693
6.012,29.200,88.649
6.012,29.112,88.638
6.012,29.523,88.644
6.015,29.369,88.689
6.014,28.738,88.654
2.760,14.824,85.851
2.760,15.011,85.737
2.760,14.802,85.734
2.761,14.746,85.769
2.761,14.797,85.792
2.761,14.829,85.787
2.760,14.826,85.737
2.760,14.813,85.707
2.759,14.859,85.662
2.758,14.734,85.682
2.758,14.725,85.686
2.758,14.714,85.700
2.758,14.714,85.707
6.043,29.163,88.394
6.010,29.105,88.620
6.012,29.057,88.693
6.011,29.287,88.703
6.013,29.169,88.719
6.012,29.019,88.737
6.014,29.083,88.711
6.013,29.061,88.665
6.014,29.081,88.692
2.760,14.950,88.306
2.759,15.017,86.470
2.760,15.006,86.157
2.760,15.010,86.094
2.760,15.013,86.093
2.760,14.995,86.098
2.759,15.005,86.103
2.760,14.993,86.055
2.760,14.951,86.029
2.760,14.930,86.064
2.759,14.921,86.092
2.758,14.887,86.093
2.759,14.900,86.077
6.012,29.555,88.649
6.013,29.521,88.606
6.012,29.404,88.628
6.013,29.304,88.621
6.012,29.390,88.614
6.013,28.959,88.595
6.012,28.672,88.589
6.013,29.463,88.612
6.013,29.043,88.579
6.013,29.505,88.600
6.013,29.458,88.614
6.014,28.891,88.644
6.014,29.507,88.666
6.015,29.165,88.705
6.014,29.447,88.690
6.016,29.561,88.710
6.015,29.600,88.631
6.016,29.459,88.651
6.015,29.293,88.633
6.016,29.241,88.614
6.013,29.546,88.624
6.014,29.707,88.576
6.014,29.137,88.650
6.013,29.540,88.639
6.015,29.434,88.634
6.013,29.360,88.608
6.014,28.836,88.638
6.013,28.981,88.640
6.012,29.591,88.635
6.014,29.429,88.651
6.014,29.394,88.683
6.014,29.602,88.682
6.013,29.729,88.710
6.014,29.359,88.703
6.014,29.266,88.736
6.014,29.590,88.732
6.013,29.573,88.731
6.014,29.298,88.732
6.013,29.281,88.727
6.014,28.966,88.716
6.015,29.475,88.699
6.015,29.472,88.681
6.015,29.537,88.656
6.015,28.985,88.685
6.012,29.486,88.748
6.013,28.676,88.674
6.013,29.243,88.581
6.012,29.182,88.588
6.011,29.555,88.581
6.014,29.565,88.596
6.012,29.519,88.573
6.012,29.500,88.592
6.012,29.473,88.589
6.012,29.289,88.725
6.014,29.491,88.751
6.014,29.645,88.740
6.013,28.796,88.717
6.013,29.584,88.758
6.013,29.598,88.704
6.014,29.119,88.692
6.015,28.959,88.664
6.014,29.044,88.660
6.012,29.591,88.640
6.014,29.553,88.663
6.014,28.950,88.671
6.013,28.736,88.647
6.012,29.369,88.701
6.014,29.455,88.719
6.013,28.621,88.724
6.014,29.476,88.702
6.013,29.247,88.708
6.014,29.526,88.694
6.012,29.496,88.686
6.013,29.504,88.721
6.011,28.972,88.644
3.678,20.037,85.505
3.676,20.031,85.018
3.065,15.490,84.495
3.064,15.490,84.479
3.064,15.485,84.434
3.065,15.550,84.702
3.065,15.605,85.100
3.066,15.691,85.325
3.065,15.632,85.223
3.066,15.600,85.205
3.065,15.593,85.177
3.064,15.595,85.176
6.010,29.370,88.559
6.009,29.515,89.282
6.010,29.566,89.409
6.010,29.576,89.405
6.009,29.624,89.432
6.009,29.631,89.377
6.010,29.675,89.377
6.011,29.459,89.395
6.010,29.355,89.421
6.010,29.451,89.410
3.064,15.361,86.407
3.064,15.373,84.853
3.064,15.366,84.577
3.064,15.363,84.481
3.064,15.347,84.464
3.064,15.400,84.918
3.065,15.420,85.196
3.064,15.470,85.247
3.065,15.476,85.266
3.064,15.448,85.233
3.062,15.427,85.255
3.063,15.419,85.311
3.063,15.437,85.353
6.011,29.516,89.349
6.010,29.535,89.536
6.010,29.453,89.546
6.010,29.133,89.556
6.011,29.442,89.579
6.011,29.435,89.551
6.010,29.463,89.600
6.012,29.422,89.512
6.011,29.389,89.486
3.063,15.139,86.044
3.064,15.132,85.497
3.064,15.135,85.329
3.064,15.149,85.261
3.063,15.135,85.275
3.064,15.213,85.308
3.064,15.235,85.296
3.064,15.236,85.314
3.065,15.241,85.274
3.064,15.238,85.285
3.065,15.234,85.290
3.063,15.240,85.334
3.063,15.239,85.360
6.011,29.409,88.578
6.011,28.893,88.754
6.013,29.468,88.847
6.012,28.813,88.913
6.013,29.340,88.888
6.012,29.382,88.859
6.012,29.319,88.894
6.012,29.370,88.883
6.014,29.367,88.863
2.455,13.737,84.260
2.453,13.924,85.499
2.454,13.908,85.707
2.453,13.912,85.735
2.454,13.942,85.746
2.455,13.942,85.770
2.454,13.961,85.814
2.454,14.016,85.891
2.455,14.021,85.867
2.452,14.010,85.819
2.452,14.020,85.795
2.452,14.022,85.876
2.452,14.024,85.959
6.011,28.792,88.842
6.011,28.326,88.903
6.012,28.320,88.888
6.013,28.244,88.910
6.012,28.301,88.934
6.012,28.882,88.910
6.013,28.200,88.909
6.011,28.155,88.905
6.012,28.585,88.933
2.454,14.631,87.776
2.454,14.441,85.657
2.453,14.414,85.144
2.453,14.349,84.516
2.453,14.351,84.207
2.453,14.361,84.154
2.453,14.349,84.147
2.453,14.356,84.141
2.454,14.351,84.185
2.453,14.336,84.181
2.453,14.300,84.169
2.452,14.282,84.174
2.453,14.272,84.225
6.011,29.207,88.764
6.013,28.921,88.857
6.011,28.580,88.917
6.011,29.056,88.959
6.012,28.982,88.950
6.014,29.035,88.892
6.012,28.447,88.917
6.012,28.756,88.889
6.015,28.667,88.868
6.014,28.896,88.883
6.013,29.042,88.933
6.014,29.089,88.932
6.014,28.965,88.873
6.013,28.976,88.823
6.015,29.098,88.833
6.013,28.974,88.829
6.014,28.919,88.836
6.014,29.126,88.798
6.014,29.000,88.829
6.015,29.034,88.853
6.015,28.559,88.868
6.015,28.939,88.892
6.014,28.961,88.882
6.014,28.960,88.891
6.014,28.979,88.902
6.014,28.998,88.866
6.013,28.975,88.830
6.014,28.918,88.814
6.012,28.921,88.849
6.014,28.982,88.850
6.013,29.019,88.863
6.014,29.028,88.909
6.014,29.015,88.940
6.014,28.930,88.931
6.015,29.017,88.938
6.015,28.488,88.967
6.015,28.988,88.959
6.015,28.940,88.922
6.016,28.885,88.949
6.016,28.781,88.959
6.016,28.889,88.949
6.015,28.939,88.989
6.014,28.842,88.980
6.015,28.927,88.982
6.013,28.374,88.957
6.013,28.844,88.977
6.014,28.838,88.957
6.015,28.736,88.935
6.014,28.585,88.936
6.015,28.597,88.621
6.013,28.570,88.635
6.010,28.688,88.885
6.011,28.761,89.111
2.455,14.903,86.298
2.453,14.892,84.664
2.453,14.889,84.287
2.454,14.924,84.210
2.454,14.886,84.151
2.454,14.913,84.112
2.454,14.894,84.122
2.454,14.919,84.095
2.454,14.910,84.108
2.453,14.880,84.113
2.454,14.876,84.114
2.454,14.869,84.169
2.454,14.874,84.232
6.014,29.258,88.856
6.012,29.156,88.829
6.013,29.519,88.844
6.014,28.979,88.893
6.013,29.366,88.910
6.013,29.086,88.891
6.014,29.492,88.944
6.015,29.246,88.859
6.015,28.911,88.873
2.454,14.680,85.045
2.454,14.518,84.186
2.454,14.536,84.181
2.454,14.551,84.197
2.455,14.551,84.176
2.454,14.545,84.154
2.454,14.554,84.189
2.454,14.561,84.203
2.454,14.542,84.196
2.454,14.553,84.179
2.453,14.543,84.198
2.454,15.010,84.169
2.455,15.045,84.171
6.012,29.469,89.019
6.012,29.695,88.748
6.012,29.588,88.773
6.013,29.737,88.840
6.014,29.534,88.822
6.011,29.792,88.881
6.012,29.731,88.836
6.012,29.696,88.825
6.013,29.888,88.787
2.454,15.047,85.014
2.454,14.972,84.407
2.454,14.974,84.195
2.453,14.933,83.898
2.454,14.926,83.795
2.454,14.942,83.813
2.454,14.978,83.798
2.454,14.925,83.760
2.453,14.991,84.067
2.453,14.874,83.902
2.453,14.792,83.864
2.453,14.791,83.849
2.453,14.785,83.855
6.011,29.711,89.487
6.013,29.563,89.268
6.013,29.384,89.278
6.014,29.505,89.411
6.014,29.515,89.312
6.014,29.385,89.312
6.014,29.572,89.323
6.014,29.241,89.350
6.013,29.431,89.363
2.454,13.644,84.213
2.454,13.655,83.957
2.454,13.672,83.900
2.454,13.671,83.853
2.453,13.676,83.864
2.454,13.673,83.890
2.453,13.677,83.895
2.454,13.679,83.885
2.454,13.673,83.883
2.453,13.653,83.864
2.453,13.662,83.877
2.454,13.650,83.899
2.453,13.652,83.950
6.012,28.604,88.963
6.012,28.482,89.086
6.014,28.466,89.158
6.014,28.700,89.254
6.013,28.346,89.170
6.013,28.670,89.211
6.015,28.696,89.161
6.015,28.601,89.173
6.013,28.559,89.144
2.454,13.329,84.226
2.455,13.337,84.001
2.454,13.342,83.960
2.455,13.345,83.940
2.454,13.351,83.975
2.454,13.337,83.958
2.454,13.336,83.956
2.454,13.343,84.002
2.453,13.344,83.973
2.453,13.331,83.941
2.453,13.311,83.965
2.453,13.326,83.976
2.454,13.321,83.949
6.013,29.408,88.829
6.013,29.130,89.238
6.015,29.288,89.220
6.015,29.303,89.250
6.014,29.297,89.215
6.015,29.144,89.276
6.014,29.223,89.237
6.014,29.301,89.267
6.016,29.319,89.102
6.015,29.030,89.295
6.016,29.099,89.344
6.014,29.179,89.337
6.016,29.063,89.394
6.017,29.126,89.329
6.018,29.018,89.231
6.017,29.000,89.289
6.019,29.190,89.333
6.017,29.158,89.343
6.018,29.247,89.304
6.016,29.104,89.324
6.016,29.128,89.321
6.015,28.363,89.308
6.017,28.889,89.291
6.014,29.079,89.315
6.014,29.012,89.325
6.012,28.351,89.315
6.015,29.080,89.333
6.013,29.075,89.358
6.012,29.057,89.358
6.013,28.872,89.306
6.014,28.936,89.388
6.014,29.062,89.426
6.015,29.032,89.391
6.016,29.148,89.468
6.017,29.122,89.477
6.018,28.944,89.444
6.016,29.064,89.388
6.015,29.061,89.422
6.017,29.371,89.435
6.018,29.080,89.408
6.019,28.659,89.419
6.016,29.071,89.395
6.014,28.674,89.433
6.014,28.876,89.428
6.015,28.903,89.391
6.014,28.921,89.374
6.015,29.038,89.425
6.015,29.010,89.432
6.015,28.925,89.427
6.014,28.957,89.467
6.014,29.081,89.463
6.014,29.059,89.500
6.014,28.955,89.490
2.760,15.408,85.451
2.760,15.309,84.675
2.761,15.319,84.430
2.760,15.302,84.340
2.761,15.293,84.343
2.760,15.305,84.324
2.760,15.298,84.296
2.760,15.430,84.286
2.760,15.451,84.290
2.760,15.428,84.288
2.759,15.443,84.360
2.759,15.709,84.357
2.759,15.636,84.374
6.013,29.572,90.432
6.014,28.949,90.049
6.014,29.284,90.028
6.012,28.678,90.013
6.013,29.361,89.953
6.012,29.205,89.950
6.011,29.378,89.950
6.012,29.463,90.019
6.012,28.639,90.001
2.760,15.886,85.525
2.759,15.876,84.538
2.759,15.885,84.293
2.759,15.868,84.237
2.759,15.853,84.181
2.759,15.847,84.180
2.758,15.833,84.164
2.759,15.853,84.264
2.759,15.861,84.554
2.759,15.857,84.638
2.758,15.852,84.655
2.759,15.849,84.694
2.759,15.850,84.785
6.010,29.696,89.876
6.011,29.525,90.053
6.012,29.492,90.080
6.013,29.427,90.141
6.013,29.539,90.155
6.013,29.578,90.165
6.015,29.551,90.130
6.015,29.544,90.071
6.014,29.510,90.095
2.760,15.082,85.341
2.760,14.883,84.690
2.760,14.998,84.495
2.761,15.032,84.500
2.760,14.978,84.450
2.760,14.900,84.452
2.759,14.973,84.415
2.758,14.943,84.439
2.757,14.984,84.487
2.757,14.823,84.532
2.757,15.117,84.583
2.758,15.138,84.634
2.758,15.083,84.666
6.011,29.160,89.305
6.013,29.252,89.745
6.014,29.456,89.836
6.014,29.206,89.882
6.013,29.351,89.822
6.013,29.404,89.808
6.014,29.436,89.844
6.014,29.301,89.768
6.014,29.384,89.743
2.760,15.319,86.898
2.758,15.125,84.719
2.758,15.279,84.409
2.757,15.302,84.361
2.758,15.357,84.368
2.757,15.403,84.400
2.758,15.459,84.471
2.758,15.413,84.552
2.758,15.453,84.522
2.758,15.493,84.562
2.759,15.480,84.558
2.758,15.511,84.542
2.759,15.472,84.544
6.013,29.203,89.633
6.012,29.483,89.753
6.013,29.574,89.793
6.014,29.545,89.870
6.013,28.813,89.787
6.013,29.433,89.831
6.015,28.998,89.643
6.014,29.541,89.715
6.011,29.143,89.499
2.758,15.203,85.904
2.757,15.236,84.623
2.756,15.205,83.994
2.755,15.197,83.906
2.756,15.216,83.920
2.757,15.236,83.921
2.757,15.289,83.901
2.757,15.296,83.894
2.757,15.302,83.875
2.756,15.280,83.913
2.758,15.267,83.964
2.757,15.248,83.971
2.757,15.438,84.076
6.010,28.580,89.508
6.012,28.536,89.857
6.013,28.476,89.933
6.013,28.539,89.936
6.012,28.719,89.887
6.012,28.613,89.883
6.011,28.443,89.936
6.011,28.621,89.863
6.012,28.559,89.914
6.014,28.688,89.925
6.013,28.590,89.917
6.013,28.692,89.910
6.015,28.639,89.880
6.014,28.476,89.871
6.014,28.548,89.866
6.016,28.786,89.838
6.015,28.292,89.827
6.014,28.515,89.843
6.016,28.765,89.842
6.014,28.671,89.866
6.013,28.686,89.855
6.014,28.602,89.850
6.012,28.575,89.856
6.014,28.604,89.856
6.013,28.521,89.846
6.014,28.532,89.852
6.013,28.687,89.850
6.012,28.595,89.837
6.012,28.695,89.882
6.011,28.868,89.846
6.014,28.625,89.598
6.014,28.787,89.527
6.014,28.604,89.526
6.015,28.586,89.573
6.015,28.650,89.592
6.013,28.605,89.500
6.015,28.440,89.564
6.012,28.670,89.566
6.013,28.746,89.577
6.013,28.839,89.528
6.014,28.655,89.590
6.014,28.580,89.551
6.014,28.616,89.543
6.014,28.818,89.511
6.015,28.675,89.441
6.014,28.738,89.448
6.013,28.751,89.477
6.014,28.591,89.497
6.013,28.766,89.515
6.013,28.832,89.513
6.012,28.572,89.529
6.013,28.641,89.538
6.014,28.606,89.530
2.760,15.110,84.192
2.760,15.681,83.943
2.759,15.669,83.907
2.759,15.658,83.960
2.759,15.634,83.955
2.758,15.661,83.978
2.759,15.684,84.067
2.759,15.862,84.186
2.758,15.786,84.161
2.758,15.792,84.153
2.759,15.778,84.225
2.758,15.788,84.289
2.759,15.790,84.278
5.490,26.421,88.206
5.491,26.677,88.487
5.491,26.763,88.538
5.491,26.555,88.500
5.490,26.727,88.495
5.490,26.482,88.492
5.491,26.544,88.485
5.489,26.655,88.481
5.490,26.516,88.451
5.490,26.530,88.433
5.490,26.501,88.417
5.490,26.591,88.424
5.491,26.652,88.488
5.491,26.460,88.500
5.493,26.812,88.496
5.492,26.647,88.512
5.493,26.604,88.474
5.492,26.619,88.452
5.492,26.660,88.457
5.491,26.641,88.451
5.491,26.613,88.392
5.491,26.586,88.427
5.493,26.588,88.445
5.491,26.659,88.466
5.491,26.570,88.486
5.490,26.606,88.470
5.490,26.511,88.419
5.489,26.642,88.423
5.490,26.670,88.427
5.489,26.429,88.464
5.490,26.623,88.443
5.490,26.648,88.448
5.490,26.689,88.480
5.492,26.659,88.471
5.492,26.393,88.500
5.493,26.764,88.473
5.494,26.684,88.470
5.493,26.738,88.429
5.493,26.627,88.435
5.492,26.782,88.424
5.492,26.710,88.452
5.492,26.681,88.437
5.493,26.658,88.446
5.491,26.608,88.418
5.493,26.638,88.412
5.493,26.666,88.385
5.491,26.667,88.379
5.492,26.666,88.389
5.492,26.584,88.384
5.490,26.556,88.476
5.491,26.464,88.457
5.491,26.623,88.507
5.491,26.517,88.503
5.491,26.684,88.373
5.491,26.761,88.410
5.493,26.664,88.438
5.492,26.540,88.417
5.497,26.670,88.483
5.493,26.678,88.412
5.492,26.561,88.365
5.492,26.571,88.370
5.492,26.644,88.342
5.493,26.664,88.380
5.492,26.688,88.418
5.490,26.658,88.401
5.491,26.644,88.433
5.490,26.534,88.405
5.489,26.533,88.511
5.490,26.626,88.488
5.489,26.470,88.472
5.488,26.528,88.416
5.490,26.429,88.433
5.491,26.305,88.438
5.490,26.509,88.447
5.490,26.624,88.460
5.490,26.546,88.486
5.490,26.724,88.409
5.490,26.657,88.363
5.491,26.642,88.372
5.493,26.428,88.405
5.491,26.677,88.352
5.493,26.627,88.198
5.492,26.848,88.147
5.491,26.596,88.201
5.490,26.785,88.211
5.489,26.412,88.156
5.488,26.545,88.252
5.488,26.493,88.307
5.490,26.878,88.385
5.490,26.660,88.382
5.490,26.605,88.359
5.489,26.744,88.331
5.490,26.501,88.310
5.491,26.425,88.309
5.491,26.618,88.316
5.489,26.514,88.294
3.065,15.415,84.215
3.065,15.155,84.929
3.066,15.154,84.965
3.065,15.159,85.018
3.065,15.155,85.041
3.065,15.146,85.085
3.066,15.135,85.106
3.064,15.128,85.074
3.064,15.112,85.082
3.063,15.119,85.088
3.064,15.108,85.091
3.064,15.078,85.108
3.065,15.107,85.137
3.064,15.068,85.039
3.064,15.080,85.095
3.064,15.075,85.130
3.065,15.056,85.158
3.062,15.015,85.159
3.063,14.990,85.226
3.064,14.966,85.268
3.065,14.960,85.205
3.063,14.950,85.275
3.065,14.930,85.322
5.491,27.377,89.013
5.490,27.144,88.761
5.492,27.068,88.764
5.491,27.049,88.777
5.491,27.070,88.760
5.493,26.950,88.763
5.492,26.877,88.748
5.491,27.219,88.755
5.491,27.200,88.776
5.491,27.211,88.739
5.489,27.058,88.815
5.491,27.004,88.701
5.491,27.030,88.704
5.491,27.040,88.749
5.489,27.003,88.787
5.491,27.016,88.749
5.489,27.050,88.762
5.490,27.000,88.800
5.489,26.973,88.840
5.490,26.867,88.866
5.490,27.075,88.833
5.490,27.057,88.854
3.064,15.472,85.414
3.064,15.460,84.723
3.064,15.436,84.574
3.064,15.454,84.631
3.064,15.445,84.639
3.063,15.464,84.709
3.062,15.435,84.696
3.064,15.437,84.719
3.063,15.411,84.701
3.063,15.410,84.745
3.063,15.393,84.557
3.062,15.375,84.644
3.062,15.384,84.708
5.487,27.186,88.500
5.488,27.118,88.725
5.489,27.113,88.795
5.489,27.062,88.802
5.489,27.095,88.805
5.489,27.198,88.812
5.490,27.167,88.837
5.489,27.169,88.793
5.491,27.227,88.787
3.064,15.749,85.270
3.065,15.749,84.759
3.065,15.751,84.606
3.064,15.698,84.581
3.064,15.749,84.551
3.064,15.761,84.614
3.064,15.771,84.664
3.065,15.782,84.661
3.064,15.764,84.638
3.064,15.761,84.662
3.063,15.746,84.680
3.063,15.747,84.898
3.065,15.757,85.064
5.486,27.327,88.610
5.488,27.369,88.852
5.489,27.280,88.901
5.490,27.271,88.909
5.489,27.406,88.888
5.488,27.375,88.874
5.489,27.325,88.794
5.488,27.308,88.846
5.490,27.444,88.829
3.064,15.573,85.856
3.064,15.556,84.891
3.064,15.566,84.676
3.064,15.503,84.550
3.064,15.455,84.541
3.064,15.476,84.539
3.065,15.436,84.558
3.063,15.593,84.749
3.065,15.549,84.685
3.065,15.483,84.670
3.065,15.481,84.711
3.064,15.497,84.702
3.064,15.455,84.700
5.491,27.522,87.941
5.490,27.593,88.143
5.491,26.992,88.123
5.491,27.360,88.242
5.490,27.192,88.233
5.490,27.597,88.157
5.490,27.509,88.189
5.491,27.511,88.156
5.490,27.571,88.116
2.759,15.040,86.852
2.759,14.968,85.564
2.759,14.967,85.389
2.760,14.960,85.338
2.759,14.863,85.303
2.759,14.931,85.305
2.760,14.929,85.343
2.759,14.970,85.264
2.759,14.939,85.276
2.759,14.991,85.397
2.759,14.984,85.401
2.758,14.942,85.426
2.758,14.965,85.460
5.490,27.674,88.799
5.489,27.601,88.812
5.490,27.583,88.820
5.490,27.566,88.825
5.490,27.741,88.900
5.489,27.616,88.884
5.489,27.697,88.887
5.490,27.572,88.838
5.491,27.736,88.865
3.065,15.960,85.435
3.066,15.925,84.817
3.065,15.938,84.694
3.064,15.938,84.624
3.065,15.943,84.653
3.064,15.962,84.707
3.064,15.942,84.710
3.064,15.996,84.730
3.064,15.946,84.704
3.062,15.683,84.610
3.062,15.676,84.696
3.061,15.890,84.740
3.062,15.863,84.710
5.489,26.726,88.866
5.490,26.659,89.012
5.489,26.645,89.033
5.488,26.898,89.088
5.488,26.857,89.163
5.487,26.757,89.197
5.488,26.888,89.077
5.488,26.876,88.967
5.490,26.675,88.953
5.491,26.973,88.981
5.490,26.837,88.948
5.490,26.885,88.950
5.489,26.881,88.916
5.489,26.902,88.910
5.489,27.080,88.909
5.490,27.029,88.842
5.487,26.496,88.612
5.488,26.897,88.662
5.486,26.957,88.734
5.486,27.008,88.814
5.487,26.760,88.945
5.487,26.976,88.899
5.488,26.964,88.901
5.487,26.892,88.911
5.487,27.007,88.886
5.488,26.386,88.936
5.487,26.920,88.948
5.487,26.949,88.956
5.488,26.947,88.932
5.486,26.899,88.936
5.487,27.026,88.895
5.487,26.881,88.943
5.487,26.864,88.933
5.489,26.895,88.958
5.488,26.603,88.969
5.489,26.848,88.944
5.488,26.924,88.910
5.490,26.938,88.847
5.489,26.904,88.844
5.491,26.811,88.902
5.491,26.855,88.900
5.489,26.885,88.923
5.490,26.921,88.927
5.492,26.896,88.963
5.489,26.641,88.943
5.490,26.926,88.936
5.490,26.488,88.930
5.490,26.919,88.926
5.488,26.232,88.904
5.489,26.888,88.917
5.491,26.906,88.890
5.489,26.559,88.894
5.489,26.825,88.874
3.065,15.470,86.048
3.062,15.458,85.574
3.064,15.538,85.501
3.064,15.539,85.514
3.065,15.522,85.498
3.065,15.516,85.518
3.064,15.480,85.503
3.064,15.496,85.486
3.063,15.001,85.477
3.062,15.278,85.499
3.062,15.366,85.512
3.062,15.297,85.619
3.062,15.553,86.292
6.009,30.084,90.104
6.010,29.824,89.971
6.013,29.978,89.994
6.012,30.166,89.846
6.011,30.088,89.793
6.009,29.960,89.827
6.010,29.914,89.819
6.011,30.167,89.774
6.012,30.038,89.808
3.062,15.219,86.208
3.063,15.136,85.575
3.063,14.975,85.457
3.065,15.249,85.491
3.065,15.244,85.567
3.064,15.246,85.537
3.065,15.215,85.503
3.065,15.271,85.725
3.064,15.207,85.610
3.065,15.207,85.593
3.064,15.102,85.743
3.063,15.062,86.022
3.063,15.032,86.123
6.009,29.997,90.289
6.009,29.896,89.801
6.009,29.947,89.756
6.009,29.734,89.767
6.008,29.813,89.845
6.010,29.935,89.920
6.010,29.866,89.948
6.009,29.805,89.940
6.009,29.679,89.914
6.011,29.374,89.856
6.010,29.657,89.772
6.011,29.788,89.843
6.013,29.548,89.852
6.013,29.685,89.871
6.013,29.543,89.865
6.014,29.644,89.886
6.015,29.780,89.800
6.013,29.696,89.799
6.011,29.688,89.821
6.012,29.786,90.030
6.012,29.673,89.761
6.011,29.689,89.792
6.013,29.795,89.781
6.011,29.811,89.776
6.012,29.812,89.761
6.011,29.606,89.769
6.011,29.813,89.725
6.011,29.794,89.729
6.011,29.848,89.730
6.011,29.801,89.738
6.011,29.660,89.708
6.011,29.446,89.634
6.012,29.721,89.659
6.013,29.743,89.781
6.014,29.758,89.884
6.015,29.791,89.848
6.017,29.854,89.797
6.017,29.784,89.711
6.015,29.432,89.619
6.013,29.813,89.627
6.013,29.796,89.625
6.013,29.662,89.623
6.012,29.790,89.688
6.010,30.064,89.653
6.013,29.913,89.676
6.013,29.748,89.745
6.012,29.760,89.725
6.012,29.716,89.689
6.012,29.821,89.672
6.012,29.624,89.660
6.012,29.716,89.654
6.010,29.670,89.697
6.011,29.854,89.688
6.012,29.785,89.689
2.758,14.529,85.827
2.758,14.627,84.882
2.758,14.664,84.660
2.758,14.659,84.629
2.758,14.664,84.649
2.758,14.660,84.653
2.758,14.691,84.681
2.758,14.652,84.672
2.757,14.684,84.690
2.757,14.637,84.667
2.757,14.675,84.708
2.757,14.661,84.707
6.011,29.305,89.253
6.013,29.043,89.937
6.014,29.214,90.023
6.013,29.314,89.994
6.012,29.294,90.036
6.012,29.454,90.008
6.012,29.334,89.965
6.012,29.243,89.962
6.012,29.053,89.916
6.011,28.909,89.954
6.011,28.934,89.941
6.013,29.344,89.918
6.013,29.104,89.911
6.014,29.203,89.876
6.014,29.289,89.891
6.012,29.060,89.897
6.012,29.127,89.908
6.013,29.102,89.919
6.013,29.128,89.913
6.013,29.153,89.909
6.014,29.130,89.924
6.014,29.044,89.878
6.013,29.162,89.901
6.012,29.286,89.927
6.012,29.169,89.923
6.013,29.085,89.900
6.013,29.435,89.895
6.012,29.092,89.863
6.011,29.161,89.921
6.012,29.112,89.937
6.011,29.101,89.961
6.012,29.233,89.959
6.012,29.005,89.942
6.012,29.373,89.964
6.014,28.775,89.952
6.013,28.921,89.927
6.012,29.090,89.980
6.014,28.823,89.919
6.014,29.215,89.925
6.014,29.035,89.954
6.014,29.459,89.935
6.014,29.306,89.972
6.013,29.400,89.948
6.014,29.024,89.965
6.012,29.288,89.960
6.014,29.251,89.984
6.014,29.025,89.964
6.014,29.401,89.934
6.015,29.157,89.940
6.012,29.290,89.902
6.013,29.155,89.891
6.012,29.285,89.953
6.012,29.301,89.918
4.229,24.300,89.236
3.062,15.041,86.805
3.064,15.109,86.659
3.065,15.109,86.868
3.066,15.092,86.859
3.068,15.079,86.990
3.067,15.064,87.029
3.066,14.964,86.921
3.065,14.988,87.012
3.066,14.865,86.911
3.066,14.901,86.976
3.065,14.835,86.939
3.064,14.823,86.932
6.012,28.933,90.215
6.013,28.824,90.001
6.014,28.902,90.091
6.013,29.069,90.061
6.013,28.513,90.082
6.012,29.063,90.060
6.012,29.087,90.020
6.011,28.695,90.011
6.011,29.116,89.974
3.678,18.459,86.261
3.678,18.481,85.458
3.678,18.457,85.449
3.679,18.437,85.464
3.679,18.440,85.673
3.678,18.437,85.696
3.678,18.446,85.761
3.678,18.420,85.825
3.678,18.375,85.855
3.677,18.405,85.810
3.678,18.428,85.848
3.678,18.454,85.972
3.677,18.395,85.981
6.012,29.635,89.823
6.013,29.356,89.905
6.012,29.531,89.929
6.013,29.535,89.898
6.013,29.497,89.947
6.014,29.470,89.893
6.013,29.670,89.834
6.013,29.563,89.857
6.015,29.577,89.950
6.015,29.575,89.872
6.014,29.693,89.893
6.012,29.628,89.871
6.015,29.576,89.796
6.015,29.630,89.699
6.013,29.423,89.676
6.013,29.754,89.683
6.014,29.771,89.715
6.014,29.667,89.750
6.013,29.633,89.709
6.014,29.899,89.795
6.013,29.761,89.847
6.014,29.575,89.823
6.012,29.679,89.741
6.013,29.696,89.741
6.013,29.712,89.746
6.012,29.467,89.471
6.010,29.234,89.499
6.010,29.586,89.555
6.010,29.753,89.659
6.010,29.423,89.795
6.010,29.801,89.848
6.010,29.689,89.508
6.008,29.705,89.537
6.010,29.474,89.261
6.009,29.347,88.057
6.010,29.552,87.796
6.010,29.386,88.048
6.011,29.670,88.451
6.011,29.595,88.455
6.011,29.934,87.677
6.012,29.224,88.066
6.012,29.357,89.032
6.010,29.456,89.090
6.012,29.511,89.097
6.009,29.578,88.968
6.011,29.546,89.022
6.011,30.099,89.059
6.012,29.509,89.068
6.011,29.943,89.081
6.011,29.656,89.128
6.012,29.456,89.119
6.012,29.936,89.113
6.012,29.583,89.101
6.011,30.218,89.106
6.012,29.588,89.170
6.012,29.804,89.191
6.013,30.322,89.608
6.013,29.698,89.631
6.014,29.609,89.596
6.014,30.267,89.543
6.015,29.670,89.502
6.016,29.619,89.524
6.016,30.283,89.517
6.014,30.082,89.532
6.015,29.687,89.538
6.016,29.664,89.536
6.016,29.547,89.529
6.015,29.720,89.572
6.012,29.680,89.472
6.012,30.037,89.377
6.010,29.703,89.502
6.011,29.685,89.509
6.011,29.995,89.557
6.011,29.962,89.506
6.011,30.010,89.551
6.013,29.779,89.628
6.012,30.018,89.659
6.013,29.764,89.671
6.015,29.742,89.648
6.013,29.821,89.656
6.013,29.466,89.657
6.014,29.637,89.604
6.013,29.656,89.565
6.013,29.562,89.585
6.013,29.675,89.573
6.011,29.916,89.599
6.013,29.237,89.666
6.013,29.606,89.664
6.014,29.964,89.630
6.013,30.018,89.659
6.013,29.753,89.670
6.014,29.710,89.686
6.013,29.627,89.648
6.012,29.843,89.635
6.012,29.972,89.661
6.011,29.820,89.654
6.014,30.295,89.621
6.012,29.732,89.669
6.013,29.663,89.694
6.012,29.572,89.682
6.013,29.769,89.658
6.014,29.719,89.699
6.014,29.706,89.657
6.015,29.744,89.634
6.015,29.876,89.621
6.014,29.797,89.584
6.016,29.762,89.594
6.014,29.813,89.637
6.014,29.659,89.636
6.013,29.856,89.585
6.012,29.665,89.704
6.012,30.162,89.681
6.012,29.768,89.676
6.013,29.952,89.685
6.010,29.539,89.671
6.013,29.724,89.671
6.013,29.766,89.641
6.013,29.562,89.582
6.013,29.866,89.485
4.262,21.637,86.525
4.262,21.798,86.668
4.260,21.779,86.652
4.262,21.694,86.738
4.262,21.793,86.793
4.263,21.855,86.792
4.262,21.791,86.733
4.263,21.838,86.763
4.264,21.816,86.805
4.263,21.859,86.838
4.262,21.856,86.945
4.262,21.796,86.941
4.262,21.881,86.944
6.010,28.961,89.760
6.012,28.780,89.790
6.011,29.258,89.812
6.013,29.092,89.792
6.013,29.009,89.768
6.012,28.816,89.808
6.012,28.915,89.842
6.012,28.994,89.848
6.011,29.272,89.848
4.261,20.986,87.222
4.261,20.991,87.072
4.261,20.858,87.086
4.262,20.966,87.155
4.263,20.872,87.138
4.261,20.930,87.105
4.261,20.931,87.112
4.261,20.951,87.137
4.261,20.956,87.115
4.261,20.946,87.094
4.262,20.969,87.128
4.261,20.836,87.158
4.261,20.834,87.171
6.014,28.610,89.546
6.013,28.607,89.579
6.014,28.830,89.653
6.012,28.764,89.725
6.015,28.677,89.731
6.012,28.765,89.596
6.013,28.672,89.542
6.012,29.102,89.573
6.013,28.674,89.537
4.294,21.468,86.602
4.294,21.412,86.384
4.294,21.315,86.391
4.294,21.204,86.381
4.294,21.301,86.449
4.295,21.409,86.473
4.293,21.461,86.450
4.294,21.321,86.484
4.293,21.316,86.478
4.294,21.210,86.512
4.294,21.282,86.495
4.294,21.322,86.466
4.295,21.447,86.441
6.013,28.607,89.477
6.013,28.789,89.646
6.013,28.775,89.634
6.012,28.551,89.584
6.013,28.689,89.536
6.013,28.714,89.556
6.012,28.782,89.578
6.011,28.701,89.565
6.012,28.704,89.604
6.014,28.545,89.615
6.013,28.548,89.608
6.013,28.737,89.608
6.012,28.560,89.646
6.012,28.860,89.693
6.014,28.639,89.683
6.015,28.666,89.635
6.014,28.815,89.559
6.014,28.910,89.542
6.014,28.563,89.488
6.014,29.021,89.526
6.014,28.745,89.601
6.012,28.786,89.595
6.013,28.834,89.583
6.014,28.721,89.558
6.014,28.740,89.552
6.014,28.665,89.538
6.014,28.630,89.528
6.013,28.817,89.514
6.012,28.808,89.500
6.013,28.789,89.524
6.014,28.697,89.719
3.678,18.995,86.879
3.677,19.100,86.598
3.678,19.111,86.599
3.678,19.122,86.617
3.678,19.108,86.635
3.679,19.166,86.636
3.680,19.200,86.658
3.679,19.193,86.592
3.680,19.128,86.621
3.678,19.090,86.612
3.678,19.108,86.614
3.679,19.051,86.634
3.679,19.072,86.655
6.012,29.719,89.607
6.013,29.610,89.728
6.012,29.570,89.731
6.013,29.727,89.740
6.013,29.760,89.743
6.013,29.447,89.782
6.012,29.715,89.776
6.014,29.721,89.779
6.015,29.607,89.739
6.013,29.692,89.721
6.013,29.584,89.705
6.015,29.480,89.728
6.013,29.757,89.719
6.012,29.642,89.730
6.014,29.537,89.744
6.015,29.617,89.745
6.014,29.673,89.726
6.013,29.747,89.672
6.013,29.630,89.712
6.014,29.724,89.765
6.013,29.792,89.793
6.013,29.653,89.754
6.014,29.688,89.756
6.013,29.559,89.753
6.015,29.685,89.702
6.014,29.727,89.644
6.014,29.617,89.629
6.015,29.663,89.679
6.014,29.610,89.680
6.014,29.672,89.645
6.014,29.708,89.674
6.014,29.687,89.596
6.014,29.775,89.630
6.014,29.656,89.655
6.014,29.605,89.669
6.014,29.738,89.678
6.015,29.741,89.701
6.015,29.740,89.640
6.014,29.702,89.640
6.015,29.732,89.647
6.013,29.640,89.662
6.015,29.692,89.675
6.014,29.658,89.681
6.013,29.743,89.712
6.016,29.823,89.710
6.016,29.655,89.663
6.017,29.662,89.680
6.016,29.691,89.670
6.014,29.604,89.639
6.014,29.716,89.661
6.014,29.637,89.649
6.013,29.733,89.644
6.014,29.658,89.681
3.064,15.375,85.046
3.064,15.396,84.703
3.064,15.324,84.718
3.063,15.264,84.625
3.370,16.568,85.295
3.370,16.555,85.912
3.370,16.550,86.002
3.370,16.620,85.989
3.065,16.528,85.001
3.064,15.143,84.915
3.062,15.124,84.813
3.063,15.071,84.919
3.063,15.011,84.905
6.010,29.897,89.463
6.011,29.598,89.837
6.011,29.849,89.883
6.011,29.897,89.871
6.010,29.648,89.855
6.012,29.564,89.815
6.012,29.803,89.755
6.011,29.595,89.709
6.014,29.588,89.583
3.063,15.101,85.676
3.062,15.075,85.387
3.369,16.991,85.383
3.368,17.012,85.900
3.368,16.987,86.058
3.674,17.501,86.878
3.063,15.265,86.414
3.063,15.175,85.904
3.063,15.159,85.714
3.063,15.136,85.663
3.063,15.154,85.628
3.064,15.154,85.614
3.063,15.133,85.575
6.010,29.878,89.575
6.009,29.877,89.800
6.010,29.851,89.776
6.009,29.714,89.801
6.010,29.873,89.845
6.012,29.632,89.757
6.010,29.399,89.755
6.011,29.935,89.788
6.012,29.718,89.763
3.065,14.781,85.805
3.063,14.801,85.639
3.063,14.826,85.650
3.063,14.856,85.654
3.064,14.860,85.727
3.064,14.851,85.753
3.064,14.861,85.759
3.064,14.852,85.796
3.064,14.836,85.759
3.063,14.810,85.701
3.063,14.760,85.675
3.063,14.794,85.833
3.062,14.812,85.914
6.010,29.343,89.827
6.012,29.613,89.901
6.011,29.235,89.877
6.011,29.414,89.920
6.012,29.557,89.928
6.011,29.841,89.941
6.010,29.561,89.916
6.011,29.441,89.866
6.010,29.404,89.804
3.063,14.963,85.924
3.064,14.934,85.697
3.064,14.930,85.665
3.064,14.922,85.679
3.065,14.921,85.745
3.065,14.934,85.769
3.063,14.953,85.811
3.066,14.954,85.762
3.064,14.934,85.804
3.063,14.943,85.859
3.064,14.937,85.838
3.064,14.929,85.839
3.064,15.089,85.844
6.012,29.848,90.139
6.012,29.828,89.892
6.012,29.865,89.920
6.011,29.834,89.919
6.009,29.879,89.886
6.010,29.697,89.852
6.010,29.848,89.851
6.012,29.974,89.842
6.010,29.766,89.786
2.452,14.375,85.967
2.452,14.474,85.477
2.452,14.480,85.128
2.452,14.508,85.075
2.452,14.489,85.124
2.452,14.496,85.157
2.452,14.521,85.136
2.452,14.596,85.403
2.453,14.550,85.316
2.452,14.558,85.235
2.452,14.531,85.188
2.451,14.455,85.167
2.451,14.552,85.084
5.793,28.817,89.879
5.795,29.094,89.676
5.795,29.165,89.617
5.795,28.922,89.592
5.795,28.755,89.596
5.796,28.879,89.570
5.797,28.851,89.548
5.795,28.979,89.549
5.797,29.045,89.542
5.797,29.062,89.521
5.798,29.045,89.526
5.798,28.951,89.515
5.797,28.975,89.557
5.797,28.978,89.570
5.798,29.065,89.564
5.797,29.023,89.561
5.798,28.997,89.523
5.796,28.840,89.345
5.796,28.944,89.480
5.794,28.950,89.536
5.795,28.953,89.581
5.796,28.830,89.522
5.796,28.958,89.522
5.795,29.030,89.554
5.795,28.960,89.532
5.795,28.991,89.542
5.796,28.956,89.539
5.794,28.797,89.515
5.795,29.082,89.525
5.794,28.717,89.520
5.796,29.005,89.521
5.796,28.820,89.530
5.796,28.842,89.524
5.797,28.984,89.563
5.797,29.020,89.540
5.798,28.990,89.562
5.797,28.968,89.527
5.797,29.017,89.540
5.798,29.041,89.526
5.796,28.986,89.551
5.799,28.928,89.527
5.799,28.894,89.495
5.798,28.890,89.506
5.798,28.903,89.517
5.797,29.086,89.526
5.797,28.866,89.515
5.796,29.002,89.472
5.797,28.945,89.581
5.796,29.057,89.569
5.796,28.979,89.584
5.796,29.033,89.573
5.797,28.939,89.569
5.796,28.908,89.590
2.453,13.023,85.748
2.740,13.010,84.984
3.064,14.612,86.890
3.062,15.142,86.341
3.062,15.165,86.503
3.062,15.157,86.642
3.063,15.133,86.585
3.063,13.870,86.732
3.063,13.886,86.855
3.063,13.883,86.924
3.063,13.806,86.692
3.062,13.843,86.862
3.061,13.856,87.035
6.010,28.701,89.295
6.011,28.842,89.250
6.012,28.721,89.299
6.012,28.979,89.258
6.011,28.815,89.267
6.011,28.999,89.288
6.012,29.420,89.337
6.012,29.693,89.315
6.011,28.782,88.962
3.063,16.168,85.880
3.063,16.209,86.035
3.064,16.250,86.073
3.065,16.310,86.089
3.065,16.249,86.045
3.063,16.250,86.053
3.064,16.249,86.094
3.065,16.228,86.127
3.063,16.853,86.052
3.676,18.569,86.702
2.452,14.575,84.899
2.451,14.465,84.155
2.452,14.433,84.032
6.011,28.704,88.783
6.011,28.774,89.198
6.012,28.581,89.257
6.012,28.798,89.328
6.012,28.348,89.259