DOL,CD
1.000,6.011
1.042,6.011
1.083,6.010
1.125,6.011
1.167,6.010
1.208,6.010
1.250,6.009
1.292,6.010
1.375,6.012
1.417,6.011
1.458,6.011
1.500,6.012
1.542,6.012
1.583,6.012
1.625,6.013
1.667,6.013
1.708,6.012
1.750,6.012
1.792,6.010
1.833,6.010
1.875,6.010
1.958,6.010
2.000,6.011
2.042,6.011
2.083,6.013
2.125,6.010
2.167,6.013
2.208,6.011
2.250,6.011
2.292,6.010
2.375,6.009
2.417,6.011
2.458,6.011
2.500,6.011
2.542,6.011
2.583,6.012
2.625,6.012
2.667,6.011
2.708,6.011
2.750,6.011
2.792,6.010
2.833,6.011
2.875,6.010
2.958,6.011
3.000,6.011
3.042,6.011
3.083,6.012
3.125,6.010
3.167,6.010
3.208,6.011
3.250,6.010
3.292,6.010
3.375,6.009
3.417,6.010
3.458,6.010
3.500,6.012
3.542,6.011
3.583,5.060
3.625,3.677
3.667,4.046
3.708,6.012
3.750,6.011
3.792,6.010
3.833,6.011
3.875,6.010
3.958,6.010
4.000,6.010
4.042,6.009
4.083,6.012
4.125,6.009
4.167,6.010
4.208,6.010
4.250,6.010
4.292,6.010
4.375,6.012
4.417,6.011
4.458,6.013
4.500,6.014
4.542,6.014
4.583,6.014
4.625,6.014
4.667,6.013
4.708,6.012
4.750,6.012
4.792,6.011
4.833,6.011
4.875,6.011
4.958,6.010
5.000,6.010
5.042,6.010
5.083,6.011
5.125,6.011
5.167,6.011
5.208,6.010
5.250,6.011
5.292,6.011
5.375,6.012
5.417,6.012
5.458,6.013
5.500,6.014
5.542,6.011
5.583,6.013
5.625,6.013
5.667,6.012
5.708,6.012
5.750,6.012
5.792,6.011
5.833,6.011
5.875,6.012
5.958,6.013
6.000,6.013
6.042,6.012
6.083,6.012
6.125,6.013
6.167,6.010
6.208,6.012
6.250,6.013
6.292,6.012
6.375,6.013
6.417,6.013
6.458,6.013
6.500,6.014
6.542,6.012
6.583,6.014
6.625,6.015
6.667,6.014
6.708,6.014
6.750,6.013
6.792,6.014
6.833,6.015
6.875,6.014
6.958,6.012
7.000,6.014
7.042,6.012
7.083,6.011
7.125,6.011
7.167,6.012
7.208,6.011
7.250,6.012
7.292,6.011
7.375,4.293
7.417,4.261
7.458,4.260
7.500,4.261
7.542,4.261
7.583,4.260
7.625,4.262
7.667,4.261
7.708,4.260
7.750,4.260
7.792,4.260
7.833,4.260
7.875,4.260
7.958,6.011
8.000,6.012
8.042,6.011
8.083,6.011
8.125,6.009
8.167,6.010
8.208,6.009
8.250,6.009
8.292,6.011
8.375,6.010
8.417,6.010
8.458,6.011
8.500,6.011
8.542,6.011
8.583,6.012
8.625,6.012
8.667,6.012
8.708,6.011
8.750,6.011
8.792,6.011
8.833,6.011
8.875,6.011
8.958,6.014
9.000,6.010
9.042,6.011
9.083,6.011
9.125,6.014
9.167,6.012
9.208,6.012
9.250,6.011
9.292,6.011
9.375,6.012
9.417,6.013
9.458,6.014
9.500,6.013
9.542,6.013
9.583,6.012
9.625,6.013
9.667,6.013
9.708,6.013
9.750,6.012
9.792,6.011
9.833,6.011
9.875,6.011
9.958,6.011
10.000,6.009
10.042,6.010
10.083,6.012
10.125,6.011
10.167,6.010
10.208,6.013
10.250,6.011
10.292,6.011
10.375,6.012
10.417,6.012
10.458,6.012
10.500,6.012
10.542,6.012
10.583,6.013
10.625,6.013
10.667,6.013
10.708,6.012
10.750,6.011
10.792,6.012
10.833,6.010
10.875,6.011
10.958,6.010
11.000,6.010
11.042,6.009
11.083,6.011
11.125,6.010
11.167,6.011
11.208,6.011
11.250,6.011
11.292,6.011
11.375,6.009
11.417,6.012
11.458,6.013
11.500,6.012
11.542,6.012
11.583,6.013
11.625,6.013
11.667,6.012
11.708,6.013
11.750,6.012
11.792,6.012
11.833,6.011
11.875,6.011
11.958,6.013
12.000,6.010
12.042,6.010
12.083,6.011
12.125,6.010
12.167,6.012
12.208,6.011
12.250,6.010
12.292,6.011
12.375,6.010
12.417,6.013
12.458,6.013
12.500,6.013
12.542,6.012
12.583,6.014
12.625,6.014
12.667,6.014
12.708,6.013
12.750,6.014
12.792,6.012
12.833,6.012
12.875,6.011
12.958,6.012
13.000,6.012
13.042,6.011
13.083,6.012
13.125,6.015
13.167,6.013
13.208,6.011
13.250,6.013
13.292,6.012
13.375,6.013
13.417,6.013
13.458,6.014
13.500,6.014
13.542,6.015
13.583,6.015
13.625,6.013
13.667,6.014
13.708,6.013
13.750,6.013
13.792,6.011
13.833,6.010
13.875,6.012
13.958,6.012
14.000,6.011
14.042,6.012
14.083,6.013
14.125,6.014
14.167,6.013
14.208,6.013
14.250,6.013
14.292,6.014
14.375,6.013
14.417,5.982
14.458,6.013
14.500,6.013
14.542,6.014
14.583,6.012
14.625,6.014
14.667,6.013
14.708,6.013
14.750,6.012
14.792,6.013
14.833,6.012
14.875,6.012
14.958,6.014
15.000,6.011
15.042,6.011
15.083,6.011
15.125,6.011
15.167,6.011
15.208,6.010
15.250,6.010
15.292,6.013
15.375,6.014
15.417,6.014
15.458,6.013
15.500,6.013
15.542,6.014
15.583,6.015
15.625,6.015
15.667,6.014
15.708,6.014
15.750,6.014
15.792,6.012
15.833,6.014
15.875,6.013
15.958,6.013
16.000,6.012
16.042,6.013
16.083,6.012
16.125,6.011
16.167,6.011
16.208,6.014
16.250,6.013
16.292,6.011
16.375,6.012
16.417,6.013
16.458,6.014
16.500,6.014
16.542,6.014
16.583,6.014
16.625,6.013
16.667,6.015
16.708,6.014
16.750,6.014
16.792,6.013
16.833,6.012
16.875,6.013
16.958,6.013
17.000,6.014
17.042,6.012
17.083,6.013
17.125,6.010
17.167,6.012
17.208,6.012
17.250,6.011
17.292,6.011
17.375,6.013
17.417,6.012
17.458,6.013
17.500,6.012
17.542,6.014
17.583,6.014
17.625,6.013
17.667,6.013
17.708,6.013
17.750,6.013
17.792,6.013
17.833,6.012
17.875,6.013
17.958,6.012
18.000,6.012
18.042,6.012
18.083,6.010
18.125,6.012
18.167,6.010
18.208,6.010
18.250,6.010
18.292,6.010
18.375,6.011
18.417,6.011
18.458,6.012
18.500,6.011
18.542,6.010
18.583,6.009
18.625,6.009
18.667,6.009
18.708,6.009
18.750,6.010
18.792,6.011
18.833,6.010
18.875,6.009
18.958,6.010
19.000,6.009
19.042,6.009
19.083,6.010
19.125,6.012
19.167,6.011
19.208,6.012
19.250,6.011
19.292,6.009
19.375,6.010
19.417,6.012
19.458,6.013
19.500,6.014
19.542,6.015
19.583,6.014
19.625,6.014
19.667,6.014
19.708,6.013
19.750,6.013
19.792,6.013
19.833,6.013
19.875,6.015
19.958,6.014
20.000,6.013
20.042,6.011
20.083,6.012
20.125,6.011
20.167,6.013
20.208,6.011
20.250,6.011
20.292,6.009
20.375,6.012
20.417,6.013
20.458,6.011
20.500,6.016
20.542,6.015
20.583,6.015
20.625,6.014
20.667,6.014
20.708,6.014
20.750,6.012
20.792,6.013
20.833,6.013
20.875,6.014
20.958,6.013
21.000,6.012
21.042,6.013
21.083,6.012
21.125,6.011
21.167,6.009
21.208,6.010
21.250,6.010
21.292,6.010
21.375,6.012
21.417,6.011
21.458,6.012
21.500,6.012
21.542,6.013
21.583,6.013
21.625,6.014
21.667,6.013
21.708,6.012
21.750,6.012
21.792,6.012
21.833,6.013
21.875,6.012
21.958,6.012
22.000,6.012
22.042,6.013
22.083,6.012
22.125,6.012
22.167,6.011
22.208,6.013
22.250,6.013
22.292,6.012
22.375,6.014
22.417,6.013
22.458,6.013
22.500,6.013
22.542,6.014
22.583,6.014
22.625,6.014
22.667,6.013
22.708,6.013
22.750,6.013
22.792,6.012
22.833,6.013
22.875,6.013
22.958,6.013
23.000,6.014
23.042,6.012
23.083,6.012
23.125,6.012
23.167,6.011
23.208,6.012
23.250,6.012
23.292,6.010
23.375,6.010
23.417,6.011
23.458,6.009
23.500,6.011
23.542,6.011
23.583,6.011
23.625,6.013
23.667,6.012
23.708,6.012
23.750,6.012
23.792,6.012
23.833,6.011
23.875,6.011
23.958,6.015
24.000,6.012
24.042,6.012
24.083,6.012
24.125,6.013
24.167,6.012
24.208,6.012
24.250,6.013
24.292,6.012
24.375,6.012
24.417,6.011
24.458,6.012
24.500,6.013
24.542,6.014
24.583,6.014
24.625,6.013
24.667,6.013
24.708,6.013
24.750,6.014
24.792,6.012
24.833,6.013
24.875,6.012
24.958,6.013
25.000,6.012
25.042,6.012
25.083,6.010
25.125,6.011
25.167,6.011
25.208,6.011
25.250,6.011
25.292,6.013
25.375,6.013
25.417,6.013
25.458,6.013
25.500,6.013
25.542,6.014
25.583,6.014
25.625,6.014
25.667,6.014
25.708,6.012
25.750,6.012
25.792,6.012
25.833,6.012
25.875,6.013
25.958,6.012
26.000,6.014
26.042,6.013
26.083,6.015
26.125,6.015
26.167,6.013
26.208,6.014
26.250,6.012
26.292,6.013
26.375,6.013
26.417,6.013
26.458,6.014
26.500,6.014
26.542,6.015
26.583,6.015
26.625,6.014
26.667,6.015
26.708,6.013
26.750,6.012
26.792,6.012
26.833,6.013
26.875,6.013
26.958,6.013
27.000,6.012
27.042,6.012
27.083,6.014
27.125,6.012
27.167,6.012
27.208,6.012
27.250,6.013
27.292,6.013
27.375,6.014
27.417,6.014
27.458,6.013
27.500,6.015
27.542,6.015
27.583,6.015
27.625,6.014
27.667,6.014
27.708,6.012
27.750,6.014
27.792,6.013
27.833,6.014
27.875,6.015
27.958,6.012
28.000,6.013
28.042,6.012
28.083,6.013
28.125,6.013
28.167,6.014
28.208,6.012
28.250,6.013
28.292,6.013
28.375,2.547
28.417,2.455
28.458,2.331
28.958,6.011
29.000,6.013
29.042,6.012
29.083,6.013
29.125,6.013
29.167,6.014
29.208,6.013
29.250,6.013
29.292,6.012
29.375,3.047
29.417,2.454
29.458,2.454
29.500,2.455
29.542,2.454
29.583,2.453
29.625,2.454
29.667,2.453
29.708,2.452
29.750,2.454
29.792,2.452
29.833,2.453
29.875,2.452
29.958,6.012
30.000,6.012
30.042,6.012
30.083,6.013
30.125,6.014
30.167,6.012
30.208,6.014
30.250,6.013
30.292,6.012
30.375,4.294
30.417,2.452
30.458,2.451
30.500,2.454
30.542,2.453
30.583,2.453
30.625,2.452
30.667,2.453
30.708,2.453
30.750,2.453
30.792,2.453
30.833,2.453
30.875,2.453
30.958,6.012
31.000,6.011
31.042,6.012
31.083,6.012
31.125,6.011
31.167,6.011
31.208,6.012
31.250,6.012
31.292,6.013
31.375,2.456
31.417,2.454
31.458,2.455
31.500,2.454
31.542,2.454
31.583,2.452
31.625,2.454
31.667,2.453
31.708,2.453
31.750,2.451
31.792,2.450
31.833,2.451
31.875,2.451
31.958,6.010
32.000,6.010
32.042,6.011
32.083,6.009
32.125,6.011
32.167,6.011
32.208,6.010
32.250,6.009
32.292,6.011
32.375,3.372
32.417,2.452
32.458,2.454
32.500,2.455
32.542,2.456
32.583,2.456
32.625,2.455
32.667,2.455
32.708,2.455
32.750,2.454
32.792,2.455
32.833,2.454
32.875,2.453
32.958,6.010
33.000,6.010
33.042,6.011
33.083,6.011
33.125,6.011
33.167,6.008
33.208,6.008
33.250,6.010
33.292,6.010
33.375,6.010
33.417,6.008
33.458,6.012
33.500,6.011
33.542,6.012
33.583,6.013
33.625,6.010
33.667,6.012
33.708,6.010
33.750,6.010
33.792,6.009
33.833,6.008
33.875,6.007
33.958,6.006
34.000,6.006
34.042,6.005
34.083,6.006
34.125,6.006
34.167,6.005
34.208,6.005
34.250,6.003
34.292,6.003
34.375,6.005
34.417,6.006
34.458,6.009
34.500,6.011
34.542,6.011
34.583,6.010
34.625,6.012
34.667,6.013
34.708,6.013
34.750,6.012
34.792,6.011
34.833,6.012
34.875,6.011
34.958,6.010
35.000,6.009
35.042,6.009
35.083,6.008
35.125,6.009
35.167,6.008
35.208,6.008
35.250,6.008
35.292,6.007
35.375,6.009
35.417,6.011
35.458,6.012
35.500,6.012
35.542,6.014
35.583,6.013
35.625,6.012
35.667,6.012
35.708,6.013
35.750,6.013
35.792,6.012
35.833,6.012
35.875,6.013
35.958,6.012
36.000,6.009
36.042,6.011
36.083,6.012
36.125,6.010
36.167,6.011
36.208,6.011
36.250,6.010
36.292,6.010
36.375,6.012
36.417,6.013
36.458,6.013
36.500,6.013
36.542,6.015
36.583,6.016
36.625,6.016
36.667,6.014
36.708,6.015
36.750,6.013
36.792,6.012
36.833,6.013
36.875,6.011
36.958,6.011
37.000,6.014
37.042,6.014
37.083,6.013
37.125,6.014
37.167,6.013
37.208,6.011
37.250,6.011
37.292,6.012
37.375,6.014
37.417,6.015
37.458,6.017
37.500,6.015
37.542,6.015
37.583,6.017
37.625,6.017
37.667,6.015
37.708,6.014
37.750,6.013
37.792,6.014
37.833,6.013
37.875,6.014
37.958,6.012
38.000,6.013
38.042,6.014
38.083,6.013
38.125,6.013
38.167,6.014
38.208,6.013
38.250,6.013
38.292,6.013
38.375,3.677
38.417,3.678
38.458,3.678
38.500,3.678
38.542,3.679
38.583,3.678
38.625,3.678
38.667,3.677
38.708,3.677
38.750,3.677
38.792,3.677
38.833,3.678
38.875,3.677
38.958,6.012
39.000,6.013
39.042,6.010
39.083,6.010
39.125,6.012
39.167,6.013
39.208,6.012
39.250,6.011
39.292,6.011
39.375,3.677
39.417,3.677
39.458,3.679
39.500,3.678
39.542,3.678
39.583,3.677
39.625,3.679
39.667,3.677
39.708,3.676
39.750,3.676
39.792,3.676
39.833,3.675
39.875,3.676
39.958,6.012
40.000,6.010
40.042,6.011
40.083,6.011
40.125,6.012
40.167,6.011
40.208,6.011
40.250,6.010
40.292,6.012
40.375,6.011
40.417,6.014
40.458,6.013
40.500,6.014
40.542,6.014
40.583,6.015
40.625,6.012
40.667,6.013
40.708,6.014
40.750,6.014
40.792,6.013
40.833,6.012
40.875,6.012
40.958,6.012
41.000,6.014
41.042,6.012
41.083,6.012
41.125,6.011
41.167,6.011
41.208,6.013
41.250,6.012
41.292,6.012
41.375,6.012
41.417,6.013
41.458,6.012
41.500,6.013
41.542,6.013
41.583,6.013
41.625,6.013
41.667,6.013
41.708,6.013
41.750,6.014
41.792,6.015
41.833,6.012
41.875,6.012
41.958,6.014
42.000,6.014
42.042,6.014
42.083,6.012
42.125,6.013
42.167,6.014
42.208,6.012
42.250,6.012
42.292,6.011
42.375,6.012
42.417,6.012
42.458,6.013
42.500,6.013
42.542,6.013
42.583,6.013
42.625,6.014
42.667,6.013
42.708,6.012
42.750,6.013
42.792,6.012
42.833,6.013
42.875,6.013
42.958,6.012
43.000,6.013
43.042,6.014
43.083,6.015
43.125,6.014
43.167,6.014
43.208,6.013
43.250,6.012
43.292,6.013
43.375,6.012
43.417,6.013
43.458,6.013
43.500,6.013
43.542,6.015
43.583,6.015
43.625,6.016
43.667,6.015
43.708,6.014
43.750,6.015
43.792,6.014
43.833,6.014
43.875,6.014
43.958,6.014
44.000,6.014
44.042,6.014
44.083,6.014
44.125,6.012
44.167,6.012
44.208,6.013
44.250,6.015
44.292,6.012
44.375,6.012
44.417,6.013
44.458,6.013
44.500,6.015
44.542,6.017
44.583,6.013
44.625,6.014
44.667,6.015
44.708,6.014
44.750,6.015
44.792,6.015
44.833,6.014
44.875,6.013
44.958,6.015
45.000,6.013
45.042,6.013
45.083,6.014
45.125,6.014
45.167,6.012
45.208,6.013
45.250,6.014
45.292,6.012
45.375,6.013
45.417,6.013
45.458,6.014
45.500,6.014
45.542,6.014
45.583,6.015
45.625,6.016
45.667,6.016
45.708,6.014
45.750,6.016
45.792,6.015
45.833,6.016
45.875,6.014
45.958,6.012
46.000,6.014
46.042,6.014
46.083,6.015
46.125,6.014
46.167,6.014
46.208,6.014
46.250,6.016
46.292,6.017
46.375,6.014
46.417,6.014
46.458,6.018
46.500,6.016
46.542,6.018
46.583,6.017
46.625,6.015
46.667,6.016
46.708,6.015
46.750,6.019
46.792,6.016
46.833,6.017
46.875,6.017
46.958,6.017
47.000,6.014
47.042,6.014
47.083,6.015
47.125,6.014
47.167,6.012
47.208,6.012
47.250,6.013
47.292,6.014
47.375,6.014
47.417,6.014
47.458,6.015
47.500,6.015
47.542,6.015
47.583,6.016
47.625,6.015
47.667,6.016
47.708,6.016
47.750,6.014
47.792,6.014
47.833,6.016
47.875,6.015
47.958,6.015
48.000,6.014
48.042,6.014
48.083,6.015
48.125,6.014
48.167,6.013
48.208,6.014
48.250,6.014
48.292,6.013
48.375,6.014
48.417,6.014
48.458,6.013
48.500,5.211
48.542,5.578
48.583,6.011
48.625,6.013
48.667,6.013
48.708,6.014
48.750,6.013
48.792,6.010
48.833,6.012
48.875,6.014
48.958,6.012
49.000,6.014
49.042,6.015
49.083,6.013
49.125,6.012
49.167,6.013
49.208,6.011
49.250,6.012
49.292,6.011
49.375,6.013
49.417,6.014
49.458,5.672
49.500,5.671
49.542,6.010
49.583,6.008
49.625,6.008
49.667,6.009
49.708,6.010
49.750,6.011
49.792,6.010
49.833,6.010
49.875,6.011
49.958,6.009
50.000,6.010
50.042,6.011
50.083,6.009
50.125,6.009
50.167,6.009
50.208,6.010
50.250,6.010
50.292,6.009
50.375,6.009
50.417,6.010
50.458,6.009
50.500,6.010
50.542,6.011
50.583,6.010
50.625,6.011
50.667,6.010
50.708,6.010
50.750,6.010
50.792,6.012
50.833,6.011
50.875,6.011
50.958,6.011
51.000,6.010
51.042,6.012
51.083,6.011
51.125,6.011
51.167,6.011
51.208,6.010
51.250,6.010
51.292,6.010
51.375,6.011
51.417,6.014
51.458,6.014
51.500,6.014
51.542,6.014
51.583,6.013
51.625,6.014
51.667,6.014
51.708,6.013
51.750,6.013
51.792,6.014
51.833,6.014
51.875,6.014
51.958,6.014
52.000,6.013
52.042,6.014
52.083,6.015
52.125,6.013
52.167,6.012
52.208,6.012
52.250,6.012
52.292,6.011
52.375,6.012
52.417,6.013
52.458,6.012
52.500,6.013
52.542,6.013
52.583,6.014
52.625,6.012
52.667,6.012
52.708,6.013
52.750,6.013
52.792,6.012
52.833,6.012
52.875,6.014
52.958,6.012
53.000,6.012
53.042,6.013
53.083,6.014
53.125,6.014
53.167,6.014
53.208,6.013
53.250,6.013
53.292,6.013
53.375,6.014
53.417,6.014
53.458,6.014
53.500,6.015
53.542,6.014
53.583,6.015
53.625,6.014
53.667,6.014
53.708,6.015
53.750,6.014
53.792,6.014
53.833,6.013
53.875,6.014
53.958,6.014
54.000,6.014
54.042,6.014
54.083,6.013
54.125,6.014
54.167,6.013
54.208,6.015
54.250,6.014
54.292,6.014
54.375,6.014
54.417,6.013
54.458,6.014
54.500,6.015
54.542,6.014
54.583,6.014
54.625,6.015
54.667,6.015
54.708,6.015
54.750,6.015
54.792,6.016
54.833,6.014
54.875,6.015
54.958,6.014
55.000,6.015
55.042,6.013
55.083,6.014
55.125,6.012
55.167,6.012
55.208,6.013
55.250,6.013
55.292,6.013
55.375,6.011
55.417,6.014
55.458,6.014
55.500,6.014
55.542,6.014
55.583,6.016
55.625,6.014
55.667,6.015
55.708,6.014
55.750,6.015
55.792,6.015
55.833,6.014
55.875,6.014
55.958,6.015
56.000,6.013
56.042,6.013
56.083,6.013
56.125,6.014
56.167,6.013
56.208,6.013
56.250,6.015
56.292,6.013
56.375,6.014
56.417,6.014
56.458,6.014
56.500,6.015
56.542,6.014
56.583,6.014
56.625,6.015
56.667,6.015
56.708,6.015
56.750,6.015
56.792,6.014
56.833,6.014
56.875,6.015
56.958,6.013
57.000,6.014
57.042,6.015
57.083,6.014
57.125,6.013
57.167,6.013
57.208,6.014
57.250,6.014
57.292,6.014
57.375,6.014
57.417,6.014
57.458,6.014
57.500,6.015
57.542,6.015
57.583,6.014
57.625,6.014
57.667,6.013
57.708,6.014
57.750,6.014
57.792,6.014
57.833,6.014
57.875,6.012
57.958,6.013
58.000,6.013
58.042,6.013
58.083,6.013
58.125,6.012
58.167,6.011
58.208,6.012
58.250,6.013
58.292,6.012
58.375,6.014
58.417,6.014
58.458,6.014
58.500,6.014
58.542,6.016
58.583,6.015
58.625,6.015
58.667,6.017
58.708,6.017
58.750,6.016
58.792,6.016
58.833,6.014
58.875,6.016
58.958,6.016
59.000,6.016
59.042,6.016
59.083,6.016
59.125,6.013
59.167,6.014
59.208,6.014
59.250,6.014
59.292,6.013
59.375,6.014
59.417,6.016
59.458,6.015
59.500,6.016
59.542,6.016
59.583,6.016
59.625,6.016
59.667,6.015
59.708,6.015
59.750,6.016
59.792,6.015
59.833,6.015
59.875,6.015
59.958,6.015
60.000,6.014
60.042,6.013
60.083,6.011
60.125,6.012
60.167,6.013
60.208,6.013
60.250,6.014
60.292,6.013
60.375,6.014
60.417,6.015
60.458,6.015
60.500,6.015
60.542,6.014
60.583,6.016
60.625,6.015
60.667,6.016
60.708,6.017
60.750,6.015
60.792,6.015
60.833,6.015
60.875,6.015
60.958,6.013
61.000,6.014
61.042,6.015
61.083,6.015
61.125,6.015
61.167,6.016
61.208,6.014
61.250,6.015
61.292,6.016
61.375,6.015
61.417,6.015
61.458,6.017
61.500,6.017
61.542,6.017
61.583,6.016
61.625,6.016
61.667,6.014
61.708,6.016
61.750,6.014
61.792,6.014
61.833,6.015
61.875,6.015
61.958,6.014
62.000,6.015
62.042,6.015
62.083,6.015
62.125,6.014
62.167,6.015
62.208,6.015
62.250,6.015
62.292,6.013
62.375,6.012
62.417,6.014
62.458,6.012
62.500,6.013
62.542,6.015
62.583,6.013
62.625,6.014
62.667,6.013
62.708,6.014
62.750,6.012
62.792,6.014
62.833,6.011
62.875,6.014
62.958,6.014
63.000,6.013
63.042,6.014
63.083,6.014
63.125,6.014
63.167,6.014
63.208,6.014
63.250,6.014
63.292,6.012
63.375,4.247
63.417,2.451
63.458,2.452
63.500,2.451
63.542,2.451
63.583,2.452
63.625,2.453
63.667,2.453
63.708,2.452
63.750,2.452
63.792,2.451
63.833,2.451
63.875,2.452
63.958,6.010
64.000,6.009
64.042,6.010
64.083,6.010
64.125,6.009
64.167,6.009
64.208,6.009
64.250,6.009
64.292,6.009
64.375,2.756
64.417,2.756
64.458,2.757
64.500,2.756
64.542,2.757
64.583,2.757
64.625,2.758
64.667,2.757
64.708,2.757
64.750,2.758
64.792,2.757
64.833,2.757
64.875,2.756
64.958,6.010
65.000,6.008
65.042,6.009
65.083,6.008
65.125,6.008
65.167,6.007
65.208,6.008
65.250,6.008
65.292,6.008
65.375,6.008
65.417,6.010
65.458,6.011
65.500,6.012
65.542,6.012
65.583,6.013
65.625,6.013
65.667,6.011
65.708,6.011
65.750,6.013
65.792,6.012
65.833,6.012
65.875,6.012
65.958,6.011
66.000,6.010
66.042,6.012
66.083,6.010
66.125,6.010
66.167,6.009
66.208,6.009
66.250,6.010
66.292,6.011
66.375,2.726
66.417,2.726
66.458,2.726
66.500,2.727
66.542,2.727
66.583,2.726
66.625,2.726
66.667,3.309
66.708,3.309
66.750,3.308
66.792,3.307
66.833,3.307
66.875,3.308
66.958,6.009
67.000,6.008
67.042,6.009
67.083,6.010
67.125,6.012
67.167,6.010
67.208,6.010
67.250,6.011
67.292,6.010
67.375,3.282
67.417,3.282
67.458,3.283
67.500,3.282
67.542,3.282
67.583,3.282
67.625,3.281
67.667,3.281
67.708,3.280
67.750,3.280
67.792,2.759
67.833,2.758
67.875,2.759
67.958,6.012
68.000,6.012
68.042,6.012
68.083,6.013
68.125,6.011
68.167,6.010
68.208,6.011
68.250,6.012
68.292,6.013
68.375,6.012
68.417,6.015
68.458,6.016
68.500,6.016
68.542,6.015
68.583,6.014
68.625,6.012
68.667,6.012
68.708,6.015
68.750,6.015
68.792,6.016
68.833,6.014
68.875,6.014
68.958,6.014
69.000,6.012
69.042,6.011
69.083,6.012
69.125,6.010
69.167,6.010
69.208,6.012
69.250,6.011
69.292,6.010
69.375,6.014
69.417,6.014
69.458,6.014
69.500,6.015
69.542,6.016
69.583,6.016
69.625,6.016
69.667,6.016
69.708,6.015
69.750,6.015
69.792,6.016
69.833,6.015
69.875,6.015
69.958,6.013
70.000,6.014
70.042,6.014
70.083,6.015
70.125,6.013
70.167,6.014
70.208,6.013
70.250,6.013
70.292,6.013
70.375,3.039
70.417,2.456
70.458,2.455
70.500,2.455
70.542,2.455
70.583,2.455
70.625,2.454
70.667,2.454
70.708,2.454
70.750,2.452
70.792,2.453
70.833,2.452
70.875,2.453
70.958,6.012
71.000,6.012
71.042,6.014
71.083,6.013
71.125,6.013
71.167,6.012
71.208,6.012
71.250,6.011
71.292,6.012
71.375,2.728
71.417,2.453
71.458,2.453
71.500,2.452
71.542,2.453
71.583,2.452
71.625,2.452
71.667,2.452
71.708,2.453
71.750,2.453
71.792,2.452
71.833,2.452
71.875,2.452
71.958,6.013
72.000,6.012
72.042,6.013
72.083,6.011
72.125,6.011
72.167,6.011
72.208,6.012
72.250,6.011
72.292,6.012
72.375,3.219
72.417,2.454
72.458,2.454
72.500,2.454
72.542,2.453
72.583,2.453
72.625,2.453
72.667,2.453
72.708,2.453
72.750,2.453
72.792,2.454
72.833,2.452
72.875,2.452
72.958,6.011
73.000,6.013
73.042,6.012
73.083,6.012
73.125,6.012
73.167,6.012
73.208,6.013
73.250,6.012
73.292,6.013
73.375,2.454
73.417,2.454
73.458,2.454
73.500,2.454
73.542,2.452
73.583,2.453
73.625,2.453
73.667,2.453
73.708,2.453
73.750,2.452
73.792,2.452
73.833,2.453
73.875,2.452
73.958,6.012
74.000,6.013
74.042,6.013
74.083,6.011
74.125,6.011
74.167,6.011
74.208,6.011
74.250,6.012
74.292,6.011
74.375,2.453
74.417,2.453
74.458,2.454
74.500,2.454
74.542,2.454
74.583,2.454
74.625,2.454
74.667,2.453
74.708,2.454
74.750,2.454
74.792,2.453
74.833,2.453
74.875,2.453
74.958,6.012
75.000,6.013
75.042,6.014
75.083,6.012
75.125,6.012
75.167,6.011
75.208,6.012
75.250,6.013
75.292,6.011
75.375,6.013
75.417,6.013
75.458,6.014
75.500,6.014
75.542,6.014
75.583,6.015
75.625,6.015
75.667,6.016
75.708,6.014
75.750,6.016
75.792,6.016
75.833,6.016
75.875,6.016
75.958,6.015
76.000,6.015
76.042,6.015
76.083,6.014
76.125,6.014
76.167,6.014
76.208,6.014
76.250,6.014
76.292,6.013
76.375,6.014
76.417,6.013
76.458,6.014
76.500,6.014
76.542,6.016
76.583,6.014
76.625,6.014
76.667,6.015
76.708,6.014
76.750,6.015
76.792,6.014
76.833,6.014
76.875,6.014
76.958,6.014
77.000,6.012
77.042,6.014
77.083,6.013
77.125,6.014
77.167,6.012
77.208,6.014
77.250,6.012
77.292,6.012
77.375,2.761
77.417,2.760
77.458,2.761
77.500,2.761
77.542,2.759
77.583,2.758
77.625,2.758
77.667,2.759
77.708,2.758
77.750,2.759
77.792,2.759
77.833,2.758
77.875,2.759
77.958,6.012
78.000,6.014
78.042,6.012
78.083,6.011
78.125,6.011
78.167,6.011
78.208,6.013
78.250,6.010
78.292,6.011
78.375,2.759
78.417,2.759
78.458,2.759
78.500,2.759
78.542,2.760
78.583,2.759
78.625,2.759
78.667,2.760
78.708,2.760
78.750,2.760
78.792,2.759
78.833,2.759
78.875,2.759
78.958,6.011
79.000,6.009
79.042,6.009
79.083,6.010
79.125,6.011
79.167,6.011
79.208,6.011
79.250,6.010
79.292,6.010
79.375,2.759
79.417,2.759
79.458,2.759
79.500,2.759
79.542,2.759
79.583,2.759
79.625,2.759
79.667,2.759
79.708,2.759
79.750,2.759
79.792,2.758
79.833,2.758
79.875,2.758
79.958,6.011
80.000,6.009
80.042,6.010
80.083,6.009
80.125,6.009
80.167,6.011
80.208,6.011
80.250,6.013
80.292,6.012
80.375,2.758
80.417,2.758
80.458,2.758
80.500,2.758
80.542,2.758
80.583,2.759
80.625,2.759
80.667,2.758
80.708,2.758
80.750,2.758
80.792,2.758
80.833,2.758
80.875,2.758
80.958,6.012
81.000,6.011
81.042,6.013
81.083,6.012
81.125,6.013
81.167,6.012
81.208,6.012
81.250,6.012
81.292,6.013
81.375,2.759
81.417,2.759
81.458,2.759
81.500,2.758
81.542,2.758
81.583,2.758
81.625,2.757
81.667,2.757
81.708,2.758
81.750,2.757
81.792,2.758
81.833,2.757
81.875,2.758
81.958,6.010
82.000,6.011
82.042,6.011
82.083,6.012
82.125,6.012
82.167,6.011
82.208,6.011
82.250,6.011
82.292,6.012
82.375,6.011
82.417,6.012
82.458,6.011
82.500,6.012
82.542,6.010
82.583,6.010
82.625,6.011
82.667,6.012
82.708,6.011
82.750,6.011
82.792,6.010
82.833,6.010
82.875,6.011
82.958,6.012
83.000,6.009
83.042,6.010
83.083,6.011
83.125,6.010
83.167,6.013
83.208,6.010
83.250,6.011
83.292,6.011
83.375,6.013
83.417,6.012
83.458,6.012
83.500,6.012
83.542,6.012
83.583,6.011
83.625,6.011
83.667,6.011
83.708,6.011
83.750,6.012
83.792,6.010
83.833,6.010
83.875,6.012
83.958,6.011
84.000,6.011
84.042,6.012
84.083,6.011
84.125,6.011
84.167,6.011
84.208,6.011
84.250,6.011
84.292,6.011
84.375,6.012
84.417,6.008
84.458,6.013
84.500,6.014
84.542,6.013
84.583,6.014
84.625,6.015
84.667,6.013
84.708,6.014
84.750,6.013
84.792,6.015
84.833,6.014
84.875,6.014
84.958,6.013
85.000,6.013
85.042,6.013
85.083,6.012
85.125,6.012
85.167,6.011
85.208,6.012
85.250,6.011
85.292,6.013
85.375,6.013
85.417,6.015
85.458,6.015
85.500,6.014
85.542,6.014
85.583,6.014
85.625,6.015
85.667,6.015
85.708,6.015
85.750,6.014
85.792,6.013
85.833,6.013
85.875,6.011
85.958,6.012
86.000,6.010
86.042,6.012
86.083,6.011
86.125,6.012
86.167,6.012
86.208,6.012
86.250,6.012
86.292,6.012
86.375,6.013
86.417,6.014
86.458,6.014
86.500,6.015
86.542,6.015
86.583,6.015
86.625,6.015
86.667,6.015
86.708,6.014
86.750,6.016
86.792,6.015
86.833,6.015
86.875,6.015
86.958,6.014
87.000,6.014
87.042,6.012
87.083,6.012
87.125,6.012
87.167,6.012
87.208,6.012
87.250,6.010
87.292,6.011
87.375,6.012
87.417,6.015
87.458,6.014
87.500,6.014
87.542,6.013
87.583,6.014
87.625,6.014
87.667,6.013
87.708,6.015
87.750,6.014
87.792,6.014
87.833,6.013
87.875,6.014
87.958,6.011
88.000,6.012
88.042,6.012
88.083,6.012
88.125,6.013
88.167,6.012
88.208,6.012
88.250,6.012
88.292,6.012
88.375,6.014
88.417,6.014
88.458,6.014
88.500,6.015
88.542,6.015
88.583,6.015
88.625,6.016
88.667,6.015
88.708,6.015
88.750,6.015
88.792,6.013
88.833,6.014
88.875,6.013
88.958,6.013
89.000,6.013
89.042,6.012
89.083,6.013
89.125,6.013
89.167,6.012
89.208,6.011
89.250,6.012
89.292,6.012
89.375,6.012
89.417,6.013
89.458,6.012
89.500,6.014
89.542,6.014
89.583,6.016
89.625,6.014
89.667,6.014
89.708,6.014
89.750,6.013
89.792,6.015
89.833,6.014
89.875,6.016
89.958,6.012
90.000,6.013
90.042,6.014
90.083,6.012
90.125,6.012
90.167,6.012
90.208,6.012
90.250,6.012
90.292,6.014
90.375,6.012
90.417,6.011
90.458,6.016
90.500,4.264
90.542,4.263
90.583,4.262
90.625,4.263
90.667,6.014
90.708,6.013
90.750,6.013
90.792,6.014
90.833,6.015
90.875,6.014
90.958,6.013
91.000,6.013
91.042,6.013
91.083,6.013
91.125,6.013
91.167,6.011
91.208,6.012
91.250,6.012
91.292,6.012
91.375,6.013
91.417,6.012
91.458,6.013
91.500,6.014
91.542,6.015
91.583,6.014
91.625,6.015
91.667,6.014
91.708,6.015
91.750,6.014
91.792,6.013
91.833,6.014
91.875,6.013
91.958,6.014
92.000,6.013
92.042,6.013
92.083,6.011
92.125,6.013
92.167,6.012
92.208,6.015
92.250,6.013
92.292,6.012
92.375,2.760
92.417,2.759
92.458,2.759
92.500,2.760
92.542,2.760
92.583,2.760
92.625,2.759
92.667,2.759
92.708,2.759
92.750,2.758
92.792,2.758
92.833,2.759
92.875,2.759
92.958,6.043
93.000,6.013
93.042,6.012
93.083,6.012
93.125,6.012
93.167,6.012
93.208,6.012
93.250,6.015
93.292,6.014
93.375,2.760
93.417,2.760
93.458,2.760
93.500,2.761
93.542,2.761
93.583,2.761
93.625,2.760
93.667,2.760
93.708,2.759
93.750,2.758
93.792,2.758
93.833,2.758
93.875,2.758
93.958,6.043
94.000,6.010
94.042,6.012
94.083,6.011
94.125,6.013
94.167,6.012
94.208,6.014
94.250,6.013
94.292,6.014
94.375,2.760
94.417,2.759
94.458,2.760
94.500,2.760
94.542,2.760
94.583,2.760
94.625,2.759
94.667,2.760
94.708,2.760
94.750,2.760
94.792,2.759
94.833,2.758
94.875,2.759
94.958,6.012
95.000,6.013
95.042,6.012
95.083,6.013
95.125,6.012
95.167,6.013
95.208,6.012
95.250,6.013
95.292,6.013
95.375,6.013
95.417,6.013
95.458,6.014
95.500,6.014
95.542,6.015
95.583,6.014
95.625,6.016
95.667,6.015
95.708,6.016
95.750,6.015
95.792,6.016
95.833,6.013
95.875,6.014
95.958,6.014
96.000,6.013
96.042,6.015
96.083,6.013
96.125,6.014
96.167,6.013
96.208,6.012
96.250,6.014
96.292,6.014
96.375,6.014
96.417,6.013
96.458,6.014
96.500,6.014
96.542,6.014
96.583,6.013
96.625,6.014
96.667,6.013
96.708,6.014
96.750,6.015
96.792,6.015
96.833,6.015
96.875,6.015
96.958,6.012
97.000,6.013
97.042,6.013
97.083,6.012
97.125,6.011
97.167,6.014
97.208,6.012
97.250,6.012
97.292,6.012
97.375,6.012
97.417,6.014
97.458,6.014
97.500,6.013
97.542,6.013
97.583,6.013
97.625,6.014
97.667,6.015
97.708,6.014
97.750,6.012
97.792,6.014
97.833,6.014
97.875,6.013
97.958,6.012
98.000,6.014
98.042,6.013
98.083,6.014
98.125,6.013
98.167,6.014
98.208,6.012
98.250,6.013
98.292,6.011
98.375,3.678
98.417,3.676
98.458,3.065
98.500,3.064
98.542,3.064
98.583,3.065
98.625,3.065
98.667,3.066
98.708,3.065
98.750,3.066
98.792,3.065
98.833,3.064
98.875,6.010
98.958,6.009
99.000,6.010
99.042,6.010
99.083,6.009
99.125,6.009
99.167,6.010
99.208,6.011
99.250,6.010
99.292,6.010
99.375,3.064
99.417,3.064
99.458,3.064
99.500,3.064
99.542,3.064
99.583,3.064
99.625,3.065
99.667,3.064
99.708,3.065
99.750,3.064
99.792,3.062
99.833,3.063
99.875,3.063
99.958,6.011
100.000,6.010
100.042,6.010
100.083,6.010
100.125,6.011
100.167,6.011
100.208,6.010
100.250,6.012
100.292,6.011
100.375,3.063
100.417,3.064
100.458,3.064
100.500,3.064
100.542,3.063
100.583,3.064
100.625,3.064
100.667,3.064
100.708,3.065
100.750,3.064
100.792,3.065
100.833,3.063
100.875,3.063
100.958,6.011
101.000,6.011
101.042,6.013
101.083,6.012
101.125,6.013
101.167,6.012
101.208,6.012
101.250,6.012
101.292,6.014
101.375,2.455
101.417,2.453
101.458,2.454
101.500,2.453
101.542,2.454
101.583,2.455
101.625,2.454
101.667,2.454
101.708,2.455
101.750,2.452
101.792,2.452
101.833,2.452
101.875,2.452
101.958,6.011
102.000,6.011
102.042,6.012
102.083,6.013
102.125,6.012
102.167,6.012
102.208,6.013
102.250,6.011
102.292,6.012
102.375,2.454
102.417,2.454
102.458,2.453
102.500,2.453
102.542,2.453
102.583,2.453
102.625,2.453
102.667,2.453
102.708,2.454
102.750,2.453
102.792,2.453
102.833,2.452
102.875,2.453
102.958,6.011
103.000,6.013
103.042,6.011
103.083,6.011
103.125,6.012
103.167,6.014
103.208,6.012
103.250,6.012
103.292,6.015
103.375,6.014
103.417,6.013
103.458,6.014
103.500,6.014
103.542,6.013
103.583,6.015
103.625,6.013
103.667,6.014
103.708,6.014
103.750,6.014
103.792,6.015
103.833,6.015
103.875,6.015
103.958,6.014
104.000,6.014
104.042,6.014
104.083,6.014
104.125,6.013
104.167,6.014
104.208,6.012
104.250,6.014
104.292,6.013
104.375,6.014
104.417,6.014
104.458,6.014
104.500,6.015
104.542,6.015
104.583,6.015
104.625,6.015
104.667,6.016
104.708,6.016
104.750,6.016
104.792,6.015
104.833,6.014
104.875,6.015
104.958,6.013
105.000,6.013
105.042,6.014
105.083,6.015
105.125,6.014
105.167,6.015
105.208,6.013
105.250,6.010
105.292,6.011
105.375,2.455
105.417,2.453
105.458,2.453
105.500,2.454
105.542,2.454
105.583,2.454
105.625,2.454
105.667,2.454
105.708,2.454
105.750,2.453
105.792,2.454
105.833,2.454
105.875,2.454
105.958,6.014
106.000,6.012
106.042,6.013
106.083,6.014
106.125,6.013
106.167,6.013
106.208,6.014
106.250,6.015
106.292,6.015
106.375,2.454
106.417,2.454
106.458,2.454
106.500,2.454
106.542,2.455
106.583,2.454
106.625,2.454
106.667,2.454
106.708,2.454
106.750,2.454
106.792,2.453
106.833,2.454
106.875,2.455
106.958,6.012
107.000,6.012
107.042,6.012
107.083,6.013
107.125,6.014
107.167,6.011
107.208,6.012
107.250,6.012
107.292,6.013
107.375,2.454
107.417,2.454
107.458,2.454
107.500,2.453
107.542,2.454
107.583,2.454
107.625,2.454
107.667,2.454
107.708,2.453
107.750,2.453
107.792,2.453
107.833,2.453
107.875,2.453
107.958,6.011
108.000,6.013
108.042,6.013
108.083,6.014
108.125,6.014
108.167,6.014
108.208,6.014
108.250,6.014
108.292,6.013
108.375,2.454
108.417,2.454
108.458,2.454
108.500,2.454
108.542,2.453
108.583,2.454
108.625,2.453
108.667,2.454
108.708,2.454
108.750,2.453
108.792,2.453
108.833,2.454
108.875,2.453
108.958,6.012
109.000,6.012
109.042,6.014
109.083,6.014
109.125,6.013
109.167,6.013
109.208,6.015
109.250,6.015
109.292,6.013
109.375,2.454
109.417,2.455
109.458,2.454
109.500,2.455
109.542,2.454
109.583,2.454
109.625,2.454
109.667,2.454
109.708,2.453
109.750,2.453
109.792,2.453
109.833,2.453
109.875,2.454
109.958,6.013
110.000,6.013
110.042,6.015
110.083,6.015
110.125,6.014
110.167,6.015
110.208,6.014
110.250,6.014
110.292,6.016
110.375,6.015
110.417,6.016
110.458,6.014
110.500,6.016
110.542,6.017
110.583,6.018
110.625,6.017
110.667,6.019
110.708,6.017
110.750,6.018
110.792,6.016
110.833,6.016
110.875,6.015
110.958,6.017
111.000,6.014
111.042,6.014
111.083,6.012
111.125,6.015
111.167,6.013
111.208,6.012
111.250,6.013
111.292,6.014
111.375,6.014
111.417,6.015
111.458,6.016
111.500,6.017
111.542,6.018
111.583,6.016
111.625,6.015
111.667,6.017
111.708,6.018
111.750,6.019
111.792,6.016
111.833,6.014
111.875,6.014
111.958,6.015
112.000,6.014
112.042,6.015
112.083,6.015
112.125,6.015
112.167,6.014
112.208,6.014
112.250,6.014
112.292,6.014
112.375,2.760
112.417,2.760
112.458,2.761
112.500,2.760
112.542,2.761
112.583,2.760
112.625,2.760
112.667,2.760
112.708,2.760
112.750,2.760
112.792,2.759
112.833,2.759
112.875,2.759
112.958,6.013
113.000,6.014
113.042,6.014
113.083,6.012
113.125,6.013
113.167,6.012
113.208,6.011
113.250,6.012
113.292,6.012
113.375,2.760
113.417,2.759
113.458,2.759
113.500,2.759
113.542,2.759
113.583,2.759
113.625,2.758
113.667,2.759
113.708,2.759
113.750,2.759
113.792,2.758
113.833,2.759
113.875,2.759
113.958,6.010
114.000,6.011
114.042,6.012
114.083,6.013
114.125,6.013
114.167,6.013
114.208,6.015
114.250,6.015
114.292,6.014
114.375,2.760
114.417,2.760
114.458,2.760
114.500,2.761
114.542,2.760
114.583,2.760
114.625,2.759
114.667,2.758
114.708,2.757
114.750,2.757
114.792,2.757
114.833,2.758
114.875,2.758
114.958,6.011
115.000,6.013
115.042,6.014
115.083,6.014
115.125,6.013
115.167,6.013
115.208,6.014
115.250,6.014
115.292,6.014
115.375,2.760
115.417,2.758
115.458,2.758
115.500,2.757
115.542,2.758
115.583,2.757
115.625,2.758
115.667,2.758
115.708,2.758
115.750,2.758
115.792,2.759
115.833,2.758
115.875,2.759
115.958,6.013
116.000,6.012
116.042,6.013
116.083,6.014
116.125,6.013
116.167,6.013
116.208,6.015
116.250,6.014
116.292,6.011
116.375,2.758
116.417,2.757
116.458,2.756
116.500,2.755
116.542,2.756
116.583,2.757
116.625,2.757
116.667,2.757
116.708,2.757
116.750,2.756
116.792,2.758
116.833,2.757
116.875,2.757
116.958,6.010
117.000,6.012
117.042,6.013
117.083,6.013
117.125,6.012
117.167,6.012
117.208,6.011
117.250,6.011
117.292,6.012
117.375,6.014
117.417,6.013
117.458,6.013
117.500,6.015
117.542,6.014
117.583,6.014
117.625,6.016
117.667,6.015
117.708,6.014
117.750,6.016
117.792,6.014
117.833,6.013
117.875,6.014
117.958,6.012
118.000,6.014
118.042,6.013
118.083,6.014
118.125,6.013
118.167,6.012
118.208,6.012
118.250,6.011
118.292,6.014
118.375,6.014
118.417,6.014
118.458,6.015
118.500,6.015
118.542,6.013
118.583,6.015
118.625,6.012
118.667,6.013
118.708,6.013
118.750,6.014
118.792,6.014
118.833,6.014
118.875,6.014
118.958,6.015
119.000,6.014
119.042,6.013
119.083,6.014
119.125,6.013
119.167,6.013
119.208,6.012
119.250,6.013
119.292,6.014
119.375,2.760
119.417,2.760
119.458,2.759
119.500,2.759
119.542,2.759
119.583,2.758
119.625,2.759
119.667,2.759
119.708,2.758
119.750,2.758
119.792,2.759
119.833,2.758
119.875,2.759
119.958,5.490
120.000,5.491
120.042,5.491
120.083,5.491
120.125,5.490
120.167,5.490
120.208,5.491
120.250,5.489
120.292,5.490
120.375,5.490
120.417,5.490
120.458,5.490
120.500,5.491
120.542,5.491
120.583,5.493
120.625,5.492
120.667,5.493
120.708,5.492
120.750,5.492
120.792,5.491
120.833,5.491
120.875,5.491
120.958,5.493
121.000,5.491
121.042,5.491
121.083,5.490
121.125,5.490
121.167,5.489
121.208,5.490
121.250,5.489
121.292,5.490
121.375,5.490
121.417,5.490
121.458,5.492
121.500,5.492
121.542,5.493
121.583,5.494
121.625,5.493
121.667,5.493
121.708,5.492
121.750,5.492
121.792,5.492
121.833,5.493
121.875,5.491
121.958,5.493
122.000,5.493
122.042,5.491
122.083,5.492
122.125,5.492
122.167,5.490
122.208,5.491
122.250,5.491
122.292,5.491
122.375,5.491
122.417,5.491
122.458,5.493
122.500,5.492
122.542,5.497
122.583,5.493
122.625,5.492
122.667,5.492
122.708,5.492
122.750,5.493
122.792,5.492
122.833,5.490
122.875,5.491
122.958,5.490
123.000,5.489
123.042,5.490
123.083,5.489
123.125,5.488
123.167,5.490
123.208,5.491
123.250,5.490
123.292,5.490
123.375,5.490
123.417,5.490
123.458,5.490
123.500,5.491
123.542,5.493
123.583,5.491
123.625,5.493
123.667,5.492
123.708,5.491
123.750,5.490
123.792,5.489
123.833,5.488
123.875,5.488
123.958,5.490
124.000,5.490
124.042,5.490
124.083,5.489
124.125,5.490
124.167,5.491
124.208,5.491
124.250,5.489
124.292,3.065
124.375,3.065
124.417,3.066
124.458,3.065
124.500,3.065
124.542,3.065
124.583,3.066
124.625,3.064
124.667,3.064
124.708,3.063
124.750,3.064
124.792,3.064
124.833,3.065
124.875,3.064
124.958,3.064
125.000,3.064
125.042,3.065
125.083,3.062
125.125,3.063
125.167,3.064
125.208,3.065
125.250,3.063
125.292,3.065
125.375,5.491
125.417,5.490
125.458,5.492
125.500,5.491
125.542,5.491
125.583,5.493
125.625,5.492
125.667,5.491
125.708,5.491
125.750,5.491
125.792,5.489
125.833,5.491
125.875,5.491
125.958,5.491
126.000,5.489
126.042,5.491
126.083,5.489
126.125,5.490
126.167,5.489
126.208,5.490
126.250,5.490
126.292,5.490
126.375,3.064
126.417,3.064
126.458,3.064
126.500,3.064
126.542,3.064
126.583,3.063
126.625,3.062
126.667,3.064
126.708,3.063
126.750,3.063
126.792,3.063
126.833,3.062
126.875,3.062
126.958,5.487
127.000,5.488
127.042,5.489
127.083,5.489
127.125,5.489
127.167,5.489
127.208,5.490
127.250,5.489
127.292,5.491
127.375,3.064
127.417,3.065
127.458,3.065
127.500,3.064
127.542,3.064
127.583,3.064
127.625,3.064
127.667,3.065
127.708,3.064
127.750,3.064
127.792,3.063
127.833,3.063
127.875,3.065
127.958,5.486
128.000,5.488
128.042,5.489
128.083,5.490
128.125,5.489
128.167,5.488
128.208,5.489
128.250,5.488
128.292,5.490
128.375,3.064
128.417,3.064
128.458,3.064
128.500,3.064
128.542,3.064
128.583,3.064
128.625,3.065
128.667,3.063
128.708,3.065
128.750,3.065
128.792,3.065
128.833,3.064
128.875,3.064
128.958,5.491
129.000,5.490
129.042,5.491
129.083,5.491
129.125,5.490
129.167,5.490
129.208,5.490
129.250,5.491
129.292,5.490
129.375,2.759
129.417,2.759
129.458,2.759
129.500,2.760
129.542,2.759
129.583,2.759
129.625,2.760
129.667,2.759
129.708,2.759
129.750,2.759
129.792,2.759
129.833,2.758
129.875,2.758
129.958,5.490
130.000,5.489
130.042,5.490
130.083,5.490
130.125,5.490
130.167,5.489
130.208,5.489
130.250,5.490
130.292,5.491
130.375,3.065
130.417,3.066
130.458,3.065
130.500,3.064
130.542,3.065
130.583,3.064
130.625,3.064
130.667,3.064
130.708,3.064
130.750,3.062
130.792,3.062
130.833,3.061
130.875,3.062
130.958,5.489
131.000,5.490
131.042,5.489
131.083,5.488
131.125,5.488
131.167,5.487
131.208,5.488
131.250,5.488
131.292,5.490
131.375,5.491
131.417,5.490
131.458,5.490
131.500,5.489
131.542,5.489
131.583,5.489
131.625,5.490
131.667,5.487
131.708,5.488
131.750,5.486
131.792,5.486
131.833,5.487
131.875,5.487
131.958,5.488
132.000,5.487
132.042,5.487
132.083,5.488
132.125,5.487
132.167,5.487
132.208,5.488
132.250,5.486
132.292,5.487
132.375,5.487
132.417,5.487
132.458,5.489
132.500,5.488
132.542,5.489
132.583,5.488
132.625,5.490
132.667,5.489
132.708,5.491
132.750,5.491
132.792,5.489
132.833,5.490
132.875,5.492
132.958,5.489
133.000,5.490
133.042,5.490
133.083,5.490
133.125,5.488
133.167,5.489
133.208,5.491
133.250,5.489
133.292,5.489
133.375,3.065
133.417,3.062
133.458,3.064
133.500,3.064
133.542,3.065
133.583,3.065
133.625,3.064
133.667,3.064
133.708,3.063
133.750,3.062
133.792,3.062
133.833,3.062
133.875,3.062
133.958,6.009
134.000,6.010
134.042,6.013
134.083,6.012
134.125,6.011
134.167,6.009
134.208,6.010
134.250,6.011
134.292,6.012
134.375,3.062
134.417,3.063
134.458,3.063
134.500,3.065
134.542,3.065
134.583,3.064
134.625,3.065
134.667,3.065
134.708,3.064
134.750,3.065
134.792,3.064
134.833,3.063
134.875,3.063
134.958,6.009
135.000,6.009
135.042,6.009
135.083,6.009
135.125,6.008
135.167,6.010
135.208,6.010
135.250,6.009
135.292,6.009
135.375,6.011
135.417,6.010
135.458,6.011
135.500,6.013
135.542,6.013
135.583,6.013
135.625,6.014
135.667,6.015
135.708,6.013
135.750,6.011
135.792,6.012
135.833,6.012
135.875,6.011
135.958,6.013
136.000,6.011
136.042,6.012
136.083,6.011
136.125,6.011
136.167,6.011
136.208,6.011
136.250,6.011
136.292,6.011
136.375,6.011
136.417,6.012
136.458,6.013
136.500,6.014
136.542,6.015
136.583,6.017
136.625,6.017
136.667,6.015
136.708,6.013
136.750,6.013
136.792,6.013
136.833,6.012
136.875,6.010
136.958,6.013
137.000,6.013
137.042,6.012
137.083,6.012
137.125,6.012
137.167,6.012
137.208,6.012
137.250,6.010
137.292,6.011
137.375,6.012
137.417,2.758
137.458,2.758
137.500,2.758
137.542,2.758
137.583,2.758
137.625,2.758
137.667,2.758
137.708,2.758
137.750,2.757
137.792,2.757
137.833,2.757
137.875,2.757
137.958,6.011
138.000,6.013
138.042,6.014
138.083,6.013
138.125,6.012
138.167,6.012
138.208,6.012
138.250,6.012
138.292,6.012
138.375,6.011
138.417,6.011
138.458,6.013
138.500,6.013
138.542,6.014
138.583,6.014
138.625,6.012
138.667,6.012
138.708,6.013
138.750,6.013
138.792,6.013
138.833,6.014
138.875,6.014
138.958,6.013
139.000,6.012
139.042,6.012
139.083,6.013
139.125,6.013
139.167,6.012
139.208,6.011
139.250,6.012
139.292,6.011
139.375,6.012
139.417,6.012
139.458,6.012
139.500,6.014
139.542,6.013
139.583,6.012
139.625,6.014
139.667,6.014
139.708,6.014
139.750,6.014
139.792,6.014
139.833,6.013
139.875,6.014
139.958,6.012
140.000,6.014
140.042,6.014
140.083,6.014
140.125,6.015
140.167,6.012
140.208,6.013
140.250,6.012
140.292,6.012
140.375,4.229
140.417,3.062
140.458,3.064
140.500,3.065
140.542,3.066
140.583,3.068
140.625,3.067
140.667,3.066
140.708,3.065
140.750,3.066
140.792,3.066
140.833,3.065
140.875,3.064
140.958,6.012
141.000,6.013
141.042,6.014
141.083,6.013
141.125,6.013
141.167,6.012
141.208,6.012
141.250,6.011
141.292,6.011
141.375,3.678
141.417,3.678
141.458,3.678
141.500,3.679
141.542,3.679
141.583,3.678
141.625,3.678
141.667,3.678
141.708,3.678
141.750,3.677
141.792,3.678
141.833,3.678
141.875,3.677
141.958,6.012
142.000,6.013
142.042,6.012
142.083,6.013
142.125,6.013
142.167,6.014
142.208,6.013
142.250,6.013
142.292,6.015
142.375,6.015
142.417,6.014
142.458,6.012
142.500,6.015
142.542,6.015
142.583,6.013
142.625,6.013
142.667,6.014
142.708,6.014
142.750,6.013
142.792,6.014
142.833,6.013
142.875,6.014
142.958,6.012
143.000,6.013
143.042,6.013
143.083,6.012
143.125,6.010
143.167,6.010
143.208,6.010
143.250,6.010
143.292,6.010
143.375,6.010
143.417,6.008
143.458,6.010
143.500,6.009
143.542,6.010
143.583,6.010
143.625,6.011
143.667,6.011
143.708,6.011
143.750,6.012
143.792,6.012
143.833,6.010
143.875,6.012
143.958,6.009
144.000,6.011
144.042,6.011
144.083,6.012
144.125,6.011
144.167,6.011
144.208,6.012
144.250,6.012
144.292,6.012
144.375,6.011
144.417,6.012
144.458,6.012
144.500,6.013
144.542,6.013
144.583,6.014
144.625,6.014
144.667,6.015
144.708,6.016
144.750,6.016
144.792,6.014
144.833,6.015
144.875,6.016
144.958,6.016
145.000,6.015
145.042,6.012
145.083,6.012
145.125,6.010
145.167,6.011
145.208,6.011
145.250,6.011
145.292,6.011
145.375,6.013
145.417,6.012
145.458,6.013
145.500,6.015
145.542,6.013
145.583,6.013
145.625,6.014
145.667,6.013
145.708,6.013
145.750,6.013
145.792,6.011
145.833,6.013
145.875,6.013
145.958,6.014
146.000,6.013
146.042,6.013
146.083,6.014
146.125,6.013
146.167,6.012
146.208,6.012
146.250,6.011
146.292,6.014
146.375,6.012
146.417,6.013
146.458,6.012
146.500,6.013
146.542,6.014
146.583,6.014
146.625,6.015
146.667,6.015
146.708,6.014
146.750,6.016
146.792,6.014
146.833,6.014
146.875,6.013
146.958,6.012
147.000,6.012
147.042,6.012
147.083,6.013
147.125,6.010
147.167,6.013
147.208,6.013
147.250,6.013
147.292,6.013
147.375,4.262
147.417,4.262
147.458,4.260
147.500,4.262
147.542,4.262
147.583,4.263
147.625,4.262
147.667,4.263
147.708,4.264
147.750,4.263
147.792,4.262
147.833,4.262
147.875,4.262
147.958,6.010
148.000,6.012
148.042,6.011
148.083,6.013
148.125,6.013
148.167,6.012
148.208,6.012
148.250,6.012
148.292,6.011
148.375,4.261
148.417,4.261
148.458,4.261
148.500,4.262
148.542,4.263
148.583,4.261
148.625,4.261
148.667,4.261
148.708,4.261
148.750,4.261
148.792,4.262
148.833,4.261
148.875,4.261
148.958,6.014
149.000,6.013
149.042,6.014
149.083,6.012
149.125,6.015
149.167,6.012
149.208,6.013
149.250,6.012
149.292,6.013
149.375,4.294
149.417,4.294
149.458,4.294
149.500,4.294
149.542,4.294
149.583,4.295
149.625,4.293
149.667,4.294
149.708,4.293
149.750,4.294
149.792,4.294
149.833,4.294
149.875,4.295
149.958,6.013
150.000,6.013
150.042,6.013
150.083,6.012
150.125,6.013
150.167,6.013
150.208,6.012
150.250,6.011
150.292,6.012
150.375,6.014
150.417,6.013
150.458,6.013
150.500,6.012
150.542,6.012
150.583,6.014
150.625,6.015
150.667,6.014
150.708,6.014
150.750,6.014
150.792,6.014
150.833,6.014
150.875,6.012
150.958,6.013
151.000,6.014
151.042,6.014
151.083,6.014
151.125,6.014
151.167,6.013
151.208,6.012
151.250,6.013
151.292,6.014
151.375,3.678
151.417,3.677
151.458,3.678
151.500,3.678
151.542,3.678
151.583,3.679
151.625,3.680
151.667,3.679
151.708,3.680
151.750,3.678
151.792,3.678
151.833,3.679
151.875,3.679
151.958,6.012
152.000,6.013
152.042,6.012
152.083,6.013
152.125,6.013
152.167,6.013
152.208,6.012
152.250,6.014
152.292,6.015
152.375,6.013
152.417,6.013
152.458,6.015
152.500,6.013
152.542,6.012
152.583,6.014
152.625,6.015
152.667,6.014
152.708,6.013
152.750,6.013
152.792,6.014
152.833,6.013
152.875,6.013
152.958,6.014
153.000,6.013
153.042,6.015
153.083,6.014
153.125,6.014
153.167,6.015
153.208,6.014
153.250,6.014
153.292,6.014
153.375,6.014
153.417,6.014
153.458,6.014
153.500,6.014
153.542,6.014
153.583,6.015
153.625,6.015
153.667,6.014
153.708,6.015
153.750,6.013
153.792,6.015
153.833,6.014
153.875,6.013
153.958,6.016
154.000,6.016
154.042,6.017
154.083,6.016
154.125,6.014
154.167,6.014
154.208,6.014
154.250,6.013
154.292,6.014
154.375,3.064
154.417,3.064
154.458,3.064
154.500,3.063
154.542,3.370
154.583,3.370
154.625,3.370
154.667,3.370
154.708,3.065
154.750,3.064
154.792,3.062
154.833,3.063
154.875,3.063
154.958,6.010
155.000,6.011
155.042,6.011
155.083,6.011
155.125,6.010
155.167,6.012
155.208,6.012
155.250,6.011
155.292,6.014
155.375,3.063
155.417,3.062
155.458,3.369
155.500,3.368
155.542,3.368
155.583,3.674
155.625,3.063
155.667,3.063
155.708,3.063
155.750,3.063
155.792,3.063
155.833,3.064
155.875,3.063
155.958,6.010
156.000,6.009
156.042,6.010
156.083,6.009
156.125,6.010
156.167,6.012
156.208,6.010
156.250,6.011
156.292,6.012
156.375,3.065
156.417,3.063
156.458,3.063
156.500,3.063
156.542,3.064
156.583,3.064
156.625,3.064
156.667,3.064
156.708,3.064
156.750,3.063
156.792,3.063
156.833,3.063
156.875,3.062
156.958,6.010
157.000,6.012
157.042,6.011
157.083,6.011
157.125,6.012
157.167,6.011
157.208,6.010
157.250,6.011
157.292,6.010
157.375,3.063
157.417,3.064
157.458,3.064
157.500,3.064
157.542,3.065
157.583,3.065
157.625,3.063
157.667,3.066
157.708,3.064
157.750,3.063
157.792,3.064
157.833,3.064
157.875,3.064
157.958,6.012
158.000,6.012
158.042,6.012
158.083,6.011
158.125,6.009
158.167,6.010
158.208,6.010
158.250,6.012
158.292,6.010
158.375,2.452
158.417,2.452
158.458,2.452
158.500,2.452
158.542,2.452
158.583,2.452
158.625,2.452
158.667,2.452
158.708,2.453
158.750,2.452
158.792,2.452
158.833,2.451
158.875,2.451
158.958,5.793
159.000,5.795
159.042,5.795
159.083,5.795
159.125,5.795
159.167,5.796
159.208,5.797
159.250,5.795
159.292,5.797
159.375,5.797
159.417,5.798
159.458,5.798
159.500,5.797
159.542,5.797
159.583,5.798
159.625,5.797
159.667,5.798
159.708,5.796
159.750,5.796
159.792,5.794
159.833,5.795
159.875,5.796
159.958,5.796
160.000,5.795
160.042,5.795
160.083,5.795
160.125,5.796
160.167,5.794
160.208,5.795
160.250,5.794
160.292,5.796
160.375,5.796
160.417,5.796
160.458,5.797
160.500,5.797
160.542,5.798
160.583,5.797
160.625,5.797
160.667,5.798
160.708,5.796
160.750,5.799
160.792,5.799
160.833,5.798
160.875,5.798
160.958,5.797
161.000,5.797
161.042,5.796
161.083,5.797
161.125,5.796
161.167,5.796
161.208,5.796
161.250,5.797
161.292,5.796
161.375,2.453
161.417,2.740
161.458,3.064
161.500,3.062
161.542,3.062
161.583,3.062
161.625,3.063
161.667,3.063
161.708,3.063
161.750,3.063
161.792,3.063
161.833,3.062
161.875,3.061
161.958,6.010
162.000,6.011
162.042,6.012
162.083,6.012
162.125,6.011
162.167,6.011
162.208,6.012
162.250,6.012
162.292,6.011
162.375,3.063
162.417,3.063
162.458,3.064
162.500,3.065
162.542,3.065
162.583,3.063
162.625,3.064
162.667,3.065
162.708,3.063
162.750,3.676
162.792,2.452
162.833,2.451
162.875,2.452
162.958,6.011
163.000,6.011
163.042,6.012
163.083,6.012
163.125,6.012