DOL,CD,TI3302A
1.000,6.011,88.364
1.042,6.011,88.354
1.083,6.010,88.328
1.125,6.011,88.278
1.167,6.010,88.282
1.208,6.010,88.299
1.250,6.009,88.306
1.292,6.010,88.346
1.375,6.012,88.393
1.417,6.011,88.373
1.458,6.011,88.357
1.500,6.012,88.421
1.542,6.012,88.439
1.583,6.012,88.431
1.625,6.013,88.396
1.667,6.013,88.361
1.708,6.012,88.294
1.750,6.012,88.271
1.792,6.010,88.275
1.833,6.010,88.288
1.875,6.010,88.255
1.958,6.010,88.294
2.000,6.011,88.228
2.042,6.011,88.225
2.083,6.013,88.252
2.125,6.010,88.245
2.167,6.013,88.274
2.208,6.011,88.270
2.250,6.011,88.224
2.292,6.010,88.310
2.375,6.009,88.358
2.417,6.011,88.386
2.458,6.011,88.397
2.500,6.011,88.443
2.542,6.011,88.431
2.583,6.012,88.354
2.625,6.012,88.307
2.667,6.011,88.315
2.708,6.011,88.327
2.750,6.011,88.321
2.792,6.010,88.318
2.833,6.011,88.286
2.875,6.010,88.277
2.958,6.011,88.314
3.000,6.011,88.315
3.042,6.011,88.331
3.083,6.012,88.229
3.125,6.010,88.266
3.167,6.010,88.249
3.208,6.011,88.242
3.250,6.010,88.280
3.292,6.010,88.326
3.375,6.009,88.341
3.417,6.010,88.359
3.458,6.010,88.419
3.500,6.012,88.426
3.542,6.011,88.445
3.583,5.060,88.065
3.625,3.677,85.175
3.667,4.046,84.885
3.708,6.012,88.300
3.750,6.011,88.554
3.792,6.010,88.575
3.833,6.011,88.555
3.875,6.010,88.549
3.958,6.010,88.575
4.000,6.010,88.509
4.042,6.009,88.491
4.083,6.012,88.471
4.125,6.009,88.496
4.167,6.010,88.469
4.208,6.010,88.506
4.250,6.010,88.509
4.292,6.010,88.519
4.375,6.012,88.550
4.417,6.011,88.542
4.458,6.013,88.537
4.500,6.014,88.554
4.542,6.014,88.552
4.583,6.014,88.581
4.625,6.014,88.549
4.667,6.013,88.486
4.708,6.012,88.460
4.750,6.012,88.373
4.792,6.011,88.402
4.833,6.011,88.499
4.875,6.011,88.488
4.958,6.010,88.431
5.000,6.010,88.433
5.042,6.010,88.404
5.083,6.011,88.382
5.125,6.011,88.378
5.167,6.011,88.400
5.208,6.010,88.408
5.250,6.011,88.422
5.292,6.011,88.447
5.375,6.012,88.491
5.417,6.012,88.506
5.458,6.013,88.539
5.500,6.014,88.544
5.542,6.011,88.570
5.583,6.013,88.582
5.625,6.013,88.527
5.667,6.012,88.478
5.708,6.012,88.473
5.750,6.012,88.517
5.792,6.011,88.508
5.833,6.011,88.491
5.875,6.012,88.494
5.958,6.013,88.491
6.000,6.013,88.475
6.042,6.012,88.437
6.083,6.012,88.440
6.125,6.013,88.435
6.167,6.010,88.446
6.208,6.012,88.421
6.250,6.013,88.446
6.292,6.012,88.479
6.375,6.013,88.536
6.417,6.013,88.554
6.458,6.013,88.541
6.500,6.014,88.551
6.542,6.012,88.589
6.583,6.014,88.592
6.625,6.015,88.562
6.667,6.014,88.515
6.708,6.014,88.436
6.750,6.013,88.435
6.792,6.014,88.450
6.833,6.015,88.495
6.875,6.014,88.487
6.958,6.012,88.511
7.000,6.014,88.496
7.042,6.012,88.469
7.083,6.011,88.476
7.125,6.011,88.466
7.167,6.012,88.489
7.208,6.011,88.454
7.250,6.012,88.464
7.292,6.011,88.451
7.375,4.293,86.606
7.417,4.261,86.421
7.458,4.260,86.438
7.500,4.261,86.457
7.542,4.261,86.450
7.583,4.260,86.450
7.625,4.262,86.403
7.667,4.261,86.408
7.708,4.260,86.383
7.750,4.260,86.349
7.792,4.260,86.334
7.833,4.260,86.344
7.875,4.260,86.364
7.958,6.011,88.273
8.000,6.012,88.269
8.042,6.011,88.109
8.083,6.011,88.213
8.125,6.009,88.314
8.167,6.010,88.326
8.208,6.009,88.318
8.250,6.009,88.384
8.292,6.011,88.348
8.375,6.010,88.326
8.417,6.010,88.373
8.458,6.011,88.368
8.500,6.011,88.355
8.542,6.011,88.353
8.583,6.012,88.357
8.625,6.012,88.353
8.667,6.012,88.383
8.708,6.011,88.346
8.750,6.011,88.363
8.792,6.011,88.345
8.833,6.011,88.653
8.875,6.011,88.645
8.958,6.014,88.756
9.000,6.010,88.716
9.042,6.011,88.729
9.083,6.011,88.717
9.125,6.014,88.709
9.167,6.012,88.699
9.208,6.012,88.713
9.250,6.011,88.748
9.292,6.011,88.740
9.375,6.012,88.710
9.417,6.013,88.705
9.458,6.014,88.758
9.500,6.013,88.762
9.542,6.013,88.736
9.583,6.012,88.752
9.625,6.013,88.735
9.667,6.013,88.701
9.708,6.013,88.731
9.750,6.012,88.708
9.792,6.011,88.683
9.833,6.011,88.718
9.875,6.011,88.698
9.958,6.011,88.679
10.000,6.009,88.690
10.042,6.010,88.673
10.083,6.012,88.688
10.125,6.011,88.673
10.167,6.010,88.659
10.208,6.013,88.662
10.250,6.011,88.659
10.292,6.011,88.680
10.375,6.012,88.754
10.417,6.012,88.791
10.458,6.012,88.751
10.500,6.012,88.807
10.542,6.012,88.746
10.583,6.013,88.758
10.625,6.013,88.700
10.667,6.013,88.691
10.708,6.012,88.700
10.750,6.011,88.730
10.792,6.012,88.729
10.833,6.010,88.724
10.875,6.011,88.730
10.958,6.010,88.704
11.000,6.010,88.716
11.042,6.009,88.710
11.083,6.011,88.690
11.125,6.010,88.694
11.167,6.011,88.674
11.208,6.011,88.656
11.250,6.011,88.687
11.292,6.011,88.701
11.375,6.009,88.725
11.417,6.012,88.765
11.458,6.013,88.774
11.500,6.012,88.799
11.542,6.012,88.793
11.583,6.013,88.740
11.625,6.013,88.693
11.667,6.012,88.672
11.708,6.013,88.701
11.750,6.012,88.683
11.792,6.012,88.691
11.833,6.011,88.720
11.875,6.011,88.760
11.958,6.013,88.742
12.000,6.010,88.712
12.042,6.010,88.700
12.083,6.011,88.729
12.125,6.010,88.725
12.167,6.012,88.696
12.208,6.011,88.695
12.250,6.010,88.715
12.292,6.011,88.728
12.375,6.010,88.784
12.417,6.013,88.809
12.458,6.013,88.825
12.500,6.013,88.835
12.542,6.012,88.825
12.583,6.014,88.809
12.625,6.014,88.766
12.667,6.014,88.684
12.708,6.013,88.651
12.750,6.014,88.700
12.792,6.012,88.735
12.833,6.012,88.795
12.875,6.011,88.775
12.958,6.012,88.757
13.000,6.012,88.732
13.042,6.011,88.727
13.083,6.012,88.703
13.125,6.015,88.727
13.167,6.013,88.726
13.208,6.011,88.728
13.250,6.013,88.734
13.292,6.012,88.736
13.375,6.013,88.775
13.417,6.013,88.786
13.458,6.014,88.842
13.500,6.014,88.841
13.542,6.015,88.829
13.583,6.015,88.779
13.625,6.013,88.708
13.667,6.014,88.672
13.708,6.013,88.660
13.750,6.013,88.714
13.792,6.011,88.737
13.833,6.010,88.688
13.875,6.012,88.717
13.958,6.012,88.700
14.000,6.011,88.737
14.042,6.012,88.704
14.083,6.013,88.731
14.125,6.014,88.710
14.167,6.013,88.722
14.208,6.013,88.717
14.250,6.013,88.758
14.292,6.014,88.764
14.375,6.013,88.814
14.417,5.982,88.765
14.458,6.013,88.838
14.500,6.013,88.853
14.542,6.014,88.847
14.583,6.012,88.829
14.625,6.014,88.794
14.667,6.013,88.786
14.708,6.013,88.699
14.750,6.012,88.662
14.792,6.013,88.693
14.833,6.012,88.759
14.875,6.012,88.709
14.958,6.014,88.720
15.000,6.011,88.739
15.042,6.011,88.781
15.083,6.011,88.756
15.125,6.011,88.744
15.167,6.011,88.727
15.208,6.010,88.748
15.250,6.010,88.751
15.292,6.013,88.731
15.375,6.014,88.718
15.417,6.014,88.750
15.458,6.013,88.775
15.500,6.013,88.793
15.542,6.014,88.839
15.583,6.015,88.828
15.625,6.015,88.735
15.667,6.014,88.692
15.708,6.014,88.567
15.750,6.014,88.581
15.792,6.012,88.633
15.833,6.014,88.714
15.875,6.013,88.706
15.958,6.013,88.631
16.000,6.012,88.645
16.042,6.013,88.681
16.083,6.012,88.619
16.125,6.011,88.635
16.167,6.011,88.627
16.208,6.014,88.626
16.250,6.013,88.626
16.292,6.011,88.671
16.375,6.012,88.732
16.417,6.013,88.783
16.458,6.014,88.762
16.500,6.014,88.752
16.542,6.014,88.739
16.583,6.014,88.765
16.625,6.013,88.737
16.667,6.015,88.768
16.708,6.014,88.710
16.750,6.014,88.705
16.792,6.013,88.694
16.833,6.012,88.719
16.875,6.013,88.738
16.958,6.013,88.792
17.000,6.014,88.794
17.042,6.012,88.775
17.083,6.013,88.796
17.125,6.010,88.762
17.167,6.012,88.750
17.208,6.012,88.733
17.250,6.011,88.746
17.292,6.011,88.776
17.375,6.013,88.794
17.417,6.012,88.815
17.458,6.013,88.806
17.500,6.012,88.880
17.542,6.014,88.900
17.583,6.014,88.845
17.625,6.013,88.833
17.667,6.013,88.833
17.708,6.013,88.751
17.750,6.013,88.754
17.792,6.013,88.761
17.833,6.012,88.787
17.875,6.013,88.784
17.958,6.012,88.814
18.000,6.012,88.786
18.042,6.012,88.777
18.083,6.010,88.758
18.125,6.012,88.758
18.167,6.010,88.751
18.208,6.010,88.764
18.250,6.010,88.759
18.292,6.010,88.791
18.375,6.011,88.774
18.417,6.011,88.806
18.458,6.012,88.807
18.500,6.011,88.733
18.542,6.010,88.625
18.583,6.009,88.591
18.625,6.009,88.638
18.667,6.009,88.728
18.708,6.009,88.727
18.750,6.010,88.755
18.792,6.011,88.757
18.833,6.010,88.803
18.875,6.009,88.765
18.958,6.010,88.721
19.000,6.009,88.745
19.042,6.009,88.739
19.083,6.010,88.755
19.125,6.012,88.783
19.167,6.011,88.766
19.208,6.012,88.776
19.250,6.011,88.790
19.292,6.009,88.804
19.375,6.010,88.820
19.417,6.012,88.854
19.458,6.013,88.849
19.500,6.014,88.872
19.542,6.015,88.882
19.583,6.014,88.865
19.625,6.014,88.843
19.667,6.014,88.803
19.708,6.013,88.774
19.750,6.013,88.767
19.792,6.013,88.736
19.833,6.013,88.780
19.875,6.015,88.789
19.958,6.014,88.784
20.000,6.013,88.800
20.042,6.011,88.794
20.083,6.012,88.774
20.125,6.011,88.778
20.167,6.013,88.772
20.208,6.011,88.752
20.250,6.011,88.750
20.292,6.009,88.642
20.375,6.012,88.801
20.417,6.013,88.804
20.458,6.011,88.803
20.500,6.016,88.862
20.542,6.015,88.851
20.583,6.015,88.853
20.625,6.014,88.756
20.667,6.014,88.819
20.708,6.014,88.801
20.750,6.012,88.814
20.792,6.013,88.794
20.833,6.013,88.768
20.875,6.014,88.810
20.958,6.013,88.864
21.000,6.012,88.814
21.042,6.013,88.814
21.083,6.012,88.807
21.125,6.011,88.558
21.167,6.009,88.412
21.208,6.010,88.645
21.250,6.010,88.686
21.292,6.010,88.752
21.375,6.012,88.814
21.417,6.011,88.827
21.458,6.012,88.722
21.500,6.012,88.743
21.542,6.013,88.793
21.583,6.013,88.795
21.625,6.014,88.789
21.667,6.013,88.798
21.708,6.012,88.776
21.750,6.012,88.770
21.792,6.012,88.722
21.833,6.013,88.724
21.875,6.012,88.747
21.958,6.012,88.815
22.000,6.012,88.800
22.042,6.013,88.774
22.083,6.012,88.753
22.125,6.012,88.773
22.167,6.011,88.751
22.208,6.013,88.763
22.250,6.013,88.755
22.292,6.012,88.784
22.375,6.014,88.792
22.417,6.013,88.866
22.458,6.013,88.846
22.500,6.013,88.837
22.542,6.014,88.851
22.583,6.014,88.826
22.625,6.014,88.795
22.667,6.013,88.769
22.708,6.013,88.756
22.750,6.013,88.813
22.792,6.012,88.843
22.833,6.013,88.819
22.875,6.013,88.814
22.958,6.013,88.882
23.000,6.014,88.821
23.042,6.012,88.787
23.083,6.012,88.745
23.125,6.012,88.795
23.167,6.011,88.795
23.208,6.012,88.802
23.250,6.012,88.838
23.292,6.010,88.613
23.375,6.010,88.690
23.417,6.011,88.703
23.458,6.009,88.702
23.500,6.011,88.740
23.542,6.011,88.861
23.583,6.011,88.886
23.625,6.013,88.861
23.667,6.012,88.864
23.708,6.012,88.829
23.750,6.012,88.873
23.792,6.012,88.801
23.833,6.011,88.763
23.875,6.011,88.780
23.958,6.015,88.772
24.000,6.012,88.797
24.042,6.012,88.755
24.083,6.012,88.734
24.125,6.013,88.745
24.167,6.012,88.731
24.208,6.012,88.732
24.250,6.013,88.734
24.292,6.012,88.774
24.375,6.012,88.800
24.417,6.011,88.819
24.458,6.012,88.823
24.500,6.013,88.874
24.542,6.014,88.858
24.583,6.014,88.836
24.625,6.013,88.802
24.667,6.013,88.779
24.708,6.013,88.783
24.750,6.014,88.767
24.792,6.012,88.748
24.833,6.013,88.755
24.875,6.012,88.738
24.958,6.013,88.780
25.000,6.012,88.757
25.042,6.012,88.774
25.083,6.010,88.760
25.125,6.011,88.774
25.167,6.011,88.794
25.208,6.011,88.804
25.250,6.011,88.793
25.292,6.013,88.809
25.375,6.013,88.896
25.417,6.013,88.898
25.458,6.013,88.861
25.500,6.013,88.863
25.542,6.014,88.899
25.583,6.014,88.912
25.625,6.014,88.886
25.667,6.014,88.863
25.708,6.012,88.812
25.750,6.012,88.796
25.792,6.012,88.778
25.833,6.012,88.801
25.875,6.013,88.803
25.958,6.012,88.832
26.000,6.014,88.830
26.042,6.013,88.820
26.083,6.015,88.769
26.125,6.015,88.784
26.167,6.013,88.752
26.208,6.014,88.799
26.250,6.012,88.785
26.292,6.013,88.811
26.375,6.013,88.859
26.417,6.013,88.894
26.458,6.014,88.913
26.500,6.014,88.960
26.542,6.015,88.982
26.583,6.015,88.946
26.625,6.014,89.021
26.667,6.015,88.878
26.708,6.013,88.868
26.750,6.012,88.851
26.792,6.012,88.849
26.833,6.013,88.892
26.875,6.013,88.925
26.958,6.013,88.836
27.000,6.012,88.814
27.042,6.012,88.792
27.083,6.014,88.793
27.125,6.012,88.816
27.167,6.012,88.840
27.208,6.012,88.830
27.250,6.013,88.840
27.292,6.013,88.822
27.375,6.014,88.844
27.417,6.014,88.890
27.458,6.013,88.904
27.500,6.015,88.971
27.542,6.015,88.958
27.583,6.015,88.928
27.625,6.014,88.900
27.667,6.014,88.884
27.708,6.012,88.865
27.750,6.014,88.838
27.792,6.013,88.850
27.833,6.014,88.806
27.875,6.015,88.836
27.958,6.012,88.892
28.000,6.013,88.874
28.042,6.012,88.865
28.083,6.013,88.857
28.125,6.013,88.877
28.167,6.014,88.835
28.208,6.012,88.860
28.250,6.013,88.884
28.292,6.013,88.901
28.375,2.547,85.618
28.417,2.455,85.085
28.458,2.331,85.072
28.958,6.011,88.579
29.000,6.013,88.804
29.042,6.012,88.589
29.083,6.013,88.639
29.125,6.013,88.702
29.167,6.014,88.680
29.208,6.013,88.563
29.250,6.013,88.566
29.292,6.012,88.701
29.375,3.047,86.559
29.417,2.454,84.373
29.458,2.454,84.099
29.500,2.455,84.076
29.542,2.454,84.050
29.583,2.453,83.987
29.625,2.454,84.038
29.667,2.453,84.007
29.708,2.452,84.037
29.750,2.454,84.079
29.792,2.452,84.032
29.833,2.453,83.983
29.875,2.452,83.947
29.958,6.012,88.426
30.000,6.012,88.906
30.042,6.012,88.819
30.083,6.013,88.785
30.125,6.014,88.807
30.167,6.012,88.840
30.208,6.014,88.857
30.250,6.013,88.902
30.292,6.012,88.900
30.375,4.294,89.166
30.417,2.452,85.107
30.458,2.451,84.424
30.500,2.454,84.836
30.542,2.453,85.091
30.583,2.453,85.100
30.625,2.452,85.066
30.667,2.453,85.244
30.708,2.453,85.313
30.750,2.453,85.316
30.792,2.453,85.275
30.833,2.453,85.266
30.875,2.453,85.259
30.958,6.012,88.721
31.000,6.011,88.731
31.042,6.012,88.779
31.083,6.012,88.846
31.125,6.011,88.842
31.167,6.011,88.853
31.208,6.012,88.880
31.250,6.012,88.879
31.292,6.013,88.851
31.375,2.456,86.254
31.417,2.454,84.898
31.458,2.455,84.641
31.500,2.454,84.436
31.542,2.454,84.257
31.583,2.452,84.209
31.625,2.454,84.333
31.667,2.453,84.407
31.708,2.453,84.178
31.750,2.451,84.125
31.792,2.450,84.269
31.833,2.451,84.208
31.875,2.451,84.178
31.958,6.010,88.583
32.000,6.010,88.881
32.042,6.011,88.926
32.083,6.009,88.980
32.125,6.011,88.969
32.167,6.011,88.959
32.208,6.010,88.965
32.250,6.009,88.984
32.292,6.011,88.835
32.375,3.372,86.505
32.417,2.452,84.218
32.458,2.454,83.729
32.500,2.455,83.624
32.542,2.456,83.621
32.583,2.456,83.645
32.625,2.455,83.732
32.667,2.455,84.240
32.708,2.455,84.244
32.750,2.454,84.287
32.792,2.455,84.234
32.833,2.454,84.173
32.875,2.453,84.060
32.958,6.010,88.979
33.000,6.010,88.883
33.042,6.011,88.944
33.083,6.011,89.050
33.125,6.011,89.065
33.167,6.008,89.028
33.208,6.008,88.983
33.250,6.010,88.950
33.292,6.010,88.974
33.375,6.010,89.081
33.417,6.008,89.071
33.458,6.012,89.139
33.500,6.011,89.182
33.542,6.012,89.133
33.583,6.013,89.105
33.625,6.010,89.091
33.667,6.012,89.062
33.708,6.010,89.018
33.750,6.010,89.020
33.792,6.009,88.983
33.833,6.008,88.977
33.875,6.007,88.970
33.958,6.006,88.968
34.000,6.006,88.926
34.042,6.005,89.206
34.083,6.006,89.271
34.125,6.006,89.285
34.167,6.005,89.229
34.208,6.005,89.201
34.250,6.003,89.168
34.292,6.003,89.195
34.375,6.005,89.278
34.417,6.006,89.356
34.458,6.009,89.414
34.500,6.011,89.486
34.542,6.011,89.443
34.583,6.010,89.389
34.625,6.012,89.427
34.667,6.013,89.499
34.708,6.013,89.387
34.750,6.012,89.331
34.792,6.011,89.329
34.833,6.012,89.364
34.875,6.011,89.350
34.958,6.010,89.367
35.000,6.009,89.317
35.042,6.009,89.287
35.083,6.008,89.251
35.125,6.009,89.244
35.167,6.008,89.272
35.208,6.008,89.276
35.250,6.008,89.267
35.292,6.007,89.300
35.375,6.009,89.410
35.417,6.011,89.107
35.458,6.012,88.865
35.500,6.012,89.063
35.542,6.014,89.436
35.583,6.013,89.369
35.625,6.012,89.368
35.667,6.012,89.541
35.708,6.013,89.162
35.750,6.013,88.602
35.792,6.012,89.220
35.833,6.012,89.610
35.875,6.013,89.617
35.958,6.012,89.653
36.000,6.009,89.512
36.042,6.011,89.542
36.083,6.012,89.549
36.125,6.010,89.528
36.167,6.011,89.525
36.208,6.011,89.514
36.250,6.010,89.548
36.292,6.010,89.573
36.375,6.012,89.619
36.417,6.013,89.646
36.458,6.013,89.644
36.500,6.013,89.727
36.542,6.015,89.693
36.583,6.016,89.692
36.625,6.016,89.635
36.667,6.014,89.628
36.708,6.015,89.604
36.750,6.013,89.580
36.792,6.012,89.558
36.833,6.013,89.554
36.875,6.011,89.582
36.958,6.011,89.620
37.000,6.014,89.640
37.042,6.014,89.633
37.083,6.013,89.617
37.125,6.014,89.605
37.167,6.013,89.574
37.208,6.011,89.552
37.250,6.011,89.558
37.292,6.012,89.545
37.375,6.014,89.600
37.417,6.015,89.674
37.458,6.017,89.681
37.500,6.015,89.704
37.542,6.015,89.690
37.583,6.017,89.667
37.625,6.017,89.629
37.667,6.015,89.640
37.708,6.014,89.608
37.750,6.013,89.580
37.792,6.014,89.531
37.833,6.013,89.557
37.875,6.014,89.624
37.958,6.012,89.627
38.000,6.013,89.644
38.042,6.014,89.599
38.083,6.013,89.592
38.125,6.013,89.552
38.167,6.014,89.570
38.208,6.013,89.552
38.250,6.013,89.549
38.292,6.013,89.546
38.375,3.677,87.715
38.417,3.678,87.449
38.458,3.678,87.534
38.500,3.678,87.531
38.542,3.679,87.535
38.583,3.678,87.533
38.625,3.678,87.552
38.667,3.677,87.574
38.708,3.677,87.422
38.750,3.677,87.419
38.792,3.677,87.445
38.833,3.678,87.496
38.875,3.677,87.527
38.958,6.012,88.960
39.000,6.013,88.699
39.042,6.010,88.699
39.083,6.010,88.718
39.125,6.012,88.729
39.167,6.013,88.719
39.208,6.012,88.696
39.250,6.011,88.692
39.292,6.011,88.667
39.375,3.677,87.506
39.417,3.677,87.491
39.458,3.679,87.529
39.500,3.678,87.576
39.542,3.678,87.527
39.583,3.677,87.472
39.625,3.679,87.418
39.667,3.677,87.392
39.708,3.676,86.879
39.750,3.676,86.759
39.792,3.676,86.760
39.833,3.675,87.251
39.875,3.676,88.055
39.958,6.012,89.175
40.000,6.010,88.798
40.042,6.011,88.784
40.083,6.011,88.783
40.125,6.012,88.775
40.167,6.011,88.764
40.208,6.011,88.753
40.250,6.010,88.776
40.292,6.012,88.720
40.375,6.011,88.808
40.417,6.014,88.801
40.458,6.013,88.808
40.500,6.014,88.808
40.542,6.014,88.812
40.583,6.015,88.806
40.625,6.012,89.417
40.667,6.013,89.350
40.708,6.014,89.319
40.750,6.014,89.280
40.792,6.013,89.271
40.833,6.012,89.258
40.875,6.012,89.337
40.958,6.012,89.367
41.000,6.014,89.373
41.042,6.012,89.352
41.083,6.012,89.361
41.125,6.011,89.380
41.167,6.011,89.383
41.208,6.013,89.364
41.250,6.012,89.385
41.292,6.012,89.646
41.375,6.012,89.651
41.417,6.013,89.671
41.458,6.012,89.628
41.500,6.013,89.630
41.542,6.013,89.675
41.583,6.013,89.682
41.625,6.013,89.618
41.667,6.013,89.664
41.708,6.013,89.679
41.750,6.014,89.588
41.792,6.015,89.634
41.833,6.012,89.650
41.875,6.012,89.636
41.958,6.014,89.646
42.000,6.014,89.637
42.042,6.014,89.638
42.083,6.012,89.609
42.125,6.013,89.595
42.167,6.014,89.610
42.208,6.012,89.642
42.250,6.012,89.636
42.292,6.011,89.654
42.375,6.012,88.721
42.417,6.012,88.729
42.458,6.013,88.748
42.500,6.013,88.733
42.542,6.013,88.738
42.583,6.013,88.709
42.625,6.014,88.736
42.667,6.013,88.705
42.708,6.012,88.701
42.750,6.013,88.902
42.792,6.012,88.985
42.833,6.013,89.009
42.875,6.013,88.997
42.958,6.012,88.994
43.000,6.013,88.997
43.042,6.014,89.004
43.083,6.015,89.002
43.125,6.014,88.983
43.167,6.014,88.965
43.208,6.013,88.980
43.250,6.012,88.990
43.292,6.013,88.907
43.375,6.012,89.039
43.417,6.013,89.037
43.458,6.013,89.075
43.500,6.013,88.982
43.542,6.015,88.695
43.583,6.015,88.680
43.625,6.016,88.709
43.667,6.015,88.680
43.708,6.014,88.638
43.750,6.015,88.617
43.792,6.014,88.613
43.833,6.014,88.624
43.875,6.014,88.580
43.958,6.014,88.773
44.000,6.014,88.992
44.042,6.014,89.001
44.083,6.014,88.983
44.125,6.012,88.977
44.167,6.012,88.969
44.208,6.013,88.965
44.250,6.015,88.977
44.292,6.012,88.964
44.375,6.012,88.996
44.417,6.013,88.972
44.458,6.013,89.018
44.500,6.015,89.053
44.542,6.017,88.992
44.583,6.013,89.029
44.625,6.014,89.100
44.667,6.015,88.757
44.708,6.014,88.683
44.750,6.015,88.678
44.792,6.015,88.670
44.833,6.014,88.679
44.875,6.013,88.638
44.958,6.015,88.645
45.000,6.013,88.625
45.042,6.013,88.646
45.083,6.014,88.643
45.125,6.014,88.621
45.167,6.012,88.621
45.208,6.013,88.629
45.250,6.014,88.639
45.292,6.012,88.656
45.375,6.013,88.675
45.417,6.013,88.754
45.458,6.014,88.789
45.500,6.014,88.795
45.542,6.014,88.807
45.583,6.015,88.750
45.625,6.016,88.739
45.667,6.016,88.700
45.708,6.014,88.705
45.750,6.016,88.702
45.792,6.015,88.695
45.833,6.016,88.705
45.875,6.014,88.707
45.958,6.012,88.644
46.000,6.014,88.665
46.042,6.014,88.663
46.083,6.015,88.672
46.125,6.014,88.651
46.167,6.014,88.652
46.208,6.014,88.652
46.250,6.016,88.637
46.292,6.017,88.630
46.375,6.014,88.664
46.417,6.014,88.707
46.458,6.018,88.693
46.500,6.016,88.646
46.542,6.018,88.705
46.583,6.017,88.681
46.625,6.015,88.716
46.667,6.016,88.707
46.708,6.015,88.672
46.750,6.019,88.639
46.792,6.016,88.604
46.833,6.017,88.593
46.875,6.017,88.598
46.958,6.017,88.605
47.000,6.014,88.590
47.042,6.014,88.594
47.083,6.015,88.580
47.125,6.014,88.604
47.167,6.012,88.605
47.208,6.012,88.613
47.250,6.013,88.674
47.292,6.014,88.665
47.375,6.014,88.638
47.417,6.014,88.673
47.458,6.015,88.664
47.500,6.015,88.661
47.542,6.015,88.714
47.583,6.016,88.720
47.625,6.015,88.719
47.667,6.016,88.679
47.708,6.016,88.671
47.750,6.014,88.615
47.792,6.014,88.634
47.833,6.016,88.599
47.875,6.015,88.597
47.958,6.015,88.592
48.000,6.014,88.599
48.042,6.014,88.609
48.083,6.015,88.605
48.125,6.014,88.611
48.167,6.013,88.627
48.208,6.014,88.541
48.250,6.014,88.615
48.292,6.013,88.606
48.375,6.014,88.641
48.417,6.014,88.654
48.458,6.013,88.636
48.500,5.211,86.310
48.542,5.578,87.641
48.583,6.011,88.975
48.625,6.013,89.048
48.667,6.013,89.041
48.708,6.014,88.966
48.750,6.013,88.948
48.792,6.010,88.992
48.833,6.012,89.019
48.875,6.014,89.047
48.958,6.012,89.044
49.000,6.014,88.946
49.042,6.015,88.965
49.083,6.013,88.955
49.125,6.012,88.925
49.167,6.013,88.927
49.208,6.011,88.932
49.250,6.012,88.929
49.292,6.011,88.986
49.375,6.013,89.099
49.417,6.014,89.061
49.458,5.672,88.002
49.500,5.671,88.108
49.542,6.010,89.243
49.583,6.008,89.281
49.625,6.008,89.061
49.667,6.009,89.045
49.708,6.010,89.050
49.750,6.011,89.036
49.792,6.010,89.037
49.833,6.010,89.033
49.875,6.011,88.968
49.958,6.009,89.053
50.000,6.010,89.069
50.042,6.011,89.057
50.083,6.009,89.053
50.125,6.009,89.044
50.167,6.009,89.065
50.208,6.010,89.067
50.250,6.010,89.060
50.292,6.009,89.049
50.375,6.009,89.043
50.417,6.010,89.067
50.458,6.009,89.051
50.500,6.010,89.057
50.542,6.011,89.094
50.583,6.010,89.080
50.625,6.011,88.993
50.667,6.010,89.058
50.708,6.010,88.945
50.750,6.010,88.965
50.792,6.012,89.001
50.833,6.011,88.982
50.875,6.011,88.984
50.958,6.011,88.977
51.000,6.010,89.268
51.042,6.012,89.321
51.083,6.011,89.310
51.125,6.011,89.334
51.167,6.011,89.355
51.208,6.010,89.318
51.250,6.010,89.254
51.292,6.010,89.261
51.375,6.011,89.342
51.417,6.014,89.385
51.458,6.014,89.373
51.500,6.014,89.323
51.542,6.014,89.406
51.583,6.013,89.433
51.625,6.014,89.140
51.667,6.014,89.030
51.708,6.013,88.990
51.750,6.013,88.966
51.792,6.014,89.005
51.833,6.014,88.996
51.875,6.014,89.019
51.958,6.014,89.286
52.000,6.013,89.307
52.042,6.014,89.288
52.083,6.015,89.297
52.125,6.013,89.286
52.167,6.012,89.275
52.208,6.012,89.298
52.250,6.012,89.261
52.292,6.011,89.319
52.375,6.012,89.376
52.417,6.013,89.343
52.458,6.012,89.382
52.500,6.013,89.366
52.542,6.013,89.365
52.583,6.014,89.354
52.625,6.012,89.363
52.667,6.012,89.352
52.708,6.013,89.357
52.750,6.013,89.336
52.792,6.012,89.317
52.833,6.012,89.319
52.875,6.014,89.322
52.958,6.012,89.336
53.000,6.012,89.341
53.042,6.013,89.314
53.083,6.014,89.315
53.125,6.014,89.313
53.167,6.014,89.321
53.208,6.013,89.346
53.250,6.013,89.360
53.292,6.013,89.360
53.375,6.014,89.414
53.417,6.014,89.392
53.458,6.014,89.417
53.500,6.015,89.450
53.542,6.014,89.474
53.583,6.015,89.465
53.625,6.014,89.394
53.667,6.014,89.347
53.708,6.015,89.029
53.750,6.014,89.012
53.792,6.014,89.051
53.833,6.013,89.074
53.875,6.014,89.092
53.958,6.014,89.079
54.000,6.014,89.043
54.042,6.014,89.052
54.083,6.013,89.011
54.125,6.014,89.016
54.167,6.013,89.015
54.208,6.015,89.026
54.250,6.014,89.036
54.292,6.014,89.002
54.375,6.014,89.083
54.417,6.013,89.075
54.458,6.014,89.129
54.500,6.015,89.192
54.542,6.014,89.156
54.583,6.014,89.157
54.625,6.015,89.138
54.667,6.015,89.117
54.708,6.015,89.111
54.750,6.015,89.074
54.792,6.016,88.976
54.833,6.014,88.902
54.875,6.015,88.883
54.958,6.014,88.959
55.000,6.015,89.007
55.042,6.013,88.980
55.083,6.014,88.961
55.125,6.012,88.969
55.167,6.012,88.999
55.208,6.013,88.985
55.250,6.013,88.986
55.292,6.013,88.993
55.375,6.011,89.009
55.417,6.014,89.040
55.458,6.014,89.088
55.500,6.014,89.126
55.542,6.014,89.113
55.583,6.016,89.081
55.625,6.014,89.056
55.667,6.015,88.993
55.708,6.014,88.985
55.750,6.015,88.942
55.792,6.015,88.919
55.833,6.014,88.932
55.875,6.014,88.953
55.958,6.015,88.950
56.000,6.013,88.929
56.042,6.013,88.922
56.083,6.013,88.919
56.125,6.014,88.905
56.167,6.013,88.912
56.208,6.013,88.916
56.250,6.015,88.956
56.292,6.013,88.976
56.375,6.014,88.913
56.417,6.014,88.958
56.458,6.014,89.003
56.500,6.015,89.057
56.542,6.014,89.076
56.583,6.014,89.023
56.625,6.015,89.019
56.667,6.015,88.866
56.708,6.015,88.924
56.750,6.015,88.897
56.792,6.014,88.874
56.833,6.014,88.869
56.875,6.015,88.966
56.958,6.013,88.982
57.000,6.014,88.961
57.042,6.015,88.972
57.083,6.014,88.925
57.125,6.013,88.910
57.167,6.013,88.939
57.208,6.014,88.972
57.250,6.014,88.959
57.292,6.014,88.962
57.375,6.014,88.976
57.417,6.014,88.952
57.458,6.014,88.977
57.500,6.015,89.018
57.542,6.015,89.050
57.583,6.014,89.068
57.625,6.014,89.059
57.667,6.013,89.045
57.708,6.014,89.011
57.750,6.014,88.974
57.792,6.014,88.934
57.833,6.014,88.923
57.875,6.012,88.933
57.958,6.013,88.976
58.000,6.013,88.958
58.042,6.013,88.972
58.083,6.013,88.958
58.125,6.012,88.939
58.167,6.011,88.957
58.208,6.012,88.992
58.250,6.013,88.977
58.292,6.012,88.968
58.375,6.014,88.621
58.417,6.014,88.630
58.458,6.014,88.669
58.500,6.014,88.682
58.542,6.016,88.737
58.583,6.015,88.738
58.625,6.015,88.711
58.667,6.017,88.641
58.708,6.017,88.591
58.750,6.016,88.632
58.792,6.016,88.947
58.833,6.014,88.980
58.875,6.016,88.964
58.958,6.016,88.967
59.000,6.016,88.988
59.042,6.016,88.967
59.083,6.016,88.943
59.125,6.013,88.949
59.167,6.014,88.964
59.208,6.014,88.966
59.250,6.014,88.967
59.292,6.013,88.967
59.375,6.014,89.014
59.417,6.016,89.026
59.458,6.015,89.049
59.500,6.016,89.103
59.542,6.016,89.100
59.583,6.016,89.105
59.625,6.016,89.050
59.667,6.015,88.950
59.708,6.015,88.959
59.750,6.016,88.952
59.792,6.015,88.929
59.833,6.015,88.930
59.875,6.015,88.955
59.958,6.015,88.957
60.000,6.014,89.030
60.042,6.013,89.003
60.083,6.011,89.033
60.125,6.012,89.038
60.167,6.013,89.024
60.208,6.013,89.032
60.250,6.014,89.034
60.292,6.013,89.006
60.375,6.014,89.025
60.417,6.015,89.065
60.458,6.015,89.082
60.500,6.015,89.105
60.542,6.014,89.108
60.583,6.016,89.105
60.625,6.015,89.030
60.667,6.016,89.056
60.708,6.017,89.035
60.750,6.015,89.025
60.792,6.015,89.022
60.833,6.015,89.043
60.875,6.015,89.017
60.958,6.013,89.004
61.000,6.014,89.040
61.042,6.015,89.055
61.083,6.015,89.020
61.125,6.015,89.011
61.167,6.016,88.946
61.208,6.014,88.956
61.250,6.015,89.030
61.292,6.016,89.037
61.375,6.015,89.095
61.417,6.015,89.176
61.458,6.017,89.203
61.500,6.017,89.173
61.542,6.017,89.157
61.583,6.016,89.165
61.625,6.016,89.052
61.667,6.014,89.013
61.708,6.016,89.034
61.750,6.014,88.978
61.792,6.014,88.982
61.833,6.015,88.989
61.875,6.015,88.978
61.958,6.014,89.054
62.000,6.015,89.005
62.042,6.015,88.995
62.083,6.015,88.955
62.125,6.014,88.957
62.167,6.015,88.961
62.208,6.015,89.004
62.250,6.015,88.924
62.292,6.013,88.992
62.375,6.012,89.045
62.417,6.014,89.030
62.458,6.012,89.013
62.500,6.013,89.035
62.542,6.015,89.027
62.583,6.013,89.075
62.625,6.014,89.076
62.667,6.013,89.063
62.708,6.014,89.126
62.750,6.012,89.023
62.792,6.014,88.969
62.833,6.011,88.946
62.875,6.014,88.944
62.958,6.014,88.947
63.000,6.013,88.920
63.042,6.014,89.158
63.083,6.014,89.236
63.125,6.014,89.251
63.167,6.014,89.215
63.208,6.014,89.225
63.250,6.014,89.224
63.292,6.012,89.185
63.375,4.247,89.589
63.417,2.451,86.229
63.458,2.452,85.606
63.500,2.451,85.477
63.542,2.451,85.513
63.583,2.452,85.569
63.625,2.453,85.580
63.667,2.453,85.528
63.708,2.452,85.440
63.750,2.452,85.446
63.792,2.451,85.440
63.833,2.451,85.452
63.875,2.452,85.423
63.958,6.010,88.872
64.000,6.009,88.939
64.042,6.010,88.916
64.083,6.010,88.904
64.125,6.009,88.933
64.167,6.009,88.929
64.208,6.009,88.946
64.250,6.009,88.945
64.292,6.009,88.922
64.375,2.756,85.998
64.417,2.756,85.490
64.458,2.757,85.404
64.500,2.756,85.413
64.542,2.757,85.415
64.583,2.757,85.446
64.625,2.758,85.466
64.667,2.757,85.459
64.708,2.757,85.442
64.750,2.758,85.437
64.792,2.757,85.403
64.833,2.757,85.435
64.875,2.756,85.477
64.958,6.010,89.263
65.000,6.008,88.910
65.042,6.009,88.927
65.083,6.008,89.003
65.125,6.008,89.020
65.167,6.007,89.041
65.208,6.008,89.029
65.250,6.008,89.008
65.292,6.008,88.983
65.375,6.008,89.031
65.417,6.010,89.123
65.458,6.011,89.180
65.500,6.012,89.201
65.542,6.012,89.140
65.583,6.013,89.120
65.625,6.013,89.026
65.667,6.011,89.052
65.708,6.011,89.110
65.750,6.013,89.104
65.792,6.012,89.085
65.833,6.012,89.095
65.875,6.012,89.117
65.958,6.011,89.089
66.000,6.010,89.086
66.042,6.012,89.097
66.083,6.010,89.057
66.125,6.010,89.063
66.167,6.009,89.053
66.208,6.009,89.063
66.250,6.010,89.075
66.292,6.011,89.078
66.375,2.726,84.726
66.417,2.726,84.068
66.458,2.726,83.869
66.500,2.727,83.816
66.542,2.727,83.819
66.583,2.726,83.802
66.625,2.726,83.831
66.667,3.309,85.024
66.708,3.309,85.598
66.750,3.308,85.985
66.792,3.307,86.096
66.833,3.307,86.117
66.875,3.308,86.132
66.958,6.009,88.990
67.000,6.008,89.178
67.042,6.009,89.290
67.083,6.010,89.324
67.125,6.012,89.314
67.167,6.010,89.293
67.208,6.010,89.324
67.250,6.011,89.271
67.292,6.010,89.166
67.375,3.282,86.205
67.417,3.282,85.639
67.458,3.283,85.523
67.500,3.282,85.554
67.542,3.282,85.549
67.583,3.282,85.506
67.625,3.281,85.496
67.667,3.281,85.461
67.708,3.280,85.311
67.750,3.280,84.836
67.792,2.759,83.755
67.833,2.758,84.083
67.875,2.759,84.335
67.958,6.012,88.826
68.000,6.012,89.174
68.042,6.012,89.273
68.083,6.013,89.253
68.125,6.011,89.157
68.167,6.010,89.117
68.208,6.011,89.089
68.250,6.012,89.118
68.292,6.013,89.164
68.375,6.012,89.254
68.417,6.015,89.304
68.458,6.016,89.282
68.500,6.016,89.284
68.542,6.015,89.227
68.583,6.014,89.136
68.625,6.012,88.744
68.667,6.012,88.261
68.708,6.015,87.719
68.750,6.015,87.755
68.792,6.016,87.696
68.833,6.014,87.670
68.875,6.014,87.665
68.958,6.014,87.607
69.000,6.012,87.573
69.042,6.011,87.702
69.083,6.012,87.647
69.125,6.010,87.609
69.167,6.010,87.687
69.208,6.012,87.705
69.250,6.011,87.660
69.292,6.010,87.684
69.375,6.014,87.760
69.417,6.014,87.789
69.458,6.014,87.753
69.500,6.015,87.813
69.542,6.016,87.804
69.583,6.016,87.761
69.625,6.016,87.736
69.667,6.016,87.721
69.708,6.015,87.707
69.750,6.015,87.705
69.792,6.016,87.697
69.833,6.015,87.711
69.875,6.015,87.722
69.958,6.013,87.583
70.000,6.014,87.697
70.042,6.014,87.693
70.083,6.015,87.672
70.125,6.013,87.668
70.167,6.014,87.681
70.208,6.013,87.688
70.250,6.013,87.680
70.292,6.013,87.714
70.375,3.039,87.625
70.417,2.456,85.276
70.458,2.455,84.899
70.500,2.455,84.878
70.542,2.455,84.881
70.583,2.455,84.809
70.625,2.454,84.792
70.667,2.454,84.775
70.708,2.454,84.811
70.750,2.452,84.720
70.792,2.453,84.693
70.833,2.452,84.626
70.875,2.453,84.724
70.958,6.012,87.867
71.000,6.012,87.809
71.042,6.014,87.867
71.083,6.013,87.931
71.125,6.013,87.880
71.167,6.012,87.706
71.208,6.012,87.566
71.250,6.011,87.609
71.292,6.012,87.699
71.375,2.728,88.530
71.417,2.453,85.416
71.458,2.453,84.864
71.500,2.452,84.628
71.542,2.453,84.562
71.583,2.452,84.547
71.625,2.452,84.520
71.667,2.452,84.554
71.708,2.453,84.672
71.750,2.453,84.655
71.792,2.452,84.673
71.833,2.452,84.679
71.875,2.452,84.739
71.958,6.013,88.030
72.000,6.012,87.909
72.042,6.013,87.896
72.083,6.011,87.905
72.125,6.011,87.905
72.167,6.011,87.876
72.208,6.012,87.878
72.250,6.011,87.915
72.292,6.012,87.900
72.375,3.219,85.149
72.417,2.454,82.888
72.458,2.454,83.503
72.500,2.454,84.287
72.542,2.453,84.444
72.583,2.453,84.496
72.625,2.453,84.532
72.667,2.453,84.542
72.708,2.453,84.546
72.750,2.453,84.559
72.792,2.454,84.571
72.833,2.452,84.596
72.875,2.452,84.608
72.958,6.011,88.856
73.000,6.013,88.881
73.042,6.012,88.900
73.083,6.012,88.945
73.125,6.012,89.036
73.167,6.012,89.058
73.208,6.013,89.103
73.250,6.012,89.061
73.292,6.013,89.048
73.375,2.454,85.446
73.417,2.454,84.831
73.458,2.454,84.688
73.500,2.454,84.635
73.542,2.452,84.603
73.583,2.453,84.566
73.625,2.453,84.552
73.667,2.453,84.483
73.708,2.453,84.489
73.750,2.452,84.518
73.792,2.452,84.563
73.833,2.453,84.584
73.875,2.452,84.578
73.958,6.012,88.890
74.000,6.013,89.008
74.042,6.013,88.978
74.083,6.011,88.934
74.125,6.011,88.954
74.167,6.011,88.995
74.208,6.011,89.012
74.250,6.012,89.057
74.292,6.011,89.007
74.375,2.453,85.303
74.417,2.453,84.007
74.458,2.454,83.512
74.500,2.454,83.384
74.542,2.454,83.374
74.583,2.454,83.346
74.625,2.454,83.642
74.667,2.453,84.484
74.708,2.454,84.648
74.750,2.454,84.635
74.792,2.453,84.824
74.833,2.453,84.950
74.875,2.453,84.978
74.958,6.012,87.620
75.000,6.013,87.686
75.042,6.014,87.664
75.083,6.012,87.702
75.125,6.012,87.695
75.167,6.011,87.740
75.208,6.012,87.692
75.250,6.013,87.666
75.292,6.011,87.675
75.375,6.013,87.845
75.417,6.013,87.857
75.458,6.014,87.886
75.500,6.014,87.914
75.542,6.014,87.885
75.583,6.015,87.860
75.625,6.015,87.842
75.667,6.016,87.785
75.708,6.014,87.823
75.750,6.016,87.839
75.792,6.016,87.799
75.833,6.016,87.843
75.875,6.016,87.833
75.958,6.015,87.851
76.000,6.015,87.836
76.042,6.015,87.839
76.083,6.014,87.832
76.125,6.014,87.813
76.167,6.014,87.791
76.208,6.014,87.803
76.250,6.014,87.856
76.292,6.013,87.887
76.375,6.014,87.929
76.417,6.013,87.934
76.458,6.014,87.929
76.500,6.014,87.906
76.542,6.016,87.793
76.583,6.014,87.719
76.625,6.014,87.755
76.667,6.015,87.848
76.708,6.014,87.847
76.750,6.015,87.784
76.792,6.014,87.782
76.833,6.014,87.813
76.875,6.014,87.826
76.958,6.014,87.857
77.000,6.012,87.849
77.042,6.014,87.845
77.083,6.013,87.814
77.125,6.014,87.801
77.167,6.012,87.808
77.208,6.014,87.816
77.250,6.012,87.826
77.292,6.012,87.787
77.375,2.761,85.264
77.417,2.760,84.803
77.458,2.761,84.725
77.500,2.761,84.661
77.542,2.759,84.571
77.583,2.758,84.563
77.625,2.758,84.640
77.667,2.759,84.716
77.708,2.758,84.764
77.750,2.759,84.772
77.792,2.759,84.774
77.833,2.758,84.852
77.875,2.759,84.900
77.958,6.012,87.947
78.000,6.014,88.122
78.042,6.012,88.135
78.083,6.011,88.175
78.125,6.011,88.236
78.167,6.011,88.270
78.208,6.013,88.284
78.250,6.010,88.247
78.292,6.011,88.249
78.375,2.759,84.462
78.417,2.759,84.600
78.458,2.759,84.615
78.500,2.759,84.679
78.542,2.760,84.723
78.583,2.759,84.698
78.625,2.759,84.728
78.667,2.760,84.762
78.708,2.760,84.762
78.750,2.760,84.751
78.792,2.759,84.747
78.833,2.759,84.735
78.875,2.759,84.709
78.958,6.011,87.932
79.000,6.009,87.837
79.042,6.009,87.897
79.083,6.010,87.943
79.125,6.011,88.048
79.167,6.011,87.999
79.208,6.011,87.913
79.250,6.010,87.954
79.292,6.010,87.971
79.375,2.759,86.971
79.417,2.759,85.253
79.458,2.759,84.852
79.500,2.759,84.772
79.542,2.759,84.782
79.583,2.759,84.714
79.625,2.759,84.684
79.667,2.759,84.708
79.708,2.759,84.754
79.750,2.759,84.808
79.792,2.758,84.812
79.833,2.758,84.845
79.875,2.758,84.835
79.958,6.011,87.849
80.000,6.009,87.853
80.042,6.010,87.889
80.083,6.009,87.896
80.125,6.009,87.879
80.167,6.011,87.790
80.208,6.011,87.767
80.250,6.013,87.785
80.292,6.012,87.768
80.375,2.758,87.353
80.417,2.758,84.885
80.458,2.758,84.660
80.500,2.758,84.604
80.542,2.758,84.586
80.583,2.759,84.592
80.625,2.759,84.588
80.667,2.758,84.797
80.708,2.758,84.682
80.750,2.758,84.597
80.792,2.758,84.618
80.833,2.758,84.552
80.875,2.758,84.558
80.958,6.012,88.873
81.000,6.011,88.974
81.042,6.013,89.100
81.083,6.012,89.159
81.125,6.013,89.205
81.167,6.012,89.196
81.208,6.012,89.113
81.250,6.012,89.028
81.292,6.013,89.016
81.375,2.759,86.084
81.417,2.759,84.896
81.458,2.759,84.663
81.500,2.758,84.566
81.542,2.758,84.578
81.583,2.758,84.429
81.625,2.757,84.550
81.667,2.757,84.581
81.708,2.758,84.594
81.750,2.757,84.611
81.792,2.758,84.665
81.833,2.757,84.681
81.875,2.758,84.754
81.958,6.010,89.171
82.000,6.011,89.067
82.042,6.011,89.024
82.083,6.012,89.088
82.125,6.012,89.091
82.167,6.011,89.134
82.208,6.011,89.088
82.250,6.011,89.047
82.292,6.012,88.148
82.375,6.011,87.721
82.417,6.012,87.745
82.458,6.011,87.775
82.500,6.012,87.758
82.542,6.010,87.772
82.583,6.010,87.749
82.625,6.011,87.704
82.667,6.012,87.722
82.708,6.011,87.734
82.750,6.011,87.722
82.792,6.010,87.708
82.833,6.010,87.702
82.875,6.011,87.683
82.958,6.012,88.094
83.000,6.009,88.717
83.042,6.010,88.769
83.083,6.011,88.780
83.125,6.010,88.752
83.167,6.013,88.776
83.208,6.010,88.773
83.250,6.011,88.768
83.292,6.011,87.932
83.375,6.013,87.733
83.417,6.012,87.978
83.458,6.012,88.070
83.500,6.012,88.067
83.542,6.012,88.078
83.583,6.011,87.992
83.625,6.011,87.987
83.667,6.011,88.013
83.708,6.011,88.040
83.750,6.012,87.995
83.792,6.010,88.003
83.833,6.010,88.025
83.875,6.012,88.024
83.958,6.011,88.612
84.000,6.011,88.803
84.042,6.012,88.814
84.083,6.011,88.830
84.125,6.011,88.837
84.167,6.011,88.849
84.208,6.011,88.767
84.250,6.011,88.769
84.292,6.011,88.770
84.375,6.012,88.591
84.417,6.008,88.183
84.458,6.013,88.173
84.500,6.014,88.176
84.542,6.013,88.170
84.583,6.014,88.236
84.625,6.015,88.216
84.667,6.013,88.167
84.708,6.014,88.140
84.750,6.013,88.170
84.792,6.015,88.173
84.833,6.014,88.186
84.875,6.014,88.187
84.958,6.013,88.389
85.000,6.013,88.597
85.042,6.013,88.656
85.083,6.012,88.693
85.125,6.012,88.736
85.167,6.011,88.678
85.208,6.012,88.692
85.250,6.011,88.683
85.292,6.013,88.706
85.375,6.013,88.719
85.417,6.015,88.750
85.458,6.015,88.748
85.500,6.014,88.717
85.542,6.014,88.690
85.583,6.014,88.665
85.625,6.015,88.641
85.667,6.015,88.662
85.708,6.015,88.729
85.750,6.014,88.708
85.792,6.013,88.416
85.833,6.013,88.339
85.875,6.011,88.317
85.958,6.012,88.488
86.000,6.010,88.664
86.042,6.012,88.706
86.083,6.011,88.659
86.125,6.012,88.654
86.167,6.012,88.645
86.208,6.012,88.649
86.250,6.012,88.700
86.292,6.012,88.700
86.375,6.013,89.005
86.417,6.014,88.472
86.458,6.014,88.320
86.500,6.015,88.319
86.542,6.015,88.307
86.583,6.015,88.297
86.625,6.015,88.275
86.667,6.015,88.359
86.708,6.014,88.224
86.750,6.016,88.246
86.792,6.015,88.272
86.833,6.015,88.255
86.875,6.015,88.210
86.958,6.014,88.462
87.000,6.014,88.630
87.042,6.012,88.726
87.083,6.012,88.728
87.125,6.012,88.715
87.167,6.012,88.676
87.208,6.012,88.671
87.250,6.010,88.547
87.292,6.011,88.824
87.375,6.012,88.673
87.417,6.015,88.154
87.458,6.014,87.995
87.500,6.014,88.124
87.542,6.013,88.665
87.583,6.014,88.670
87.625,6.014,88.628
87.667,6.013,88.614
87.708,6.015,88.560
87.750,6.014,88.621
87.792,6.014,88.604
87.833,6.013,88.638
87.875,6.014,88.606
87.958,6.011,88.126
88.000,6.012,88.542
88.042,6.012,88.564
88.083,6.012,88.545
88.125,6.013,88.521
88.167,6.012,88.477
88.208,6.012,88.516
88.250,6.012,88.522
88.292,6.012,88.535
88.375,6.014,89.250
88.417,6.014,88.783
88.458,6.014,88.654
88.500,6.015,88.726
88.542,6.015,88.775
88.583,6.015,88.676
88.625,6.016,88.688
88.667,6.015,88.524
88.708,6.015,88.554
88.750,6.015,88.564
88.792,6.013,88.517
88.833,6.014,88.536
88.875,6.013,88.531
88.958,6.013,88.990
89.000,6.013,89.166
89.042,6.012,89.140
89.083,6.013,89.146
89.125,6.013,89.193
89.167,6.012,89.222
89.208,6.011,89.235
89.250,6.012,89.266
89.292,6.012,89.236
89.375,6.012,89.221
89.417,6.013,89.232
89.458,6.012,89.292
89.500,6.014,89.292
89.542,6.014,89.275
89.583,6.016,89.304
89.625,6.014,89.242
89.667,6.014,89.221
89.708,6.014,89.227
89.750,6.013,89.199
89.792,6.015,89.184
89.833,6.014,89.210
89.875,6.016,89.233
89.958,6.012,89.232
90.000,6.013,89.203
90.042,6.014,89.235
90.083,6.012,89.222
90.125,6.012,89.238
90.167,6.012,89.246
90.208,6.012,89.230
90.250,6.012,89.247
90.292,6.014,89.083
90.375,6.012,88.938
90.417,6.011,88.972
90.458,6.016,88.980
90.500,4.264,87.817
90.542,4.263,85.943
90.583,4.262,85.811
90.625,4.263,85.763
90.667,6.014,89.223
90.708,6.013,89.110
90.750,6.013,89.090
90.792,6.014,89.073
90.833,6.015,89.077
90.875,6.014,89.081
90.958,6.013,89.057
91.000,6.013,89.058
91.042,6.013,89.031
91.083,6.013,89.060
91.125,6.013,89.021
91.167,6.011,89.017
91.208,6.012,89.036
91.250,6.012,89.075
91.292,6.012,89.131
91.375,6.013,88.839
91.417,6.012,88.560
91.458,6.013,88.561
91.500,6.014,88.530
91.542,6.015,88.556
91.583,6.014,88.482
91.625,6.015,88.509
91.667,6.014,88.578
91.708,6.015,88.537
91.750,6.014,88.484
91.792,6.013,88.475
91.833,6.014,88.502
91.875,6.013,88.526
91.958,6.014,88.971
92.000,6.013,89.186
92.042,6.013,89.197
92.083,6.011,89.187
92.125,6.013,89.208
92.167,6.012,89.213
92.208,6.015,89.206
92.250,6.013,89.223
92.292,6.012,89.216
92.375,2.760,86.922
92.417,2.759,86.520
92.458,2.759,86.486
92.500,2.760,86.486
92.542,2.760,86.438
92.583,2.760,86.386
92.625,2.759,86.373
92.667,2.759,86.584
92.708,2.759,86.486
92.750,2.758,86.458
92.792,2.758,86.476
92.833,2.759,86.530
92.875,2.759,86.524
92.958,6.043,88.589
93.000,6.013,88.676
93.042,6.012,88.696
93.083,6.012,88.693
93.125,6.012,88.649
93.167,6.012,88.638
93.208,6.012,88.644
93.250,6.015,88.689
93.292,6.014,88.654
93.375,2.760,85.851
93.417,2.760,85.737
93.458,2.760,85.734
93.500,2.761,85.769
93.542,2.761,85.792
93.583,2.761,85.787
93.625,2.760,85.737
93.667,2.760,85.707
93.708,2.759,85.662
93.750,2.758,85.682
93.792,2.758,85.686
93.833,2.758,85.700
93.875,2.758,85.707
93.958,6.043,88.394
94.000,6.010,88.620
94.042,6.012,88.693
94.083,6.011,88.703
94.125,6.013,88.719
94.167,6.012,88.737
94.208,6.014,88.711
94.250,6.013,88.665
94.292,6.014,88.692
94.375,2.760,88.306
94.417,2.759,86.470
94.458,2.760,86.157
94.500,2.760,86.094
94.542,2.760,86.093
94.583,2.760,86.098
94.625,2.759,86.103
94.667,2.760,86.055
94.708,2.760,86.029
94.750,2.760,86.064
94.792,2.759,86.092
94.833,2.758,86.093
94.875,2.759,86.077
94.958,6.012,88.649
95.000,6.013,88.606
95.042,6.012,88.628
95.083,6.013,88.621
95.125,6.012,88.614
95.167,6.013,88.595
95.208,6.012,88.589
95.250,6.013,88.612
95.292,6.013,88.579
95.375,6.013,88.600
95.417,6.013,88.614
95.458,6.014,88.644
95.500,6.014,88.666
95.542,6.015,88.705
95.583,6.014,88.690
95.625,6.016,88.710
95.667,6.015,88.631
95.708,6.016,88.651
95.750,6.015,88.633
95.792,6.016,88.614
95.833,6.013,88.624
95.875,6.014,88.576
95.958,6.014,88.650
96.000,6.013,88.639
96.042,6.015,88.634
96.083,6.013,88.608
96.125,6.014,88.638
96.167,6.013,88.640
96.208,6.012,88.635
96.250,6.014,88.651
96.292,6.014,88.683
96.375,6.014,88.682
96.417,6.013,88.710
96.458,6.014,88.703
96.500,6.014,88.736
96.542,6.014,88.732
96.583,6.013,88.731
96.625,6.014,88.732
96.667,6.013,88.727
96.708,6.014,88.716
96.750,6.015,88.699
96.792,6.015,88.681
96.833,6.015,88.656
96.875,6.015,88.685
96.958,6.012,88.748
97.000,6.013,88.674
97.042,6.013,88.581
97.083,6.012,88.588
97.125,6.011,88.581
97.167,6.014,88.596
97.208,6.012,88.573
97.250,6.012,88.592
97.292,6.012,88.589
97.375,6.012,88.725
97.417,6.014,88.751
97.458,6.014,88.740
97.500,6.013,88.717
97.542,6.013,88.758
97.583,6.013,88.704
97.625,6.014,88.692
97.667,6.015,88.664
97.708,6.014,88.660
97.750,6.012,88.640
97.792,6.014,88.663
97.833,6.014,88.671
97.875,6.013,88.647
97.958,6.012,88.701
98.000,6.014,88.719
98.042,6.013,88.724
98.083,6.014,88.702
98.125,6.013,88.708
98.167,6.014,88.694
98.208,6.012,88.686
98.250,6.013,88.721
98.292,6.011,88.644
98.375,3.678,85.505
98.417,3.676,85.018
98.458,3.065,84.495
98.500,3.064,84.479
98.542,3.064,84.434
98.583,3.065,84.702
98.625,3.065,85.100
98.667,3.066,85.325
98.708,3.065,85.223
98.750,3.066,85.205
98.792,3.065,85.177
98.833,3.064,85.176
98.875,6.010,88.559
98.958,6.009,89.282
99.000,6.010,89.409
99.042,6.010,89.405
99.083,6.009,89.432
99.125,6.009,89.377
99.167,6.010,89.377
99.208,6.011,89.395
99.250,6.010,89.421
99.292,6.010,89.410
99.375,3.064,86.407
99.417,3.064,84.853
99.458,3.064,84.577
99.500,3.064,84.481
99.542,3.064,84.464
99.583,3.064,84.918
99.625,3.065,85.196
99.667,3.064,85.247
99.708,3.065,85.266
99.750,3.064,85.233
99.792,3.062,85.255
99.833,3.063,85.311
99.875,3.063,85.353
99.958,6.011,89.349
100.000,6.010,89.536
100.042,6.010,89.546
100.083,6.010,89.556
100.125,6.011,89.579
100.167,6.011,89.551
100.208,6.010,89.600
100.250,6.012,89.512
100.292,6.011,89.486
100.375,3.063,86.044
100.417,3.064,85.497
100.458,3.064,85.329
100.500,3.064,85.261
100.542,3.063,85.275
100.583,3.064,85.308
100.625,3.064,85.296
100.667,3.064,85.314
100.708,3.065,85.274
100.750,3.064,85.285
100.792,3.065,85.290
100.833,3.063,85.334
100.875,3.063,85.360
100.958,6.011,88.578
101.000,6.011,88.754
101.042,6.013,88.847
101.083,6.012,88.913
101.125,6.013,88.888
101.167,6.012,88.859
101.208,6.012,88.894
101.250,6.012,88.883
101.292,6.014,88.863
101.375,2.455,84.260
101.417,2.453,85.499
101.458,2.454,85.707
101.500,2.453,85.735
101.542,2.454,85.746
101.583,2.455,85.770
101.625,2.454,85.814
101.667,2.454,85.891
101.708,2.455,85.867
101.750,2.452,85.819
101.792,2.452,85.795
101.833,2.452,85.876
101.875,2.452,85.959
101.958,6.011,88.842
102.000,6.011,88.903
102.042,6.012,88.888
102.083,6.013,88.910
102.125,6.012,88.934
102.167,6.012,88.910
102.208,6.013,88.909
102.250,6.011,88.905
102.292,6.012,88.933
102.375,2.454,87.776
102.417,2.454,85.657
102.458,2.453,85.144
102.500,2.453,84.516
102.542,2.453,84.207
102.583,2.453,84.154
102.625,2.453,84.147
102.667,2.453,84.141
102.708,2.454,84.185
102.750,2.453,84.181
102.792,2.453,84.169
102.833,2.452,84.174
102.875,2.453,84.225
102.958,6.011,88.764
103.000,6.013,88.857
103.042,6.011,88.917
103.083,6.011,88.959
103.125,6.012,88.950
103.167,6.014,88.892
103.208,6.012,88.917
103.250,6.012,88.889
103.292,6.015,88.868
103.375,6.014,88.883
103.417,6.013,88.933
103.458,6.014,88.932
103.500,6.014,88.873
103.542,6.013,88.823
103.583,6.015,88.833
103.625,6.013,88.829
103.667,6.014,88.836
103.708,6.014,88.798
103.750,6.014,88.829
103.792,6.015,88.853
103.833,6.015,88.868
103.875,6.015,88.892
103.958,6.014,88.882
104.000,6.014,88.891
104.042,6.014,88.902
104.083,6.014,88.866
104.125,6.013,88.830
104.167,6.014,88.814
104.208,6.012,88.849
104.250,6.014,88.850
104.292,6.013,88.863
104.375,6.014,88.909
104.417,6.014,88.940
104.458,6.014,88.931
104.500,6.015,88.938
104.542,6.015,88.967
104.583,6.015,88.959
104.625,6.015,88.922
104.667,6.016,88.949
104.708,6.016,88.959
104.750,6.016,88.949
104.792,6.015,88.989
104.833,6.014,88.980
104.875,6.015,88.982
104.958,6.013,88.957
105.000,6.013,88.977
105.042,6.014,88.957
105.083,6.015,88.935
105.125,6.014,88.936
105.167,6.015,88.621
105.208,6.013,88.635
105.250,6.010,88.885
105.292,6.011,89.111
105.375,2.455,86.298
105.417,2.453,84.664
105.458,2.453,84.287
105.500,2.454,84.210
105.542,2.454,84.151
105.583,2.454,84.112
105.625,2.454,84.122
105.667,2.454,84.095
105.708,2.454,84.108
105.750,2.453,84.113
105.792,2.454,84.114
105.833,2.454,84.169
105.875,2.454,84.232
105.958,6.014,88.856
106.000,6.012,88.829
106.042,6.013,88.844
106.083,6.014,88.893
106.125,6.013,88.910
106.167,6.013,88.891
106.208,6.014,88.944
106.250,6.015,88.859
106.292,6.015,88.873
106.375,2.454,85.045
106.417,2.454,84.186
106.458,2.454,84.181
106.500,2.454,84.197
106.542,2.455,84.176
106.583,2.454,84.154
106.625,2.454,84.189
106.667,2.454,84.203
106.708,2.454,84.196
106.750,2.454,84.179
106.792,2.453,84.198
106.833,2.454,84.169
106.875,2.455,84.171
106.958,6.012,89.019
107.000,6.012,88.748
107.042,6.012,88.773
107.083,6.013,88.840
107.125,6.014,88.822
107.167,6.011,88.881
107.208,6.012,88.836
107.250,6.012,88.825
107.292,6.013,88.787
107.375,2.454,85.014
107.417,2.454,84.407
107.458,2.454,84.195
107.500,2.453,83.898
107.542,2.454,83.795
107.583,2.454,83.813
107.625,2.454,83.798
107.667,2.454,83.760
107.708,2.453,84.067
107.750,2.453,83.902
107.792,2.453,83.864
107.833,2.453,83.849
107.875,2.453,83.855
107.958,6.011,89.487
108.000,6.013,89.268
108.042,6.013,89.278
108.083,6.014,89.411
108.125,6.014,89.312
108.167,6.014,89.312
108.208,6.014,89.323
108.250,6.014,89.350
108.292,6.013,89.363
108.375,2.454,84.213
108.417,2.454,83.957
108.458,2.454,83.900
108.500,2.454,83.853
108.542,2.453,83.864
108.583,2.454,83.890
108.625,2.453,83.895
108.667,2.454,83.885
108.708,2.454,83.883
108.750,2.453,83.864
108.792,2.453,83.877
108.833,2.454,83.899
108.875,2.453,83.950
108.958,6.012,88.963
109.000,6.012,89.086
109.042,6.014,89.158
109.083,6.014,89.254
109.125,6.013,89.170
109.167,6.013,89.211
109.208,6.015,89.161
109.250,6.015,89.173
109.292,6.013,89.144
109.375,2.454,84.226
109.417,2.455,84.001
109.458,2.454,83.960
109.500,2.455,83.940
109.542,2.454,83.975
109.583,2.454,83.958
109.625,2.454,83.956
109.667,2.454,84.002
109.708,2.453,83.973
109.750,2.453,83.941
109.792,2.453,83.965
109.833,2.453,83.976
109.875,2.454,83.949
109.958,6.013,88.829
110.000,6.013,89.238
110.042,6.015,89.220
110.083,6.015,89.250
110.125,6.014,89.215
110.167,6.015,89.276
110.208,6.014,89.237
110.250,6.014,89.267
110.292,6.016,89.102
110.375,6.015,89.295
110.417,6.016,89.344
110.458,6.014,89.337
110.500,6.016,89.394
110.542,6.017,89.329
110.583,6.018,89.231
110.625,6.017,89.289
110.667,6.019,89.333
110.708,6.017,89.343
110.750,6.018,89.304
110.792,6.016,89.324
110.833,6.016,89.321
110.875,6.015,89.308
110.958,6.017,89.291
111.000,6.014,89.315
111.042,6.014,89.325
111.083,6.012,89.315
111.125,6.015,89.333
111.167,6.013,89.358
111.208,6.012,89.358
111.250,6.013,89.306
111.292,6.014,89.388
111.375,6.014,89.426
111.417,6.015,89.391
111.458,6.016,89.468
111.500,6.017,89.477
111.542,6.018,89.444
111.583,6.016,89.388
111.625,6.015,89.422
111.667,6.017,89.435
111.708,6.018,89.408
111.750,6.019,89.419
111.792,6.016,89.395
111.833,6.014,89.433
111.875,6.014,89.428
111.958,6.015,89.391
112.000,6.014,89.374
112.042,6.015,89.425
112.083,6.015,89.432
112.125,6.015,89.427
112.167,6.014,89.467
112.208,6.014,89.463
112.250,6.014,89.500
112.292,6.014,89.490
112.375,2.760,85.451
112.417,2.760,84.675
112.458,2.761,84.430
112.500,2.760,84.340
112.542,2.761,84.343
112.583,2.760,84.324
112.625,2.760,84.296
112.667,2.760,84.286
112.708,2.760,84.290
112.750,2.760,84.288
112.792,2.759,84.360
112.833,2.759,84.357
112.875,2.759,84.374
112.958,6.013,90.432
113.000,6.014,90.049
113.042,6.014,90.028
113.083,6.012,90.013
113.125,6.013,89.953
113.167,6.012,89.950
113.208,6.011,89.950
113.250,6.012,90.019
113.292,6.012,90.001
113.375,2.760,85.525
113.417,2.759,84.538
113.458,2.759,84.293
113.500,2.759,84.237
113.542,2.759,84.181
113.583,2.759,84.180
113.625,2.758,84.164
113.667,2.759,84.264
113.708,2.759,84.554
113.750,2.759,84.638
113.792,2.758,84.655
113.833,2.759,84.694
113.875,2.759,84.785
113.958,6.010,89.876
114.000,6.011,90.053
114.042,6.012,90.080
114.083,6.013,90.141
114.125,6.013,90.155
114.167,6.013,90.165
114.208,6.015,90.130
114.250,6.015,90.071
114.292,6.014,90.095
114.375,2.760,85.341
114.417,2.760,84.690
114.458,2.760,84.495
114.500,2.761,84.500
114.542,2.760,84.450
114.583,2.760,84.452
114.625,2.759,84.415
114.667,2.758,84.439
114.708,2.757,84.487
114.750,2.757,84.532
114.792,2.757,84.583
114.833,2.758,84.634
114.875,2.758,84.666
114.958,6.011,89.305
115.000,6.013,89.745
115.042,6.014,89.836
115.083,6.014,89.882
115.125,6.013,89.822
115.167,6.013,89.808
115.208,6.014,89.844
115.250,6.014,89.768
115.292,6.014,89.743
115.375,2.760,86.898
115.417,2.758,84.719
115.458,2.758,84.409
115.500,2.757,84.361
115.542,2.758,84.368
115.583,2.757,84.400
115.625,2.758,84.471
115.667,2.758,84.552
115.708,2.758,84.522
115.750,2.758,84.562
115.792,2.759,84.558
115.833,2.758,84.542
115.875,2.759,84.544
115.958,6.013,89.633
116.000,6.012,89.753
116.042,6.013,89.793
116.083,6.014,89.870
116.125,6.013,89.787
116.167,6.013,89.831
116.208,6.015,89.643
116.250,6.014,89.715
116.292,6.011,89.499
116.375,2.758,85.904
116.417,2.757,84.623
116.458,2.756,83.994
116.500,2.755,83.906
116.542,2.756,83.920
116.583,2.757,83.921
116.625,2.757,83.901
116.667,2.757,83.894
116.708,2.757,83.875
116.750,2.756,83.913
116.792,2.758,83.964
116.833,2.757,83.971
116.875,2.757,84.076
116.958,6.010,89.508
117.000,6.012,89.857
117.042,6.013,89.933
117.083,6.013,89.936
117.125,6.012,89.887
117.167,6.012,89.883
117.208,6.011,89.936
117.250,6.011,89.863
117.292,6.012,89.914
117.375,6.014,89.925
117.417,6.013,89.917
117.458,6.013,89.910
117.500,6.015,89.880
117.542,6.014,89.871
117.583,6.014,89.866
117.625,6.016,89.838
117.667,6.015,89.827
117.708,6.014,89.843
117.750,6.016,89.842
117.792,6.014,89.866
117.833,6.013,89.855
117.875,6.014,89.850
117.958,6.012,89.856
118.000,6.014,89.856
118.042,6.013,89.846
118.083,6.014,89.852
118.125,6.013,89.850
118.167,6.012,89.837
118.208,6.012,89.882
118.250,6.011,89.846
118.292,6.014,89.598
118.375,6.014,89.527
118.417,6.014,89.526
118.458,6.015,89.573
118.500,6.015,89.592
118.542,6.013,89.500
118.583,6.015,89.564
118.625,6.012,89.566
118.667,6.013,89.577
118.708,6.013,89.528
118.750,6.014,89.590
118.792,6.014,89.551
118.833,6.014,89.543
118.875,6.014,89.511
118.958,6.015,89.441
119.000,6.014,89.448
119.042,6.013,89.477
119.083,6.014,89.497
119.125,6.013,89.515
119.167,6.013,89.513
119.208,6.012,89.529
119.250,6.013,89.538
119.292,6.014,89.530
119.375,2.760,84.192
119.417,2.760,83.943
119.458,2.759,83.907
119.500,2.759,83.960
119.542,2.759,83.955
119.583,2.758,83.978
119.625,2.759,84.067
119.667,2.759,84.186
119.708,2.758,84.161
119.750,2.758,84.153
119.792,2.759,84.225
119.833,2.758,84.289
119.875,2.759,84.278
119.958,5.490,88.206
120.000,5.491,88.487
120.042,5.491,88.538
120.083,5.491,88.500
120.125,5.490,88.495
120.167,5.490,88.492
120.208,5.491,88.485
120.250,5.489,88.481
120.292,5.490,88.451
120.375,5.490,88.433
120.417,5.490,88.417
120.458,5.490,88.424
120.500,5.491,88.488
120.542,5.491,88.500
120.583,5.493,88.496
120.625,5.492,88.512
120.667,5.493,88.474
120.708,5.492,88.452
120.750,5.492,88.457
120.792,5.491,88.451
120.833,5.491,88.392
120.875,5.491,88.427
120.958,5.493,88.445
121.000,5.491,88.466
121.042,5.491,88.486
121.083,5.490,88.470
121.125,5.490,88.419
121.167,5.489,88.423
121.208,5.490,88.427
121.250,5.489,88.464
121.292,5.490,88.443
121.375,5.490,88.448
121.417,5.490,88.480
121.458,5.492,88.471
121.500,5.492,88.500
121.542,5.493,88.473
121.583,5.494,88.470
121.625,5.493,88.429
121.667,5.493,88.435
121.708,5.492,88.424
121.750,5.492,88.452
121.792,5.492,88.437
121.833,5.493,88.446
121.875,5.491,88.418
121.958,5.493,88.412
122.000,5.493,88.385
122.042,5.491,88.379
122.083,5.492,88.389
122.125,5.492,88.384
122.167,5.490,88.476
122.208,5.491,88.457
122.250,5.491,88.507
122.292,5.491,88.503
122.375,5.491,88.373
122.417,5.491,88.410
122.458,5.493,88.438
122.500,5.492,88.417
122.542,5.497,88.483
122.583,5.493,88.412
122.625,5.492,88.365
122.667,5.492,88.370
122.708,5.492,88.342
122.750,5.493,88.380
122.792,5.492,88.418
122.833,5.490,88.401
122.875,5.491,88.433
122.958,5.490,88.405
123.000,5.489,88.511
123.042,5.490,88.488
123.083,5.489,88.472
123.125,5.488,88.416
123.167,5.490,88.433
123.208,5.491,88.438
123.250,5.490,88.447
123.292,5.490,88.460
123.375,5.490,88.486
123.417,5.490,88.409
123.458,5.490,88.363
123.500,5.491,88.372
123.542,5.493,88.405
123.583,5.491,88.352
123.625,5.493,88.198
123.667,5.492,88.147
123.708,5.491,88.201
123.750,5.490,88.211
123.792,5.489,88.156
123.833,5.488,88.252
123.875,5.488,88.307
123.958,5.490,88.385
124.000,5.490,88.382
124.042,5.490,88.359
124.083,5.489,88.331
124.125,5.490,88.310
124.167,5.491,88.309
124.208,5.491,88.316
124.250,5.489,88.294
124.292,3.065,84.215
124.375,3.065,84.929
124.417,3.066,84.965
124.458,3.065,85.018
124.500,3.065,85.041
124.542,3.065,85.085
124.583,3.066,85.106
124.625,3.064,85.074
124.667,3.064,85.082
124.708,3.063,85.088
124.750,3.064,85.091
124.792,3.064,85.108
124.833,3.065,85.137
124.875,3.064,85.039
124.958,3.064,85.095
125.000,3.064,85.130
125.042,3.065,85.158
125.083,3.062,85.159
125.125,3.063,85.226
125.167,3.064,85.268
125.208,3.065,85.205
125.250,3.063,85.275
125.292,3.065,85.322
125.375,5.491,89.013
125.417,5.490,88.761
125.458,5.492,88.764
125.500,5.491,88.777
125.542,5.491,88.760
125.583,5.493,88.763
125.625,5.492,88.748
125.667,5.491,88.755
125.708,5.491,88.776
125.750,5.491,88.739
125.792,5.489,88.815
125.833,5.491,88.701
125.875,5.491,88.704
125.958,5.491,88.749
126.000,5.489,88.787
126.042,5.491,88.749
126.083,5.489,88.762
126.125,5.490,88.800
126.167,5.489,88.840
126.208,5.490,88.866
126.250,5.490,88.833
126.292,5.490,88.854
126.375,3.064,85.414
126.417,3.064,84.723
126.458,3.064,84.574
126.500,3.064,84.631
126.542,3.064,84.639
126.583,3.063,84.709
126.625,3.062,84.696
126.667,3.064,84.719
126.708,3.063,84.701
126.750,3.063,84.745
126.792,3.063,84.557
126.833,3.062,84.644
126.875,3.062,84.708
126.958,5.487,88.500
127.000,5.488,88.725
127.042,5.489,88.795
127.083,5.489,88.802
127.125,5.489,88.805
127.167,5.489,88.812
127.208,5.490,88.837
127.250,5.489,88.793
127.292,5.491,88.787
127.375,3.064,85.270
127.417,3.065,84.759
127.458,3.065,84.606
127.500,3.064,84.581
127.542,3.064,84.551
127.583,3.064,84.614
127.625,3.064,84.664
127.667,3.065,84.661
127.708,3.064,84.638
127.750,3.064,84.662
127.792,3.063,84.680
127.833,3.063,84.898
127.875,3.065,85.064
127.958,5.486,88.610
128.000,5.488,88.852
128.042,5.489,88.901
128.083,5.490,88.909
128.125,5.489,88.888
128.167,5.488,88.874
128.208,5.489,88.794
128.250,5.488,88.846
128.292,5.490,88.829
128.375,3.064,85.856
128.417,3.064,84.891
128.458,3.064,84.676
128.500,3.064,84.550
128.542,3.064,84.541
128.583,3.064,84.539
128.625,3.065,84.558
128.667,3.063,84.749
128.708,3.065,84.685
128.750,3.065,84.670
128.792,3.065,84.711
128.833,3.064,84.702
128.875,3.064,84.700
128.958,5.491,87.941
129.000,5.490,88.143
129.042,5.491,88.123
129.083,5.491,88.242
129.125,5.490,88.233
129.167,5.490,88.157
129.208,5.490,88.189
129.250,5.491,88.156
129.292,5.490,88.116
129.375,2.759,86.852
129.417,2.759,85.564
129.458,2.759,85.389
129.500,2.760,85.338
129.542,2.759,85.303
129.583,2.759,85.305
129.625,2.760,85.343
129.667,2.759,85.264
129.708,2.759,85.276
129.750,2.759,85.397
129.792,2.759,85.401
129.833,2.758,85.426
129.875,2.758,85.460
129.958,5.490,88.799
130.000,5.489,88.812
130.042,5.490,88.820
130.083,5.490,88.825
130.125,5.490,88.900
130.167,5.489,88.884
130.208,5.489,88.887
130.250,5.490,88.838
130.292,5.491,88.865
130.375,3.065,85.435
130.417,3.066,84.817
130.458,3.065,84.694
130.500,3.064,84.624
130.542,3.065,84.653
130.583,3.064,84.707
130.625,3.064,84.710
130.667,3.064,84.730
130.708,3.064,84.704
130.750,3.062,84.610
130.792,3.062,84.696
130.833,3.061,84.740
130.875,3.062,84.710
130.958,5.489,88.866
131.000,5.490,89.012
131.042,5.489,89.033
131.083,5.488,89.088
131.125,5.488,89.163
131.167,5.487,89.197
131.208,5.488,89.077
131.250,5.488,88.967
131.292,5.490,88.953
131.375,5.491,88.981
131.417,5.490,88.948
131.458,5.490,88.950
131.500,5.489,88.916
131.542,5.489,88.910
131.583,5.489,88.909
131.625,5.490,88.842
131.667,5.487,88.612
131.708,5.488,88.662
131.750,5.486,88.734
131.792,5.486,88.814
131.833,5.487,88.945
131.875,5.487,88.899
131.958,5.488,88.901
132.000,5.487,88.911
132.042,5.487,88.886
132.083,5.488,88.936
132.125,5.487,88.948
132.167,5.487,88.956
132.208,5.488,88.932
132.250,5.486,88.936
132.292,5.487,88.895
132.375,5.487,88.943
132.417,5.487,88.933
132.458,5.489,88.958
132.500,5.488,88.969
132.542,5.489,88.944
132.583,5.488,88.910
132.625,5.490,88.847
132.667,5.489,88.844
132.708,5.491,88.902
132.750,5.491,88.900
132.792,5.489,88.923
132.833,5.490,88.927
132.875,5.492,88.963
132.958,5.489,88.943
133.000,5.490,88.936
133.042,5.490,88.930
133.083,5.490,88.926
133.125,5.488,88.904
133.167,5.489,88.917
133.208,5.491,88.890
133.250,5.489,88.894
133.292,5.489,88.874
133.375,3.065,86.048
133.417,3.062,85.574
133.458,3.064,85.501
133.500,3.064,85.514
133.542,3.065,85.498
133.583,3.065,85.518
133.625,3.064,85.503
133.667,3.064,85.486
133.708,3.063,85.477
133.750,3.062,85.499
133.792,3.062,85.512
133.833,3.062,85.619
133.875,3.062,86.292
133.958,6.009,90.104
134.000,6.010,89.971
134.042,6.013,89.994
134.083,6.012,89.846
134.125,6.011,89.793
134.167,6.009,89.827
134.208,6.010,89.819
134.250,6.011,89.774
134.292,6.012,89.808
134.375,3.062,86.208
134.417,3.063,85.575
134.458,3.063,85.457
134.500,3.065,85.491
134.542,3.065,85.567
134.583,3.064,85.537
134.625,3.065,85.503
134.667,3.065,85.725
134.708,3.064,85.610
134.750,3.065,85.593
134.792,3.064,85.743
134.833,3.063,86.022
134.875,3.063,86.123
134.958,6.009,90.289
135.000,6.009,89.801
135.042,6.009,89.756
135.083,6.009,89.767
135.125,6.008,89.845
135.167,6.010,89.920
135.208,6.010,89.948
135.250,6.009,89.940
135.292,6.009,89.914
135.375,6.011,89.856
135.417,6.010,89.772
135.458,6.011,89.843
135.500,6.013,89.852
135.542,6.013,89.871
135.583,6.013,89.865
135.625,6.014,89.886
135.667,6.015,89.800
135.708,6.013,89.799
135.750,6.011,89.821
135.792,6.012,90.030
135.833,6.012,89.761
135.875,6.011,89.792
135.958,6.013,89.781
136.000,6.011,89.776
136.042,6.012,89.761
136.083,6.011,89.769
136.125,6.011,89.725
136.167,6.011,89.729
136.208,6.011,89.730
136.250,6.011,89.738
136.292,6.011,89.708
136.375,6.011,89.634
136.417,6.012,89.659
136.458,6.013,89.781
136.500,6.014,89.884
136.542,6.015,89.848
136.583,6.017,89.797
136.625,6.017,89.711
136.667,6.015,89.619
136.708,6.013,89.627
136.750,6.013,89.625
136.792,6.013,89.623
136.833,6.012,89.688
136.875,6.010,89.653
136.958,6.013,89.676
137.000,6.013,89.745
137.042,6.012,89.725
137.083,6.012,89.689
137.125,6.012,89.672
137.167,6.012,89.660
137.208,6.012,89.654
137.250,6.010,89.697
137.292,6.011,89.688
137.375,6.012,89.689
137.417,2.758,85.827
137.458,2.758,84.882
137.500,2.758,84.660
137.542,2.758,84.629
137.583,2.758,84.649
137.625,2.758,84.653
137.667,2.758,84.681
137.708,2.758,84.672
137.750,2.757,84.690
137.792,2.757,84.667
137.833,2.757,84.708
137.875,2.757,84.707
137.958,6.011,89.253
138.000,6.013,89.937
138.042,6.014,90.023
138.083,6.013,89.994
138.125,6.012,90.036
138.167,6.012,90.008
138.208,6.012,89.965
138.250,6.012,89.962
138.292,6.012,89.916
138.375,6.011,89.954
138.417,6.011,89.941
138.458,6.013,89.918
138.500,6.013,89.911
138.542,6.014,89.876
138.583,6.014,89.891
138.625,6.012,89.897
138.667,6.012,89.908
138.708,6.013,89.919
138.750,6.013,89.913
138.792,6.013,89.909
138.833,6.014,89.924
138.875,6.014,89.878
138.958,6.013,89.901
139.000,6.012,89.927
139.042,6.012,89.923
139.083,6.013,89.900
139.125,6.013,89.895
139.167,6.012,89.863
139.208,6.011,89.921
139.250,6.012,89.937
139.292,6.011,89.961
139.375,6.012,89.959
139.417,6.012,89.942
139.458,6.012,89.964
139.500,6.014,89.952
139.542,6.013,89.927
139.583,6.012,89.980
139.625,6.014,89.919
139.667,6.014,89.925
139.708,6.014,89.954
139.750,6.014,89.935
139.792,6.014,89.972
139.833,6.013,89.948
139.875,6.014,89.965
139.958,6.012,89.960
140.000,6.014,89.984
140.042,6.014,89.964
140.083,6.014,89.934
140.125,6.015,89.940
140.167,6.012,89.902
140.208,6.013,89.891
140.250,6.012,89.953
140.292,6.012,89.918
140.375,4.229,89.236
140.417,3.062,86.805
140.458,3.064,86.659
140.500,3.065,86.868
140.542,3.066,86.859
140.583,3.068,86.990
140.625,3.067,87.029
140.667,3.066,86.921
140.708,3.065,87.012
140.750,3.066,86.911
140.792,3.066,86.976
140.833,3.065,86.939
140.875,3.064,86.932
140.958,6.012,90.215
141.000,6.013,90.001
141.042,6.014,90.091
141.083,6.013,90.061
141.125,6.013,90.082
141.167,6.012,90.060
141.208,6.012,90.020
141.250,6.011,90.011
141.292,6.011,89.974
141.375,3.678,86.261
141.417,3.678,85.458
141.458,3.678,85.449
141.500,3.679,85.464
141.542,3.679,85.673
141.583,3.678,85.696
141.625,3.678,85.761
141.667,3.678,85.825
141.708,3.678,85.855
141.750,3.677,85.810
141.792,3.678,85.848
141.833,3.678,85.972
141.875,3.677,85.981
141.958,6.012,89.823
142.000,6.013,89.905
142.042,6.012,89.929
142.083,6.013,89.898
142.125,6.013,89.947
142.167,6.014,89.893
142.208,6.013,89.834
142.250,6.013,89.857
142.292,6.015,89.950
142.375,6.015,89.872
142.417,6.014,89.893
142.458,6.012,89.871
142.500,6.015,89.796
142.542,6.015,89.699
142.583,6.013,89.676
142.625,6.013,89.683
142.667,6.014,89.715
142.708,6.014,89.750
142.750,6.013,89.709
142.792,6.014,89.795
142.833,6.013,89.847
142.875,6.014,89.823
142.958,6.012,89.741
143.000,6.013,89.741
143.042,6.013,89.746
143.083,6.012,89.471
143.125,6.010,89.499
143.167,6.010,89.555
143.208,6.010,89.659
143.250,6.010,89.795
143.292,6.010,89.848
143.375,6.010,89.508
143.417,6.008,89.537
143.458,6.010,89.261
143.500,6.009,88.057
143.542,6.010,87.796
143.583,6.010,88.048
143.625,6.011,88.451
143.667,6.011,88.455
143.708,6.011,87.677
143.750,6.012,88.066
143.792,6.012,89.032
143.833,6.010,89.090
143.875,6.012,89.097
143.958,6.009,88.968
144.000,6.011,89.022
144.042,6.011,89.059
144.083,6.012,89.068
144.125,6.011,89.081
144.167,6.011,89.128
144.208,6.012,89.119
144.250,6.012,89.113
144.292,6.012,89.101
144.375,6.011,89.106
144.417,6.012,89.170
144.458,6.012,89.191
144.500,6.013,89.608
144.542,6.013,89.631
144.583,6.014,89.596
144.625,6.014,89.543
144.667,6.015,89.502
144.708,6.016,89.524
144.750,6.016,89.517
144.792,6.014,89.532
144.833,6.015,89.538
144.875,6.016,89.536
144.958,6.016,89.529
145.000,6.015,89.572
145.042,6.012,89.472
145.083,6.012,89.377
145.125,6.010,89.502
145.167,6.011,89.509
145.208,6.011,89.557
145.250,6.011,89.506
145.292,6.011,89.551
145.375,6.013,89.628
145.417,6.012,89.659
145.458,6.013,89.671
145.500,6.015,89.648
145.542,6.013,89.656
145.583,6.013,89.657
145.625,6.014,89.604
145.667,6.013,89.565
145.708,6.013,89.585
145.750,6.013,89.573
145.792,6.011,89.599
145.833,6.013,89.666
145.875,6.013,89.664
145.958,6.014,89.630
146.000,6.013,89.659
146.042,6.013,89.670
146.083,6.014,89.686
146.125,6.013,89.648
146.167,6.012,89.635
146.208,6.012,89.661
146.250,6.011,89.654
146.292,6.014,89.621
146.375,6.012,89.669
146.417,6.013,89.694
146.458,6.012,89.682
146.500,6.013,89.658
146.542,6.014,89.699
146.583,6.014,89.657
146.625,6.015,89.634
146.667,6.015,89.621
146.708,6.014,89.584
146.750,6.016,89.594
146.792,6.014,89.637
146.833,6.014,89.636
146.875,6.013,89.585
146.958,6.012,89.704
147.000,6.012,89.681
147.042,6.012,89.676
147.083,6.013,89.685
147.125,6.010,89.671
147.167,6.013,89.671
147.208,6.013,89.641
147.250,6.013,89.582
147.292,6.013,89.485
147.375,4.262,86.525
147.417,4.262,86.668
147.458,4.260,86.652
147.500,4.262,86.738
147.542,4.262,86.793
147.583,4.263,86.792
147.625,4.262,86.733
147.667,4.263,86.763
147.708,4.264,86.805
147.750,4.263,86.838
147.792,4.262,86.945
147.833,4.262,86.941
147.875,4.262,86.944
147.958,6.010,89.760
148.000,6.012,89.790
148.042,6.011,89.812
148.083,6.013,89.792
148.125,6.013,89.768
148.167,6.012,89.808
148.208,6.012,89.842
148.250,6.012,89.848
148.292,6.011,89.848
148.375,4.261,87.222
148.417,4.261,87.072
148.458,4.261,87.086
148.500,4.262,87.155
148.542,4.263,87.138
148.583,4.261,87.105
148.625,4.261,87.112
148.667,4.261,87.137
148.708,4.261,87.115
148.750,4.261,87.094
148.792,4.262,87.128
148.833,4.261,87.158
148.875,4.261,87.171
148.958,6.014,89.546
149.000,6.013,89.579
149.042,6.014,89.653
149.083,6.012,89.725
149.125,6.015,89.731
149.167,6.012,89.596
149.208,6.013,89.542
149.250,6.012,89.573
149.292,6.013,89.537
149.375,4.294,86.602
149.417,4.294,86.384
149.458,4.294,86.391
149.500,4.294,86.381
149.542,4.294,86.449
149.583,4.295,86.473
149.625,4.293,86.450
149.667,4.294,86.484
149.708,4.293,86.478
149.750,4.294,86.512
149.792,4.294,86.495
149.833,4.294,86.466
149.875,4.295,86.441
149.958,6.013,89.477
150.000,6.013,89.646
150.042,6.013,89.634
150.083,6.012,89.584
150.125,6.013,89.536
150.167,6.013,89.556
150.208,6.012,89.578
150.250,6.011,89.565
150.292,6.012,89.604
150.375,6.014,89.615
150.417,6.013,89.608
150.458,6.013,89.608
150.500,6.012,89.646
150.542,6.012,89.693
150.583,6.014,89.683
150.625,6.015,89.635
150.667,6.014,89.559
150.708,6.014,89.542
150.750,6.014,89.488
150.792,6.014,89.526
150.833,6.014,89.601
150.875,6.012,89.595
150.958,6.013,89.583
151.000,6.014,89.558
151.042,6.014,89.552
151.083,6.014,89.538
151.125,6.014,89.528
151.167,6.013,89.514
151.208,6.012,89.500
151.250,6.013,89.524
151.292,6.014,89.719
151.375,3.678,86.879
151.417,3.677,86.598
151.458,3.678,86.599
151.500,3.678,86.617
151.542,3.678,86.635
151.583,3.679,86.636
151.625,3.680,86.658
151.667,3.679,86.592
151.708,3.680,86.621
151.750,3.678,86.612
151.792,3.678,86.614
151.833,3.679,86.634
151.875,3.679,86.655
151.958,6.012,89.607
152.000,6.013,89.728
152.042,6.012,89.731
152.083,6.013,89.740
152.125,6.013,89.743
152.167,6.013,89.782
152.208,6.012,89.776
152.250,6.014,89.779
152.292,6.015,89.739
152.375,6.013,89.721
152.417,6.013,89.705
152.458,6.015,89.728
152.500,6.013,89.719
152.542,6.012,89.730
152.583,6.014,89.744
152.625,6.015,89.745
152.667,6.014,89.726
152.708,6.013,89.672
152.750,6.013,89.712
152.792,6.014,89.765
152.833,6.013,89.793
152.875,6.013,89.754
152.958,6.014,89.756
153.000,6.013,89.753
153.042,6.015,89.702
153.083,6.014,89.644
153.125,6.014,89.629
153.167,6.015,89.679
153.208,6.014,89.680
153.250,6.014,89.645
153.292,6.014,89.674
153.375,6.014,89.596
153.417,6.014,89.630
153.458,6.014,89.655
153.500,6.014,89.669
153.542,6.014,89.678
153.583,6.015,89.701
153.625,6.015,89.640
153.667,6.014,89.640
153.708,6.015,89.647
153.750,6.013,89.662
153.792,6.015,89.675
153.833,6.014,89.681
153.875,6.013,89.712
153.958,6.016,89.710
154.000,6.016,89.663
154.042,6.017,89.680
154.083,6.016,89.670
154.125,6.014,89.639
154.167,6.014,89.661
154.208,6.014,89.649
154.250,6.013,89.644
154.292,6.014,89.681
154.375,3.064,85.046
154.417,3.064,84.703
154.458,3.064,84.718
154.500,3.063,84.625
154.542,3.370,85.295
154.583,3.370,85.912
154.625,3.370,86.002
154.667,3.370,85.989
154.708,3.065,85.001
154.750,3.064,84.915
154.792,3.062,84.813
154.833,3.063,84.919
154.875,3.063,84.905
154.958,6.010,89.463
155.000,6.011,89.837
155.042,6.011,89.883
155.083,6.011,89.871
155.125,6.010,89.855
155.167,6.012,89.815
155.208,6.012,89.755
155.250,6.011,89.709
155.292,6.014,89.583
155.375,3.063,85.676
155.417,3.062,85.387
155.458,3.369,85.383
155.500,3.368,85.900
155.542,3.368,86.058
155.583,3.674,86.878
155.625,3.063,86.414
155.667,3.063,85.904
155.708,3.063,85.714
155.750,3.063,85.663
155.792,3.063,85.628
155.833,3.064,85.614
155.875,3.063,85.575
155.958,6.010,89.575
156.000,6.009,89.800
156.042,6.010,89.776
156.083,6.009,89.801
156.125,6.010,89.845
156.167,6.012,89.757
156.208,6.010,89.755
156.250,6.011,89.788
156.292,6.012,89.763
156.375,3.065,85.805
156.417,3.063,85.639
156.458,3.063,85.650
156.500,3.063,85.654
156.542,3.064,85.727
156.583,3.064,85.753
156.625,3.064,85.759
156.667,3.064,85.796
156.708,3.064,85.759
156.750,3.063,85.701
156.792,3.063,85.675
156.833,3.063,85.833
156.875,3.062,85.914
156.958,6.010,89.827
157.000,6.012,89.901
157.042,6.011,89.877
157.083,6.011,89.920
157.125,6.012,89.928
157.167,6.011,89.941
157.208,6.010,89.916
157.250,6.011,89.866
157.292,6.010,89.804
157.375,3.063,85.924
157.417,3.064,85.697
157.458,3.064,85.665
157.500,3.064,85.679
157.542,3.065,85.745
157.583,3.065,85.769
157.625,3.063,85.811
157.667,3.066,85.762
157.708,3.064,85.804
157.750,3.063,85.859
157.792,3.064,85.838
157.833,3.064,85.839
157.875,3.064,85.844
157.958,6.012,90.139
158.000,6.012,89.892
158.042,6.012,89.920
158.083,6.011,89.919
158.125,6.009,89.886
158.167,6.010,89.852
158.208,6.010,89.851
158.250,6.012,89.842
158.292,6.010,89.786
158.375,2.452,85.967
158.417,2.452,85.477
158.458,2.452,85.128
158.500,2.452,85.075
158.542,2.452,85.124
158.583,2.452,85.157
158.625,2.452,85.136
158.667,2.452,85.403
158.708,2.453,85.316
158.750,2.452,85.235
158.792,2.452,85.188
158.833,2.451,85.167
158.875,2.451,85.084
158.958,5.793,89.879
159.000,5.795,89.676
159.042,5.795,89.617
159.083,5.795,89.592
159.125,5.795,89.596
159.167,5.796,89.570
159.208,5.797,89.548
159.250,5.795,89.549
159.292,5.797,89.542
159.375,5.797,89.521
159.417,5.798,89.526
159.458,5.798,89.515
159.500,5.797,89.557
159.542,5.797,89.570
159.583,5.798,89.564
159.625,5.797,89.561
159.667,5.798,89.523
159.708,5.796,89.345
159.750,5.796,89.480
159.792,5.794,89.536
159.833,5.795,89.581
159.875,5.796,89.522
159.958,5.796,89.522
160.000,5.795,89.554
160.042,5.795,89.532
160.083,5.795,89.542
160.125,5.796,89.539
160.167,5.794,89.515
160.208,5.795,89.525
160.250,5.794,89.520
160.292,5.796,89.521
160.375,5.796,89.530
160.417,5.796,89.524
160.458,5.797,89.563
160.500,5.797,89.540
160.542,5.798,89.562
160.583,5.797,89.527
160.625,5.797,89.540
160.667,5.798,89.526
160.708,5.796,89.551
160.750,5.799,89.527
160.792,5.799,89.495
160.833,5.798,89.506
160.875,5.798,89.517
160.958,5.797,89.526
161.000,5.797,89.515
161.042,5.796,89.472
161.083,5.797,89.581
161.125,5.796,89.569
161.167,5.796,89.584
161.208,5.796,89.573
161.250,5.797,89.569
161.292,5.796,89.590
161.375,2.453,85.748
161.417,2.740,84.984
161.458,3.064,86.890
161.500,3.062,86.341
161.542,3.062,86.503
161.583,3.062,86.642
161.625,3.063,86.585
161.667,3.063,86.732
161.708,3.063,86.855
161.750,3.063,86.924
161.792,3.063,86.692
161.833,3.062,86.862
161.875,3.061,87.035
161.958,6.010,89.295
162.000,6.011,89.250
162.042,6.012,89.299
162.083,6.012,89.258
162.125,6.011,89.267
162.167,6.011,89.288
162.208,6.012,89.337
162.250,6.012,89.315
162.292,6.011,88.962
162.375,3.063,85.880
162.417,3.063,86.035
162.458,3.064,86.073
162.500,3.065,86.089
162.542,3.065,86.045
162.583,3.063,86.053
162.625,3.064,86.094
162.667,3.065,86.127
162.708,3.063,86.052
162.750,3.676,86.702
162.792,2.452,84.899
162.833,2.451,84.155
162.875,2.452,84.032
162.958,6.011,88.783
163.000,6.011,89.198
163.042,6.012,89.257
163.083,6.012,89.328
163.125,6.012,89.259