DOL,CD,FI3312A
1.000,6.011,28.951
1.042,6.011,29.264
1.083,6.010,29.071
1.125,6.011,28.901
1.167,6.010,29.470
1.208,6.010,28.899
1.250,6.009,29.830
1.292,6.010,29.386
1.375,6.012,28.743
1.417,6.011,29.800
1.458,6.011,29.270
1.500,6.012,29.961
1.542,6.012,29.879
1.583,6.012,29.725
1.625,6.013,29.813
1.667,6.013,29.557
1.708,6.012,29.290
1.750,6.012,29.925
1.792,6.010,29.241
1.833,6.010,29.681
1.875,6.010,29.142
1.958,6.010,29.298
2.000,6.011,29.059
2.042,6.011,29.117
2.083,6.013,29.427
2.125,6.010,29.546
2.167,6.013,29.228
2.208,6.011,29.797
2.250,6.011,29.202
2.292,6.010,29.889
2.375,6.009,30.111
2.417,6.011,29.567
2.458,6.011,30.072
2.500,6.011,29.515
2.542,6.011,29.994
2.583,6.012,29.883
2.625,6.012,30.079
2.667,6.011,29.927
2.708,6.011,30.014
2.750,6.011,29.860
2.792,6.010,29.207
2.833,6.011,30.153
2.875,6.010,29.336
2.958,6.011,29.938
3.000,6.011,29.709
3.042,6.011,29.848
3.083,6.012,29.865
3.125,6.010,29.822
3.167,6.010,29.350
3.208,6.011,29.032
3.250,6.010,29.507
3.292,6.010,29.250
3.375,6.009,29.188
3.417,6.010,29.134
3.458,6.010,30.097
3.500,6.012,29.530
3.542,6.011,29.899
3.583,5.060,29.387
3.625,3.677,19.479
3.667,4.046,23.984
3.708,6.012,28.577
3.750,6.011,28.484
3.792,6.010,28.446
3.833,6.011,28.329
3.875,6.010,27.753
3.958,6.010,28.433
4.000,6.010,28.556
4.042,6.009,28.170
4.083,6.012,28.441
4.125,6.009,28.648
4.167,6.010,28.739
4.208,6.010,28.685
4.250,6.010,28.684
4.292,6.010,28.042
4.375,6.012,28.647
4.417,6.011,28.417
4.458,6.013,28.206
4.500,6.014,28.456
4.542,6.014,28.625
4.583,6.014,28.144
4.625,6.014,28.357
4.667,6.013,28.299
4.708,6.012,28.677
4.750,6.012,28.317
4.792,6.011,28.421
4.833,6.011,28.425
4.875,6.011,28.584
4.958,6.010,28.543
5.000,6.010,28.699
5.042,6.010,28.726
5.083,6.011,28.474
5.125,6.011,28.203
5.167,6.011,28.749
5.208,6.010,28.584
5.250,6.011,28.536
5.292,6.011,28.668
5.375,6.012,28.322
5.417,6.012,28.105
5.458,6.013,28.082
5.500,6.014,28.614
5.542,6.011,28.229
5.583,6.013,28.162
5.625,6.013,28.717
5.667,6.012,28.133
5.708,6.012,28.385
5.750,6.012,28.042
5.792,6.011,28.329
5.833,6.011,28.327
5.875,6.012,28.382
5.958,6.013,28.440
6.000,6.013,28.840
6.042,6.012,28.451
6.083,6.012,28.558
6.125,6.013,28.407
6.167,6.010,28.575
6.208,6.012,28.434
6.250,6.013,28.526
6.292,6.012,27.914
6.375,6.013,28.344
6.417,6.013,28.152
6.458,6.013,28.672
6.500,6.014,28.268
6.542,6.012,28.547
6.583,6.014,28.533
6.625,6.015,28.676
6.667,6.014,28.669
6.708,6.014,28.709
6.750,6.013,28.440
6.792,6.014,28.378
6.833,6.015,27.937
6.875,6.014,28.757
6.958,6.012,28.627
7.000,6.014,28.269
7.042,6.012,28.679
7.083,6.011,28.002
7.125,6.011,28.409
7.167,6.012,28.631
7.208,6.011,28.049
7.250,6.012,28.019
7.292,6.011,28.472
7.375,4.293,21.429
7.417,4.261,21.012
7.458,4.260,21.204
7.500,4.261,20.972
7.542,4.261,20.943
7.583,4.260,21.051
7.625,4.262,21.199
7.667,4.261,21.199
7.708,4.260,21.132
7.750,4.260,21.202
7.792,4.260,20.859
7.833,4.260,21.158
7.875,4.260,20.921
7.958,6.011,29.296
8.000,6.012,29.263
8.042,6.011,29.439
8.083,6.011,29.432
8.125,6.009,29.368
8.167,6.010,29.432
8.208,6.009,29.070
8.250,6.009,29.342
8.292,6.011,29.524
8.375,6.010,29.266
8.417,6.010,29.445
8.458,6.011,29.362
8.500,6.011,29.362
8.542,6.011,29.376
8.583,6.012,29.405
8.625,6.012,29.501
8.667,6.012,29.420
8.708,6.011,29.432
8.750,6.011,29.492
8.792,6.011,29.440
8.833,6.011,29.367
8.875,6.011,29.387
8.958,6.014,29.651
9.000,6.010,29.713
9.042,6.011,29.678
9.083,6.011,29.071
9.125,6.014,29.342
9.167,6.012,29.572
9.208,6.012,29.480
9.250,6.011,29.570
9.292,6.011,29.608
9.375,6.012,29.546
9.417,6.013,29.434
9.458,6.014,29.722
9.500,6.013,29.646
9.542,6.013,29.686
9.583,6.012,29.553
9.625,6.013,29.561
9.667,6.013,29.594
9.708,6.013,29.489
9.750,6.012,29.687
9.792,6.011,29.799
9.833,6.011,29.747
9.875,6.011,29.646
9.958,6.011,29.567
10.000,6.009,29.634
10.042,6.010,29.689
10.083,6.012,29.766
10.125,6.011,29.016
10.167,6.010,29.659
10.208,6.013,29.651
10.250,6.011,29.542
10.292,6.011,29.754
10.375,6.012,29.660
10.417,6.012,29.614
10.458,6.012,29.651
10.500,6.012,29.629
10.542,6.012,29.706
10.583,6.013,29.688
10.625,6.013,29.768
10.667,6.013,29.371
10.708,6.012,29.794
10.750,6.011,29.729
10.792,6.012,29.739
10.833,6.010,29.609
10.875,6.011,29.779
10.958,6.010,29.855
11.000,6.010,29.452
11.042,6.009,29.569
11.083,6.011,29.593
11.125,6.010,29.628
11.167,6.011,29.589
11.208,6.011,29.603
11.250,6.011,29.475
11.292,6.011,29.611
11.375,6.009,29.788
11.417,6.012,29.575
11.458,6.013,29.811
11.500,6.012,29.771
11.542,6.012,29.858
11.583,6.013,29.653
11.625,6.013,29.628
11.667,6.012,29.581
11.708,6.013,29.923
11.750,6.012,29.814
11.792,6.012,29.946
11.833,6.011,29.757
11.875,6.011,29.159
11.958,6.013,29.740
12.000,6.010,29.676
12.042,6.010,29.733
12.083,6.011,29.712
12.125,6.010,29.706
12.167,6.012,29.393
12.208,6.011,29.062
12.250,6.010,29.618
12.292,6.011,29.589
12.375,6.010,29.627
12.417,6.013,29.661
12.458,6.013,29.770
12.500,6.013,29.732
12.542,6.012,29.698
12.583,6.014,29.836
12.625,6.014,29.826
12.667,6.014,29.826
12.708,6.013,29.792
12.750,6.014,29.900
12.792,6.012,29.660
12.833,6.012,29.830
12.875,6.011,29.721
12.958,6.012,29.740
13.000,6.012,29.673
13.042,6.011,29.550
13.083,6.012,29.689
13.125,6.015,29.792
13.167,6.013,29.020
13.208,6.011,29.716
13.250,6.013,29.441
13.292,6.012,29.691
13.375,6.013,29.687
13.417,6.013,29.685
13.458,6.014,29.417
13.500,6.014,29.636
13.542,6.015,29.220
13.583,6.015,29.702
13.625,6.013,29.838
13.667,6.014,29.437
13.708,6.013,29.711
13.750,6.013,29.716
13.792,6.011,29.872
13.833,6.010,29.534
13.875,6.012,29.662
13.958,6.012,29.779
14.000,6.011,29.797
14.042,6.012,29.658
14.083,6.013,29.796
14.125,6.014,29.657
14.167,6.013,28.938
14.208,6.013,29.738
14.250,6.013,29.799
14.292,6.014,29.755
14.375,6.013,29.377
14.417,5.982,29.848
14.458,6.013,29.983
14.500,6.013,29.619
14.542,6.014,29.812
14.583,6.012,29.805
14.625,6.014,29.460
14.667,6.013,29.581
14.708,6.013,29.093
14.750,6.012,29.074
14.792,6.013,29.739
14.833,6.012,29.652
14.875,6.012,29.318
14.958,6.014,29.391
15.000,6.011,29.652
15.042,6.011,29.854
15.083,6.011,29.724
15.125,6.011,29.670
15.167,6.011,29.902
15.208,6.010,29.674
15.250,6.010,29.809
15.292,6.013,29.853
15.375,6.014,29.491
15.417,6.014,29.191
15.458,6.013,29.838
15.500,6.013,29.721
15.542,6.014,29.699
15.583,6.015,29.632
15.625,6.015,29.731
15.667,6.014,29.660
15.708,6.014,29.831
15.750,6.014,29.720
15.792,6.012,29.850
15.833,6.014,29.896
15.875,6.013,29.310
15.958,6.013,29.722
16.000,6.012,29.623
16.042,6.013,29.874
16.083,6.012,29.696
16.125,6.011,29.819
16.167,6.011,29.421
16.208,6.014,28.992
16.250,6.013,29.603
16.292,6.011,29.857
16.375,6.012,29.677
16.417,6.013,29.820
16.458,6.014,29.793
16.500,6.014,29.100
16.542,6.014,29.802
16.583,6.014,29.717
16.625,6.013,29.163
16.667,6.015,29.245
16.708,6.014,29.497
16.750,6.014,29.715
16.792,6.013,29.701
16.833,6.012,29.571
16.875,6.013,29.419
16.958,6.013,29.356
17.000,6.014,29.452
17.042,6.012,29.591
17.083,6.013,29.549
17.125,6.010,29.619
17.167,6.012,28.791
17.208,6.012,28.755
17.250,6.011,29.130
17.292,6.011,29.317
17.375,6.013,29.526
17.417,6.012,29.570
17.458,6.013,29.336
17.500,6.012,29.337
17.542,6.014,28.833
17.583,6.014,29.452
17.625,6.013,29.428
17.667,6.013,28.829
17.708,6.013,29.487
17.750,6.013,29.581
17.792,6.013,28.759
17.833,6.012,29.202
17.875,6.013,29.785
17.958,6.012,29.126
18.000,6.012,29.557
18.042,6.012,28.791
18.083,6.010,29.557
18.125,6.012,29.210
18.167,6.010,28.844
18.208,6.010,29.370
18.250,6.010,29.650
18.292,6.010,28.880
18.375,6.011,29.533
18.417,6.011,29.681
18.458,6.012,29.297
18.500,6.011,29.524
18.542,6.010,29.537
18.583,6.009,29.551
18.625,6.009,29.432
18.667,6.009,29.474
18.708,6.009,29.807
18.750,6.010,29.388
18.792,6.011,29.645
18.833,6.010,29.413
18.875,6.009,28.950
18.958,6.010,29.465
19.000,6.009,29.523
19.042,6.009,29.504
19.083,6.010,29.493
19.125,6.012,29.334
19.167,6.011,29.350
19.208,6.012,29.502
19.250,6.011,28.884
19.292,6.009,29.607
19.375,6.010,29.567
19.417,6.012,29.121
19.458,6.013,29.570
19.500,6.014,29.756
19.542,6.015,29.204
19.583,6.014,29.448
19.625,6.014,29.793
19.667,6.014,29.051
19.708,6.013,29.548
19.750,6.013,28.800
19.792,6.013,29.766
19.833,6.013,29.565
19.875,6.015,29.637
19.958,6.014,29.347
20.000,6.013,29.463
20.042,6.011,29.521
20.083,6.012,29.565
20.125,6.011,29.616
20.167,6.013,29.228
20.208,6.011,29.665
20.250,6.011,29.651
20.292,6.009,29.745
20.375,6.012,29.652
20.417,6.013,29.478
20.458,6.011,29.697
20.500,6.016,29.642
20.542,6.015,29.706
20.583,6.015,28.958
20.625,6.014,29.492
20.667,6.014,29.706
20.708,6.014,29.560
20.750,6.012,29.648
20.792,6.013,29.724
20.833,6.013,29.430
20.875,6.014,29.530
20.958,6.013,29.511
21.000,6.012,29.840
21.042,6.013,29.507
21.083,6.012,29.550
21.125,6.011,29.323
21.167,6.009,29.451
21.208,6.010,29.880
21.250,6.010,29.620
21.292,6.010,28.909
21.375,6.012,28.940
21.417,6.011,29.025
21.458,6.012,29.726
21.500,6.012,29.892
21.542,6.013,29.876
21.583,6.013,29.947
21.625,6.014,29.890
21.667,6.013,29.982
21.708,6.012,29.031
21.750,6.012,29.894
21.792,6.012,29.991
21.833,6.013,29.840
21.875,6.012,30.008
21.958,6.012,29.813
22.000,6.012,29.829
22.042,6.013,29.880
22.083,6.012,29.345
22.125,6.012,29.858
22.167,6.011,29.747
22.208,6.013,29.889
22.250,6.013,29.387
22.292,6.012,29.690
22.375,6.014,29.549
22.417,6.013,29.694
22.458,6.013,29.943
22.500,6.013,29.750
22.542,6.014,29.836
22.583,6.014,29.810
22.625,6.014,29.913
22.667,6.013,29.746
22.708,6.013,29.712
22.750,6.013,29.829
22.792,6.012,29.958
22.833,6.013,29.769
22.875,6.013,29.882
22.958,6.013,29.559
23.000,6.014,29.712
23.042,6.012,29.778
23.083,6.012,29.831
23.125,6.012,29.909
23.167,6.011,29.797
23.208,6.012,29.702
23.250,6.012,29.845
23.292,6.010,29.229
23.375,6.010,29.687
23.417,6.011,29.873
23.458,6.009,29.682
23.500,6.011,29.700
23.542,6.011,29.519
23.583,6.011,29.688
23.625,6.013,29.658
23.667,6.012,29.432
23.708,6.012,29.612
23.750,6.012,29.234
23.792,6.012,29.137
23.833,6.011,29.355
23.875,6.011,29.839
23.958,6.015,29.223
24.000,6.012,29.820
24.042,6.012,29.864
24.083,6.012,29.632
24.125,6.013,29.251
24.167,6.012,29.774
24.208,6.012,29.458
24.250,6.013,29.850
24.292,6.012,29.828
24.375,6.012,29.779
24.417,6.011,29.837
24.458,6.012,28.960
24.500,6.013,29.165
24.542,6.014,28.988
24.583,6.014,29.866
24.625,6.013,29.632
24.667,6.013,29.892
24.708,6.013,29.794
24.750,6.014,29.879
24.792,6.012,29.760
24.833,6.013,29.833
24.875,6.012,29.581
24.958,6.013,29.923
25.000,6.012,29.805
25.042,6.012,29.929
25.083,6.010,30.042
25.125,6.011,29.624
25.167,6.011,29.737
25.208,6.011,29.685
25.250,6.011,29.795
25.292,6.013,29.800
25.375,6.013,29.632
25.417,6.013,29.927
25.458,6.013,29.745
25.500,6.013,29.967
25.542,6.014,29.680
25.583,6.014,29.835
25.625,6.014,29.902
25.667,6.014,29.106
25.708,6.012,29.825
25.750,6.012,29.953
25.792,6.012,29.880
25.833,6.012,29.827
25.875,6.013,29.881
25.958,6.012,29.723
26.000,6.014,29.804
26.042,6.013,29.780
26.083,6.015,29.824
26.125,6.015,29.736
26.167,6.013,29.651
26.208,6.014,29.802
26.250,6.012,29.889
26.292,6.013,29.913
26.375,6.013,29.889
26.417,6.013,30.014
26.458,6.014,29.381
26.500,6.014,29.884
26.542,6.015,29.805
26.583,6.015,29.656
26.625,6.014,29.671
26.667,6.015,29.827
26.708,6.013,29.814
26.750,6.012,29.620
26.792,6.012,29.835
26.833,6.013,29.701
26.875,6.013,29.968
26.958,6.013,29.913
27.000,6.012,29.818
27.042,6.012,29.673
27.083,6.014,29.864
27.125,6.012,29.684
27.167,6.012,29.837
27.208,6.012,29.990
27.250,6.013,29.902
27.292,6.013,29.907
27.375,6.014,29.575
27.417,6.014,29.987
27.458,6.013,29.971
27.500,6.015,29.678
27.542,6.015,29.772
27.583,6.015,29.872
27.625,6.014,29.737
27.667,6.014,29.734
27.708,6.012,30.046
27.750,6.014,29.790
27.792,6.013,29.737
27.833,6.014,29.760
27.875,6.015,29.981
27.958,6.012,29.637
28.000,6.013,29.738
28.042,6.012,29.519
28.083,6.013,29.561
28.125,6.013,29.132
28.167,6.014,29.943
28.208,6.012,29.858
28.250,6.013,29.158
28.292,6.013,29.986
28.375,2.547,15.496
28.417,2.455,15.722
28.458,2.331,17.235
28.958,6.011,28.539
29.000,6.013,28.528
29.042,6.012,28.539
29.083,6.013,28.022
29.125,6.013,28.458
29.167,6.014,28.536
29.208,6.013,28.134
29.250,6.013,28.091
29.292,6.012,27.955
29.375,3.047,16.188
29.417,2.454,14.097
29.458,2.454,13.972
29.500,2.455,13.949
29.542,2.454,13.973
29.583,2.453,13.973
29.625,2.454,13.976
29.667,2.453,13.893
29.708,2.452,13.781
29.750,2.454,13.851
29.792,2.452,13.858
29.833,2.453,13.784
29.875,2.452,13.747
29.958,6.012,28.888
30.000,6.012,28.566
30.042,6.012,28.278
30.083,6.013,28.608
30.125,6.014,28.223
30.167,6.012,28.359
30.208,6.014,28.875
30.250,6.013,28.528
30.292,6.012,28.434
30.375,4.294,25.381
30.417,2.452,14.447
30.458,2.451,14.397
30.500,2.454,14.474
30.542,2.453,14.476
30.583,2.453,14.416
30.625,2.452,14.328
30.667,2.453,14.412
30.708,2.453,14.446
30.750,2.453,14.507
30.792,2.453,14.500
30.833,2.453,14.492
30.875,2.453,14.473
30.958,6.012,30.025
31.000,6.011,30.045
31.042,6.012,29.969
31.083,6.012,29.975
31.125,6.011,30.036
31.167,6.011,30.133
31.208,6.012,30.031
31.250,6.012,30.106
31.292,6.013,30.203
31.375,2.456,14.873
31.417,2.454,14.511
31.458,2.455,14.567
31.500,2.454,14.543
31.542,2.454,14.424
31.583,2.452,14.295
31.625,2.454,14.431
31.667,2.453,14.490
31.708,2.453,14.262
31.750,2.451,14.206
31.792,2.450,14.210
31.833,2.451,14.247
31.875,2.451,14.314
31.958,6.010,29.725
32.000,6.010,29.682
32.042,6.011,29.735
32.083,6.009,29.627
32.125,6.011,29.938
32.167,6.011,29.572
32.208,6.010,29.863
32.250,6.009,29.761
32.292,6.011,29.943
32.375,3.372,18.977
32.417,2.452,13.220
32.458,2.454,13.314
32.500,2.455,13.367
32.542,2.456,13.552
32.583,2.456,13.592
32.625,2.455,14.006
32.667,2.455,14.140
32.708,2.455,14.100
32.750,2.454,14.074
32.792,2.455,14.030
32.833,2.454,14.023
32.875,2.453,13.964
32.958,6.010,29.561
33.000,6.010,28.799
33.042,6.011,29.264
33.083,6.011,29.392
33.125,6.011,29.243
33.167,6.008,28.773
33.208,6.008,29.241
33.250,6.010,29.291
33.292,6.010,29.094
33.375,6.010,29.171
33.417,6.008,29.270
33.458,6.012,29.215
33.500,6.011,28.541
33.542,6.012,29.190
33.583,6.013,28.871
33.625,6.010,29.234
33.667,6.012,29.182
33.708,6.010,29.097
33.750,6.010,29.027
33.792,6.009,28.429
33.833,6.008,29.008
33.875,6.007,29.036
33.958,6.006,29.088
34.000,6.006,29.161
34.042,6.005,29.094
34.083,6.006,29.192
34.125,6.006,29.207
34.167,6.005,29.080
34.208,6.005,29.081
34.250,6.003,29.079
34.292,6.003,29.005
34.375,6.005,28.967
34.417,6.006,29.225
34.458,6.009,29.308
34.500,6.011,29.096
34.542,6.011,29.198
34.583,6.010,29.254
34.625,6.012,29.387
34.667,6.013,29.420
34.708,6.013,29.380
34.750,6.012,29.237
34.792,6.011,29.236
34.833,6.012,29.355
34.875,6.011,29.199
34.958,6.010,29.233
35.000,6.009,29.016
35.042,6.009,29.131
35.083,6.008,28.879
35.125,6.009,29.191
35.167,6.008,29.399
35.208,6.008,29.229
35.250,6.008,29.174
35.292,6.007,28.961
35.375,6.009,29.309
35.417,6.011,29.250
35.458,6.012,28.861
35.500,6.012,28.337
35.542,6.014,28.432
35.583,6.013,28.366
35.625,6.012,28.314
35.667,6.012,28.089
35.708,6.013,28.296
35.750,6.013,28.996
35.792,6.012,28.486
35.833,6.012,28.629
35.875,6.013,28.467
35.958,6.012,28.045
36.000,6.009,29.037
36.042,6.011,29.345
36.083,6.012,28.782
36.125,6.010,29.381
36.167,6.011,29.546
36.208,6.011,29.500
36.250,6.010,29.414
36.292,6.010,29.394
36.375,6.012,28.964
36.417,6.013,29.598
36.458,6.013,28.819
36.500,6.013,28.900
36.542,6.015,29.511
36.583,6.016,29.499
36.625,6.016,29.515
36.667,6.014,29.478
36.708,6.015,29.514
36.750,6.013,29.594
36.792,6.012,29.591
36.833,6.013,29.500
36.875,6.011,29.362
36.958,6.011,29.476
37.000,6.014,29.126
37.042,6.014,29.373
37.083,6.013,28.789
37.125,6.014,29.406
37.167,6.013,29.621
37.208,6.011,29.026
37.250,6.011,28.861
37.292,6.012,29.559
37.375,6.014,29.643
37.417,6.015,28.862
37.458,6.017,29.613
37.500,6.015,29.548
37.542,6.015,29.659
37.583,6.017,29.593
37.625,6.017,29.482
37.667,6.015,28.901
37.708,6.014,28.685
37.750,6.013,29.552
37.792,6.014,28.837
37.833,6.013,29.008
37.875,6.014,29.603
37.958,6.012,29.589
38.000,6.013,28.778
38.042,6.014,29.422
38.083,6.013,29.551
38.125,6.013,29.568
38.167,6.014,29.649
38.208,6.013,28.599
38.250,6.013,29.505
38.292,6.013,29.591
38.375,3.677,18.954
38.417,3.678,18.999
38.458,3.678,18.981
38.500,3.678,18.975
38.542,3.679,18.976
38.583,3.678,18.977
38.625,3.678,18.956
38.667,3.677,18.954
38.708,3.677,18.909
38.750,3.677,18.902
38.792,3.677,18.906
38.833,3.678,18.894
38.875,3.677,18.904
38.958,6.012,28.606
39.000,6.013,28.562
39.042,6.010,28.523
39.083,6.010,28.305
39.125,6.012,28.377
39.167,6.013,28.242
39.208,6.012,28.530
39.250,6.011,28.627
39.292,6.011,28.261
39.375,3.677,18.999
39.417,3.677,19.255
39.458,3.679,19.253
39.500,3.678,19.377
39.542,3.678,19.341
39.583,3.677,19.350
39.625,3.679,19.353
39.667,3.677,19.270
39.708,3.676,19.006
39.750,3.676,18.946
39.792,3.676,18.557
39.833,3.675,19.214
39.875,3.676,19.181
39.958,6.012,28.093
40.000,6.010,28.283
40.042,6.011,28.484
40.083,6.011,28.060
40.125,6.012,28.229
40.167,6.011,28.349
40.208,6.011,28.226
40.250,6.010,28.368
40.292,6.012,28.453
40.375,6.011,28.598
40.417,6.014,28.711
40.458,6.013,28.720
40.500,6.014,28.566
40.542,6.014,28.141
40.583,6.015,28.740
40.625,6.012,28.274
40.667,6.013,28.332
40.708,6.014,28.668
40.750,6.014,28.490
40.792,6.013,28.937
40.833,6.012,28.882
40.875,6.012,28.811
40.958,6.012,28.806
41.000,6.014,28.768
41.042,6.012,28.847
41.083,6.012,28.392
41.125,6.011,28.743
41.167,6.011,28.881
41.208,6.013,28.842
41.250,6.012,28.649
41.292,6.012,28.748
41.375,6.012,28.825
41.417,6.013,28.744
41.458,6.012,28.872
41.500,6.013,28.776
41.542,6.013,28.861
41.583,6.013,28.852
41.625,6.013,28.937
41.667,6.013,28.958
41.708,6.013,28.919
41.750,6.014,28.883
41.792,6.015,28.503
41.833,6.012,29.008
41.875,6.012,28.838
41.958,6.014,28.983
42.000,6.014,28.888
42.042,6.014,29.005
42.083,6.012,28.509
42.125,6.013,28.646
42.167,6.014,28.861
42.208,6.012,28.844
42.250,6.012,28.857
42.292,6.011,28.992
42.375,6.012,28.653
42.417,6.012,28.847
42.458,6.013,28.041
42.500,6.013,28.503
42.542,6.013,28.130
42.583,6.013,28.861
42.625,6.014,28.596
42.667,6.013,28.166
42.708,6.012,28.744
42.750,6.013,28.621
42.792,6.012,28.134
42.833,6.013,28.562
42.875,6.013,28.816
42.958,6.012,28.283
43.000,6.013,28.914
43.042,6.014,28.829
43.083,6.015,28.869
43.125,6.014,28.809
43.167,6.014,28.537
43.208,6.013,28.176
43.250,6.012,28.266
43.292,6.013,28.827
43.375,6.012,28.474
43.417,6.013,28.949
43.458,6.013,28.801
43.500,6.013,28.805
43.542,6.015,28.912
43.583,6.015,28.445
43.625,6.016,28.043
43.667,6.015,28.869
43.708,6.014,28.597
43.750,6.015,28.139
43.792,6.014,28.801
43.833,6.014,28.258
43.875,6.014,28.227
43.958,6.014,28.576
44.000,6.014,28.785
44.042,6.014,28.328
44.083,6.014,28.495
44.125,6.012,28.856
44.167,6.012,28.254
44.208,6.013,28.755
44.250,6.015,28.485
44.292,6.012,28.463
44.375,6.012,28.883
44.417,6.013,28.829
44.458,6.013,28.486
44.500,6.015,28.987
44.542,6.017,28.990
44.583,6.013,29.085
44.625,6.014,29.143
44.667,6.015,28.888
44.708,6.014,28.968
44.750,6.015,28.303
44.792,6.015,28.231
44.833,6.014,28.327
44.875,6.013,28.710
44.958,6.015,28.142
45.000,6.013,28.726
45.042,6.013,28.845
45.083,6.014,28.644
45.125,6.014,28.200
45.167,6.012,28.355
45.208,6.013,28.343
45.250,6.014,28.438
45.292,6.012,28.746
45.375,6.013,28.166
45.417,6.013,28.032
45.458,6.014,28.381
45.500,6.014,28.575
45.542,6.014,28.280
45.583,6.015,28.891
45.625,6.016,28.868
45.667,6.016,28.142
45.708,6.014,28.854
45.750,6.016,28.698
45.792,6.015,28.762
45.833,6.016,29.055
45.875,6.014,28.915
45.958,6.012,28.437
46.000,6.014,28.790
46.042,6.014,28.121
46.083,6.015,28.817
46.125,6.014,28.662
46.167,6.014,28.036
46.208,6.014,28.186
46.250,6.016,28.838
46.292,6.017,28.636
46.375,6.014,29.564
46.417,6.014,29.317
46.458,6.018,29.660
46.500,6.016,29.465
46.542,6.018,29.205
46.583,6.017,29.456
46.625,6.015,29.061
46.667,6.016,29.575
46.708,6.015,29.086
46.750,6.019,29.090
46.792,6.016,29.478
46.833,6.017,29.448
46.875,6.017,28.937
46.958,6.017,28.655
47.000,6.014,28.954
47.042,6.014,28.526
47.083,6.015,29.200
47.125,6.014,29.306
47.167,6.012,28.833
47.208,6.012,29.280
47.250,6.013,28.943
47.292,6.014,29.082
47.375,6.014,29.550
47.417,6.014,29.580
47.458,6.015,29.615
47.500,6.015,29.371
47.542,6.015,29.315
47.583,6.016,29.350
47.625,6.015,29.294
47.667,6.016,28.748
47.708,6.016,29.430
47.750,6.014,28.919
47.792,6.014,29.521
47.833,6.016,29.250
47.875,6.015,29.439
47.958,6.015,28.864
48.000,6.014,29.363
48.042,6.014,28.628
48.083,6.015,29.086
48.125,6.014,29.314
48.167,6.013,28.689
48.208,6.014,28.713
48.250,6.014,29.486
48.292,6.013,29.621
48.375,6.014,29.062
48.417,6.014,29.113
48.458,6.013,29.092
48.500,5.211,28.259
48.542,5.578,28.677
48.583,6.011,29.023
48.625,6.013,29.273
48.667,6.013,29.212
48.708,6.014,29.125
48.750,6.013,29.100
48.792,6.010,29.418
48.833,6.012,28.666
48.875,6.014,28.547
48.958,6.012,29.245
49.000,6.014,28.692
49.042,6.015,28.844
49.083,6.013,28.811
49.125,6.012,29.325
49.167,6.013,29.179
49.208,6.011,28.929
49.250,6.012,28.946
49.292,6.011,28.853
49.375,6.013,29.068
49.417,6.014,28.818
49.458,5.672,29.376
49.500,5.671,29.090
49.542,6.010,28.572
49.583,6.008,29.052
49.625,6.008,28.690
49.667,6.009,29.254
49.708,6.010,28.791
49.750,6.011,29.233
49.792,6.010,29.396
49.833,6.010,29.268
49.875,6.011,29.346
49.958,6.009,29.185
50.000,6.010,29.140
50.042,6.011,28.844
50.083,6.009,29.187
50.125,6.009,29.273
50.167,6.009,29.293
50.208,6.010,28.715
50.250,6.010,28.975
50.292,6.009,28.879
50.375,6.009,29.182
50.417,6.010,29.280
50.458,6.009,29.158
50.500,6.010,28.602
50.542,6.011,29.148
50.583,6.010,28.628
50.625,6.011,29.033
50.667,6.010,28.966
50.708,6.010,29.106
50.750,6.010,29.335
50.792,6.012,29.657
50.833,6.011,28.992
50.875,6.011,29.363
50.958,6.011,29.055
51.000,6.010,29.725
51.042,6.012,29.736
51.083,6.011,29.749
51.125,6.011,29.449
51.167,6.011,29.614
51.208,6.010,29.588
51.250,6.010,29.923
51.292,6.010,29.745
51.375,6.011,29.124
51.417,6.014,29.756
51.458,6.014,29.951
51.500,6.014,29.076
51.542,6.014,29.510
51.583,6.013,29.886
51.625,6.014,29.992
51.667,6.014,29.732
51.708,6.013,29.460
51.750,6.013,29.285
51.792,6.014,29.079
51.833,6.014,29.908
51.875,6.014,29.193
51.958,6.014,29.193
52.000,6.013,29.359
52.042,6.014,29.944
52.083,6.015,30.050
52.125,6.013,30.153
52.167,6.012,30.011
52.208,6.012,30.026
52.250,6.012,30.277
52.292,6.011,29.464
52.375,6.012,29.535
52.417,6.013,29.859
52.458,6.012,29.903
52.500,6.013,29.918
52.542,6.013,29.622
52.583,6.014,29.633
52.625,6.012,29.363
52.667,6.012,29.847
52.708,6.013,29.761
52.750,6.013,29.860
52.792,6.012,29.807
52.833,6.012,29.530
52.875,6.014,29.856
52.958,6.012,29.822
53.000,6.012,29.609
53.042,6.013,29.667
53.083,6.014,29.076
53.125,6.014,29.928
53.167,6.014,29.159
53.208,6.013,29.222
53.250,6.013,29.610
53.292,6.013,29.964
53.375,6.014,29.455
53.417,6.014,29.872
53.458,6.014,29.904
53.500,6.015,29.882
53.542,6.014,29.726
53.583,6.015,30.028
53.625,6.014,29.928
53.667,6.014,30.285
53.708,6.015,29.453
53.750,6.014,29.974
53.792,6.014,30.161
53.833,6.013,29.428
53.875,6.014,30.020
53.958,6.014,29.934
54.000,6.014,29.502
54.042,6.014,29.627
54.083,6.013,30.159
54.125,6.014,29.475
54.167,6.013,29.427
54.208,6.015,29.368
54.250,6.014,30.036
54.292,6.014,30.083
54.375,6.014,29.394
54.417,6.013,30.137
54.458,6.014,29.352
54.500,6.015,29.317
54.542,6.014,30.091
54.583,6.014,29.554
54.625,6.015,30.157
54.667,6.015,29.971
54.708,6.015,29.886
54.750,6.015,30.083
54.792,6.016,29.718
54.833,6.014,30.002
54.875,6.015,29.432
54.958,6.014,30.139
55.000,6.015,29.252
55.042,6.013,29.130
55.083,6.014,29.922
55.125,6.012,30.128
55.167,6.012,29.485
55.208,6.013,30.178
55.250,6.013,29.420
55.292,6.013,30.309
55.375,6.011,30.024
55.417,6.014,30.137
55.458,6.014,29.300
55.500,6.014,29.674
55.542,6.014,29.358
55.583,6.016,30.147
55.625,6.014,30.159
55.667,6.015,29.370
55.708,6.014,30.269
55.750,6.015,29.871
55.792,6.015,29.548
55.833,6.014,30.158
55.875,6.014,29.328
55.958,6.015,30.131
56.000,6.013,29.833
56.042,6.013,30.141
56.083,6.013,29.857
56.125,6.014,30.056
56.167,6.013,29.727
56.208,6.013,29.751
56.250,6.015,29.966
56.292,6.013,29.902
56.375,6.014,30.355
56.417,6.014,29.727
56.458,6.014,30.304
56.500,6.015,30.115
56.542,6.014,29.546
56.583,6.014,30.084
56.625,6.015,29.478
56.667,6.015,29.930
56.708,6.015,30.561
56.750,6.015,29.817
56.792,6.014,30.413
56.833,6.014,30.462
56.875,6.015,30.020
56.958,6.013,29.532
57.000,6.014,29.401
57.042,6.015,30.183
57.083,6.014,30.167
57.125,6.013,29.604
57.167,6.013,29.443
57.208,6.014,30.160
57.250,6.014,29.892
57.292,6.014,30.119
57.375,6.014,30.416
57.417,6.014,29.509
57.458,6.014,29.570
57.500,6.015,29.924
57.542,6.015,29.626
57.583,6.014,29.536
57.625,6.014,30.359
57.667,6.013,30.256
57.708,6.014,30.053
57.750,6.014,29.434
57.792,6.014,30.306
57.833,6.014,29.465
57.875,6.012,30.205
57.958,6.013,30.221
58.000,6.013,29.897
58.042,6.013,30.066
58.083,6.013,30.125
58.125,6.012,29.750
58.167,6.011,29.848
58.208,6.012,29.591
58.250,6.013,30.190
58.292,6.012,30.107
58.375,6.014,30.262
58.417,6.014,29.357
58.458,6.014,30.109
58.500,6.014,30.121
58.542,6.016,29.440
58.583,6.015,29.766
58.625,6.015,29.487
58.667,6.017,29.787
58.708,6.017,29.516
58.750,6.016,30.173
58.792,6.016,30.088
58.833,6.014,30.024
58.875,6.016,29.593
58.958,6.016,29.792
59.000,6.016,29.444
59.042,6.016,29.359
59.083,6.016,29.976
59.125,6.013,29.651
59.167,6.014,29.961
59.208,6.014,29.885
59.250,6.014,29.815
59.292,6.013,29.754
59.375,6.014,29.686
59.417,6.016,30.075
59.458,6.015,29.597
59.500,6.016,30.206
59.542,6.016,29.232
59.583,6.016,30.167
59.625,6.016,30.036
59.667,6.015,29.333
59.708,6.015,29.302
59.750,6.016,30.319
59.792,6.015,29.724
59.833,6.015,30.046
59.875,6.015,29.847
59.958,6.015,29.840
60.000,6.014,29.886
60.042,6.013,29.200
60.083,6.011,29.031
60.125,6.012,29.960
60.167,6.013,29.645
60.208,6.013,29.690
60.250,6.014,29.428
60.292,6.013,29.396
60.375,6.014,29.292
60.417,6.015,29.773
60.458,6.015,29.510
60.500,6.015,29.980
60.542,6.014,29.747
60.583,6.016,29.397
60.625,6.015,29.700
60.667,6.016,29.662
60.708,6.017,29.278
60.750,6.015,29.684
60.792,6.015,30.047
60.833,6.015,29.087
60.875,6.015,29.135
60.958,6.013,29.744
61.000,6.014,29.906
61.042,6.015,29.686
61.083,6.015,30.221
61.125,6.015,29.840
61.167,6.016,29.422
61.208,6.014,29.358
61.250,6.015,29.937
61.292,6.016,29.097
61.375,6.015,29.928
61.417,6.015,29.485
61.458,6.017,29.458
61.500,6.017,29.273
61.542,6.017,30.228
61.583,6.016,30.097
61.625,6.016,29.586
61.667,6.014,29.285
61.708,6.016,29.465
61.750,6.014,29.766
61.792,6.014,29.647
61.833,6.015,29.692
61.875,6.015,29.331
61.958,6.014,29.684
62.000,6.015,30.100
62.042,6.015,29.393
62.083,6.015,29.495
62.125,6.014,29.024
62.167,6.015,29.497
62.208,6.015,29.891
62.250,6.015,29.638
62.292,6.013,29.790
62.375,6.012,29.723
62.417,6.014,29.860
62.458,6.012,29.797
62.500,6.013,29.986
62.542,6.015,29.462
62.583,6.013,29.463
62.625,6.014,29.246
62.667,6.013,30.064
62.708,6.014,29.705
62.750,6.012,29.084
62.792,6.014,30.386
62.833,6.011,30.255
62.875,6.014,30.202
62.958,6.014,29.672
63.000,6.013,30.368
63.042,6.014,30.480
63.083,6.014,30.394
63.125,6.014,30.282
63.167,6.014,30.486
63.208,6.014,30.366
63.250,6.014,30.054
63.292,6.012,29.650
63.375,4.247,24.899
63.417,2.451,13.575
63.458,2.452,13.596
63.500,2.451,13.565
63.542,2.451,13.570
63.583,2.452,13.604
63.625,2.453,13.641
63.667,2.453,13.611
63.708,2.452,13.601
63.750,2.452,13.579
63.792,2.451,13.523
63.833,2.451,13.450
63.875,2.452,13.436
63.958,6.010,30.046
64.000,6.009,29.862
64.042,6.010,29.112
64.083,6.010,29.907
64.125,6.009,29.257
64.167,6.009,29.704
64.208,6.009,29.385
64.250,6.009,29.394
64.292,6.009,29.126
64.375,2.756,14.648
64.417,2.756,14.652
64.458,2.757,14.611
64.500,2.756,14.630
64.542,2.757,14.745
64.583,2.757,14.756
64.625,2.758,14.864
64.667,2.757,14.896
64.708,2.757,14.890
64.750,2.758,14.939
64.792,2.757,14.896
64.833,2.757,14.810
64.875,2.756,14.856
64.958,6.010,29.593
65.000,6.008,29.890
65.042,6.009,29.655
65.083,6.008,29.677
65.125,6.008,29.913
65.167,6.007,29.544
65.208,6.008,29.802
65.250,6.008,29.365
65.292,6.008,29.179
65.375,6.008,29.847
65.417,6.010,29.737
65.458,6.011,29.710
65.500,6.012,29.958
65.542,6.012,29.954
65.583,6.013,29.838
65.625,6.013,29.820
65.667,6.011,29.740
65.708,6.011,30.047
65.750,6.013,29.578
65.792,6.012,30.330
65.833,6.012,29.919
65.875,6.012,29.878
65.958,6.011,29.298
66.000,6.010,29.932
66.042,6.012,29.992
66.083,6.010,29.697
66.125,6.010,29.621
66.167,6.009,29.819
66.208,6.009,29.833
66.250,6.010,29.841
66.292,6.011,29.270
66.375,2.726,14.908
66.417,2.726,14.853
66.458,2.726,14.866
66.500,2.727,14.925
66.542,2.727,14.974
66.583,2.726,14.990
66.625,2.726,14.968
66.667,3.309,17.416
66.708,3.309,17.036
66.750,3.308,17.223
66.792,3.307,17.263
66.833,3.307,17.287
66.875,3.308,17.283
66.958,6.009,29.013
67.000,6.008,29.796
67.042,6.009,29.725
67.083,6.010,29.853
67.125,6.012,29.838
67.167,6.010,29.836
67.208,6.010,29.151
67.250,6.011,29.851
67.292,6.010,28.912
67.375,3.282,16.295
67.417,3.282,16.379
67.458,3.283,16.306
67.500,3.282,16.318
67.542,3.282,16.300
67.583,3.282,16.288
67.625,3.281,16.286
67.667,3.281,16.447
67.708,3.280,17.120
67.750,3.280,17.149
67.792,2.759,14.970
67.833,2.758,14.979
67.875,2.759,15.018
67.958,6.012,28.846
68.000,6.012,29.458
68.042,6.012,29.470
68.083,6.013,29.238
68.125,6.011,29.080
68.167,6.010,29.110
68.208,6.011,28.754
68.250,6.012,29.297
68.292,6.013,29.117
68.375,6.012,28.928
68.417,6.015,28.748
68.458,6.016,28.985
68.500,6.016,29.359
68.542,6.015,29.265
68.583,6.014,28.689
68.625,6.012,29.108
68.667,6.012,28.462
68.708,6.015,29.588
68.750,6.015,28.985
68.792,6.016,29.468
68.833,6.014,29.386
68.875,6.014,28.941
68.958,6.014,29.471
69.000,6.012,29.353
69.042,6.011,28.713
69.083,6.012,29.206
69.125,6.010,29.110
69.167,6.010,29.366
69.208,6.012,29.399
69.250,6.011,29.392
69.292,6.010,28.658
69.375,6.014,28.925
69.417,6.014,28.963
69.458,6.014,29.660
69.500,6.015,29.422
69.542,6.016,29.505
69.583,6.016,28.956
69.625,6.016,29.627
69.667,6.016,29.189
69.708,6.015,29.485
69.750,6.015,29.506
69.792,6.016,29.055
69.833,6.015,29.263
69.875,6.015,28.991
69.958,6.013,29.587
70.000,6.014,29.233
70.042,6.014,29.473
70.083,6.015,29.401
70.125,6.013,28.807
70.167,6.014,29.373
70.208,6.013,28.874
70.250,6.013,28.734
70.292,6.013,29.253
70.375,3.039,17.906
70.417,2.456,14.133
70.458,2.455,14.140
70.500,2.455,14.120
70.542,2.455,14.181
70.583,2.455,14.159
70.625,2.454,14.156
70.667,2.454,14.120
70.708,2.454,14.125
70.750,2.452,14.059
70.792,2.453,14.064
70.833,2.452,13.981
70.875,2.453,14.051
70.958,6.012,29.036
71.000,6.012,28.892
71.042,6.014,28.839
71.083,6.013,29.203
71.125,6.013,28.615
71.167,6.012,28.883
71.208,6.012,28.343
71.250,6.011,29.576
71.292,6.012,28.744
71.375,2.728,15.047
71.417,2.453,13.586
71.458,2.453,13.569
71.500,2.452,13.470
71.542,2.453,13.535
71.583,2.452,13.533
71.625,2.452,13.539
71.667,2.452,13.634
71.708,2.453,13.584
71.750,2.453,13.553
71.792,2.452,13.550
71.833,2.452,13.519
71.875,2.452,13.526
71.958,6.013,28.553
72.000,6.012,28.266
72.042,6.013,28.294
72.083,6.011,28.295
72.125,6.011,28.459
72.167,6.011,28.138
72.208,6.012,28.076
72.250,6.011,28.513
72.292,6.012,28.059
72.375,3.219,15.995
72.417,2.454,14.876
72.458,2.454,14.866
72.500,2.454,14.756
72.542,2.453,14.746
72.583,2.453,14.767
72.625,2.453,14.763
72.667,2.453,14.716
72.708,2.453,14.719
72.750,2.453,14.703
72.792,2.454,14.746
72.833,2.452,14.744
72.875,2.452,14.729
72.958,6.011,29.574
73.000,6.013,29.067
73.042,6.012,29.714
73.083,6.012,29.645
73.125,6.012,29.616
73.167,6.012,29.706
73.208,6.013,29.595
73.250,6.012,29.585
73.292,6.013,29.157
73.375,2.454,14.140
73.417,2.454,14.725
73.458,2.454,14.742
73.500,2.454,14.749
73.542,2.452,14.714
73.583,2.453,14.826
73.625,2.453,14.815
73.667,2.453,14.941
73.708,2.453,14.947
73.750,2.452,14.950
73.792,2.452,14.950
73.833,2.453,14.965
73.875,2.452,14.862
73.958,6.012,29.458
74.000,6.013,29.840
74.042,6.013,29.958
74.083,6.011,29.945
74.125,6.011,29.803
74.167,6.011,29.892
74.208,6.011,29.909
74.250,6.012,29.595
74.292,6.011,29.871
74.375,2.453,14.148
74.417,2.453,14.190
74.458,2.454,14.205
74.500,2.454,14.232
74.542,2.454,14.219
74.583,2.454,14.217
74.625,2.454,14.302
74.667,2.453,14.411
74.708,2.454,14.373
74.750,2.454,14.347
74.792,2.453,14.356
74.833,2.453,14.355
74.875,2.453,14.341
74.958,6.012,29.507
75.000,6.013,29.496
75.042,6.014,29.362
75.083,6.012,29.454
75.125,6.012,29.401
75.167,6.011,29.358
75.208,6.012,29.678
75.250,6.013,29.431
75.292,6.011,29.356
75.375,6.013,29.371
75.417,6.013,29.128
75.458,6.014,29.373
75.500,6.014,28.808
75.542,6.014,29.428
75.583,6.015,29.253
75.625,6.015,29.325
75.667,6.016,29.400
75.708,6.014,29.284
75.750,6.016,29.140
75.792,6.016,29.128
75.833,6.016,29.293
75.875,6.016,29.258
75.958,6.015,29.266
76.000,6.015,29.403
76.042,6.015,29.318
76.083,6.014,29.176
76.125,6.014,29.158
76.167,6.014,29.310
76.208,6.014,29.050
76.250,6.014,29.324
76.292,6.013,29.275
76.375,6.014,29.296
76.417,6.013,29.332
76.458,6.014,28.663
76.500,6.014,29.205
76.542,6.016,29.254
76.583,6.014,28.961
76.625,6.014,29.308
76.667,6.015,29.236
76.708,6.014,29.191
76.750,6.015,29.380
76.792,6.014,29.355
76.833,6.014,28.771
76.875,6.014,28.914
76.958,6.014,29.158
77.000,6.012,29.320
77.042,6.014,29.184
77.083,6.013,29.215
77.125,6.014,29.122
77.167,6.012,28.805
77.208,6.014,29.359
77.250,6.012,29.373
77.292,6.012,29.400
77.375,2.761,16.997
77.417,2.760,14.975
77.458,2.761,15.119
77.500,2.761,15.007
77.542,2.759,14.974
77.583,2.758,15.008
77.625,2.758,15.044
77.667,2.759,15.100
77.708,2.758,15.028
77.750,2.759,15.158
77.792,2.759,15.207
77.833,2.758,15.164
77.875,2.759,15.059
77.958,6.012,29.122
78.000,6.014,28.586
78.042,6.012,28.648
78.083,6.011,28.755
78.125,6.011,28.711
78.167,6.011,28.745
78.208,6.013,28.576
78.250,6.010,28.486
78.292,6.011,28.835
78.375,2.759,15.360
78.417,2.759,15.358
78.458,2.759,15.220
78.500,2.759,15.290
78.542,2.760,15.341
78.583,2.759,15.291
78.625,2.759,15.352
78.667,2.760,15.365
78.708,2.760,15.354
78.750,2.760,15.348
78.792,2.759,15.317
78.833,2.759,15.259
78.875,2.759,15.216
78.958,6.011,28.493
79.000,6.009,28.338
79.042,6.009,28.121
79.083,6.010,28.580
79.125,6.011,28.648
79.167,6.011,28.733
79.208,6.011,28.424
79.250,6.010,28.593
79.292,6.010,28.635
79.375,2.759,14.607
79.417,2.759,14.458
79.458,2.759,14.443
79.500,2.759,14.447
79.542,2.759,14.460
79.583,2.759,14.456
79.625,2.759,14.453
79.667,2.759,14.449
79.708,2.759,14.453
79.750,2.759,14.456
79.792,2.758,14.449
79.833,2.758,14.455
79.875,2.758,14.446
79.958,6.011,28.836
80.000,6.009,29.203
80.042,6.010,29.385
80.083,6.009,29.082
80.125,6.009,29.082
80.167,6.011,29.338
80.208,6.011,29.306
80.250,6.013,29.197
80.292,6.012,29.233
80.375,2.758,15.726
80.417,2.758,15.395
80.458,2.758,15.436
80.500,2.758,15.438
80.542,2.758,15.489
80.583,2.759,15.515
80.625,2.759,15.519
80.667,2.758,15.767
80.708,2.758,15.528
80.750,2.758,15.488
80.792,2.758,15.456
80.833,2.758,15.373
80.875,2.758,15.415
80.958,6.012,29.913
81.000,6.011,29.547
81.042,6.013,29.990
81.083,6.012,29.145
81.125,6.013,29.881
81.167,6.012,29.768
81.208,6.012,29.842
81.250,6.012,29.193
81.292,6.013,29.922
81.375,2.759,14.777
81.417,2.759,14.826
81.458,2.759,14.816
81.500,2.758,14.827
81.542,2.758,14.855
81.583,2.758,14.691
81.625,2.757,14.789
81.667,2.757,14.812
81.708,2.758,14.833
81.750,2.757,14.841
81.792,2.758,14.859
81.833,2.757,14.876
81.875,2.758,14.898
81.958,6.010,29.703
82.000,6.011,29.742
82.042,6.011,29.478
82.083,6.012,29.626
82.125,6.012,29.326
82.167,6.011,29.132
82.208,6.011,29.532
82.250,6.011,29.581
82.292,6.012,29.151
82.375,6.011,29.599
82.417,6.012,29.126
82.458,6.011,28.904
82.500,6.012,28.855
82.542,6.010,29.493
82.583,6.010,29.152
82.625,6.011,29.593
82.667,6.012,29.009
82.708,6.011,29.584
82.750,6.011,28.937
82.792,6.010,29.521
82.833,6.010,29.187
82.875,6.011,29.222
82.958,6.012,29.438
83.000,6.009,29.384
83.042,6.010,29.584
83.083,6.011,29.631
83.125,6.010,29.543
83.167,6.013,29.564
83.208,6.010,29.691
83.250,6.011,29.693
83.292,6.011,29.392
83.375,6.013,29.625
83.417,6.012,29.427
83.458,6.012,29.066
83.500,6.012,29.373
83.542,6.012,29.129
83.583,6.011,29.512
83.625,6.011,29.284
83.667,6.011,29.295
83.708,6.011,29.332
83.750,6.012,29.097
83.792,6.010,28.840
83.833,6.010,29.529
83.875,6.012,29.506
83.958,6.011,29.516
84.000,6.011,29.584
84.042,6.012,29.460
84.083,6.011,29.287
84.125,6.011,29.243
84.167,6.011,29.669
84.208,6.011,29.573
84.250,6.011,29.586
84.292,6.011,29.626
84.375,6.012,29.103
84.417,6.008,29.264
84.458,6.013,29.102
84.500,6.014,29.386
84.542,6.013,29.194
84.583,6.014,29.375
84.625,6.015,29.404
84.667,6.013,29.394
84.708,6.014,29.477
84.750,6.013,29.522
84.792,6.015,29.373
84.833,6.014,29.281
84.875,6.014,29.223
84.958,6.013,28.086
85.000,6.013,28.395
85.042,6.013,28.323
85.083,6.012,28.397
85.125,6.012,28.101
85.167,6.011,28.388
85.208,6.012,28.341
85.250,6.011,28.156
85.292,6.013,27.989
85.375,6.013,28.179
85.417,6.015,28.515
85.458,6.015,28.513
85.500,6.014,28.523
85.542,6.014,28.493
85.583,6.014,27.904
85.625,6.015,28.185
85.667,6.015,28.416
85.708,6.015,28.516
85.750,6.014,28.054
85.792,6.013,28.167
85.833,6.013,28.100
85.875,6.011,28.115
85.958,6.012,28.528
86.000,6.010,28.468
86.042,6.012,28.203
86.083,6.011,28.402
86.125,6.012,28.600
86.167,6.012,28.614
86.208,6.012,28.595
86.250,6.012,28.120
86.292,6.012,28.650
86.375,6.013,28.270
86.417,6.014,28.707
86.458,6.014,28.677
86.500,6.015,28.455
86.542,6.015,28.650
86.583,6.015,28.349
86.625,6.015,28.671
86.667,6.015,28.704
86.708,6.014,28.786
86.750,6.016,28.604
86.792,6.015,28.652
86.833,6.015,28.461
86.875,6.015,28.583
86.958,6.014,28.562
87.000,6.014,28.743
87.042,6.012,28.665
87.083,6.012,28.666
87.125,6.012,28.585
87.167,6.012,29.033
87.208,6.012,28.789
87.250,6.010,28.450
87.292,6.011,28.609
87.375,6.012,29.433
87.417,6.015,29.514
87.458,6.014,29.501
87.500,6.014,29.460
87.542,6.013,29.415
87.583,6.014,29.635
87.625,6.014,29.948
87.667,6.013,30.195
87.708,6.015,29.953
87.750,6.014,30.212
87.792,6.014,30.106
87.833,6.013,29.896
87.875,6.014,29.966
87.958,6.011,31.006
88.000,6.012,29.030
88.042,6.012,29.237
88.083,6.012,29.244
88.125,6.013,29.288
88.167,6.012,29.237
88.208,6.012,29.048
88.250,6.012,29.466
88.292,6.012,29.016
88.375,6.014,28.305
88.417,6.014,27.923
88.458,6.014,28.045
88.500,6.015,28.619
88.542,6.015,28.579
88.583,6.015,28.041
88.625,6.016,27.898
88.667,6.015,29.400
88.708,6.015,29.336
88.750,6.015,29.100
88.792,6.013,29.316
88.833,6.014,29.322
88.875,6.013,29.395
88.958,6.013,29.470
89.000,6.013,29.550
89.042,6.012,29.444
89.083,6.013,29.039
89.125,6.013,29.190
89.167,6.012,29.352
89.208,6.011,29.373
89.250,6.012,29.128
89.292,6.012,29.037
89.375,6.012,29.320
89.417,6.013,29.276
89.458,6.012,28.651
89.500,6.014,29.237
89.542,6.014,29.292
89.583,6.016,28.677
89.625,6.014,29.333
89.667,6.014,28.882
89.708,6.014,29.338
89.750,6.013,29.342
89.792,6.015,29.156
89.833,6.014,28.576
89.875,6.016,28.634
89.958,6.012,29.395
90.000,6.013,29.094
90.042,6.014,28.587
90.083,6.012,29.359
90.125,6.012,28.886
90.167,6.012,29.287
90.208,6.012,28.667
90.250,6.012,28.706
90.292,6.014,29.265
90.375,6.012,29.301
90.417,6.011,29.380
90.458,6.016,28.918
90.500,4.264,20.727
90.542,4.263,20.293
90.583,4.262,20.481
90.625,4.263,21.331
90.667,6.014,29.175
90.708,6.013,29.724
90.750,6.013,29.665
90.792,6.014,29.207
90.833,6.015,29.868
90.875,6.014,29.787
90.958,6.013,29.884
91.000,6.013,29.759
91.042,6.013,29.831
91.083,6.013,29.859
91.125,6.013,29.794
91.167,6.011,29.795
91.208,6.012,29.449
91.250,6.012,29.849
91.292,6.012,29.704
91.375,6.013,29.173
91.417,6.012,29.391
91.458,6.013,29.193
91.500,6.014,29.245
91.542,6.015,29.246
91.583,6.014,29.353
91.625,6.015,29.414
91.667,6.014,29.311
91.708,6.015,29.181
91.750,6.014,29.141
91.792,6.013,29.271
91.833,6.014,29.284
91.875,6.013,29.123
91.958,6.014,28.661
92.000,6.013,28.879
92.042,6.013,28.942
92.083,6.011,28.575
92.125,6.013,28.747
92.167,6.012,28.919
92.208,6.015,28.948
92.250,6.013,28.230
92.292,6.012,28.835
92.375,2.760,15.743
92.417,2.759,15.759
92.458,2.759,15.752
92.500,2.760,15.770
92.542,2.760,15.761
92.583,2.760,15.760
92.625,2.759,15.808
92.667,2.759,15.850
92.708,2.759,15.794
92.750,2.758,15.723
92.792,2.758,15.770
92.833,2.759,15.753
92.875,2.759,15.737
92.958,6.043,28.861
93.000,6.013,28.924
93.042,6.012,29.393
93.083,6.012,28.851
93.125,6.012,29.200
93.167,6.012,29.112
93.208,6.012,29.523
93.250,6.015,29.369
93.292,6.014,28.738
93.375,2.760,14.824
93.417,2.760,15.011
93.458,2.760,14.802
93.500,2.761,14.746
93.542,2.761,14.797
93.583,2.761,14.829
93.625,2.760,14.826
93.667,2.760,14.813
93.708,2.759,14.859
93.750,2.758,14.734
93.792,2.758,14.725
93.833,2.758,14.714
93.875,2.758,14.714
93.958,6.043,29.163
94.000,6.010,29.105
94.042,6.012,29.057
94.083,6.011,29.287
94.125,6.013,29.169
94.167,6.012,29.019
94.208,6.014,29.083
94.250,6.013,29.061
94.292,6.014,29.081
94.375,2.760,14.950
94.417,2.759,15.017
94.458,2.760,15.006
94.500,2.760,15.010
94.542,2.760,15.013
94.583,2.760,14.995
94.625,2.759,15.005
94.667,2.760,14.993
94.708,2.760,14.951
94.750,2.760,14.930
94.792,2.759,14.921
94.833,2.758,14.887
94.875,2.759,14.900
94.958,6.012,29.555
95.000,6.013,29.521
95.042,6.012,29.404
95.083,6.013,29.304
95.125,6.012,29.390
95.167,6.013,28.959
95.208,6.012,28.672
95.250,6.013,29.463
95.292,6.013,29.043
95.375,6.013,29.505
95.417,6.013,29.458
95.458,6.014,28.891
95.500,6.014,29.507
95.542,6.015,29.165
95.583,6.014,29.447
95.625,6.016,29.561
95.667,6.015,29.600
95.708,6.016,29.459
95.750,6.015,29.293
95.792,6.016,29.241
95.833,6.013,29.546
95.875,6.014,29.707
95.958,6.014,29.137
96.000,6.013,29.540
96.042,6.015,29.434
96.083,6.013,29.360
96.125,6.014,28.836
96.167,6.013,28.981
96.208,6.012,29.591
96.250,6.014,29.429
96.292,6.014,29.394
96.375,6.014,29.602
96.417,6.013,29.729
96.458,6.014,29.359
96.500,6.014,29.266
96.542,6.014,29.590
96.583,6.013,29.573
96.625,6.014,29.298
96.667,6.013,29.281
96.708,6.014,28.966
96.750,6.015,29.475
96.792,6.015,29.472
96.833,6.015,29.537
96.875,6.015,28.985
96.958,6.012,29.486
97.000,6.013,28.676
97.042,6.013,29.243
97.083,6.012,29.182
97.125,6.011,29.555
97.167,6.014,29.565
97.208,6.012,29.519
97.250,6.012,29.500
97.292,6.012,29.473
97.375,6.012,29.289
97.417,6.014,29.491
97.458,6.014,29.645
97.500,6.013,28.796
97.542,6.013,29.584
97.583,6.013,29.598
97.625,6.014,29.119
97.667,6.015,28.959
97.708,6.014,29.044
97.750,6.012,29.591
97.792,6.014,29.553
97.833,6.014,28.950
97.875,6.013,28.736
97.958,6.012,29.369
98.000,6.014,29.455
98.042,6.013,28.621
98.083,6.014,29.476
98.125,6.013,29.247
98.167,6.014,29.526
98.208,6.012,29.496
98.250,6.013,29.504
98.292,6.011,28.972
98.375,3.678,20.037
98.417,3.676,20.031
98.458,3.065,15.490
98.500,3.064,15.490
98.542,3.064,15.485
98.583,3.065,15.550
98.625,3.065,15.605
98.667,3.066,15.691
98.708,3.065,15.632
98.750,3.066,15.600
98.792,3.065,15.593
98.833,3.064,15.595
98.875,6.010,29.370
98.958,6.009,29.515
99.000,6.010,29.566
99.042,6.010,29.576
99.083,6.009,29.624
99.125,6.009,29.631
99.167,6.010,29.675
99.208,6.011,29.459
99.250,6.010,29.355
99.292,6.010,29.451
99.375,3.064,15.361
99.417,3.064,15.373
99.458,3.064,15.366
99.500,3.064,15.363
99.542,3.064,15.347
99.583,3.064,15.400
99.625,3.065,15.420
99.667,3.064,15.470
99.708,3.065,15.476
99.750,3.064,15.448
99.792,3.062,15.427
99.833,3.063,15.419
99.875,3.063,15.437
99.958,6.011,29.516
100.000,6.010,29.535
100.042,6.010,29.453
100.083,6.010,29.133
100.125,6.011,29.442
100.167,6.011,29.435
100.208,6.010,29.463
100.250,6.012,29.422
100.292,6.011,29.389
100.375,3.063,15.139
100.417,3.064,15.132
100.458,3.064,15.135
100.500,3.064,15.149
100.542,3.063,15.135
100.583,3.064,15.213
100.625,3.064,15.235
100.667,3.064,15.236
100.708,3.065,15.241
100.750,3.064,15.238
100.792,3.065,15.234
100.833,3.063,15.240
100.875,3.063,15.239
100.958,6.011,29.409
101.000,6.011,28.893
101.042,6.013,29.468
101.083,6.012,28.813
101.125,6.013,29.340
101.167,6.012,29.382
101.208,6.012,29.319
101.250,6.012,29.370
101.292,6.014,29.367
101.375,2.455,13.737
101.417,2.453,13.924
101.458,2.454,13.908
101.500,2.453,13.912
101.542,2.454,13.942
101.583,2.455,13.942
101.625,2.454,13.961
101.667,2.454,14.016
101.708,2.455,14.021
101.750,2.452,14.010
101.792,2.452,14.020
101.833,2.452,14.022
101.875,2.452,14.024
101.958,6.011,28.792
102.000,6.011,28.326
102.042,6.012,28.320
102.083,6.013,28.244
102.125,6.012,28.301
102.167,6.012,28.882
102.208,6.013,28.200
102.250,6.011,28.155
102.292,6.012,28.585
102.375,2.454,14.631
102.417,2.454,14.441
102.458,2.453,14.414
102.500,2.453,14.349
102.542,2.453,14.351
102.583,2.453,14.361
102.625,2.453,14.349
102.667,2.453,14.356
102.708,2.454,14.351
102.750,2.453,14.336
102.792,2.453,14.300
102.833,2.452,14.282
102.875,2.453,14.272
102.958,6.011,29.207
103.000,6.013,28.921
103.042,6.011,28.580
103.083,6.011,29.056
103.125,6.012,28.982
103.167,6.014,29.035
103.208,6.012,28.447
103.250,6.012,28.756
103.292,6.015,28.667
103.375,6.014,28.896
103.417,6.013,29.042
103.458,6.014,29.089
103.500,6.014,28.965
103.542,6.013,28.976
103.583,6.015,29.098
103.625,6.013,28.974
103.667,6.014,28.919
103.708,6.014,29.126
103.750,6.014,29.000
103.792,6.015,29.034
103.833,6.015,28.559
103.875,6.015,28.939
103.958,6.014,28.961
104.000,6.014,28.960
104.042,6.014,28.979
104.083,6.014,28.998
104.125,6.013,28.975
104.167,6.014,28.918
104.208,6.012,28.921
104.250,6.014,28.982
104.292,6.013,29.019
104.375,6.014,29.028
104.417,6.014,29.015
104.458,6.014,28.930
104.500,6.015,29.017
104.542,6.015,28.488
104.583,6.015,28.988
104.625,6.015,28.940
104.667,6.016,28.885
104.708,6.016,28.781
104.750,6.016,28.889
104.792,6.015,28.939
104.833,6.014,28.842
104.875,6.015,28.927
104.958,6.013,28.374
105.000,6.013,28.844
105.042,6.014,28.838
105.083,6.015,28.736
105.125,6.014,28.585
105.167,6.015,28.597
105.208,6.013,28.570
105.250,6.010,28.688
105.292,6.011,28.761
105.375,2.455,14.903
105.417,2.453,14.892
105.458,2.453,14.889
105.500,2.454,14.924
105.542,2.454,14.886
105.583,2.454,14.913
105.625,2.454,14.894
105.667,2.454,14.919
105.708,2.454,14.910
105.750,2.453,14.880
105.792,2.454,14.876
105.833,2.454,14.869
105.875,2.454,14.874
105.958,6.014,29.258
106.000,6.012,29.156
106.042,6.013,29.519
106.083,6.014,28.979
106.125,6.013,29.366
106.167,6.013,29.086
106.208,6.014,29.492
106.250,6.015,29.246
106.292,6.015,28.911
106.375,2.454,14.680
106.417,2.454,14.518
106.458,2.454,14.536
106.500,2.454,14.551
106.542,2.455,14.551
106.583,2.454,14.545
106.625,2.454,14.554
106.667,2.454,14.561
106.708,2.454,14.542
106.750,2.454,14.553
106.792,2.453,14.543
106.833,2.454,15.010
106.875,2.455,15.045
106.958,6.012,29.469
107.000,6.012,29.695
107.042,6.012,29.588
107.083,6.013,29.737
107.125,6.014,29.534
107.167,6.011,29.792
107.208,6.012,29.731
107.250,6.012,29.696
107.292,6.013,29.888
107.375,2.454,15.047
107.417,2.454,14.972
107.458,2.454,14.974
107.500,2.453,14.933
107.542,2.454,14.926
107.583,2.454,14.942
107.625,2.454,14.978
107.667,2.454,14.925
107.708,2.453,14.991
107.750,2.453,14.874
107.792,2.453,14.792
107.833,2.453,14.791
107.875,2.453,14.785
107.958,6.011,29.711
108.000,6.013,29.563
108.042,6.013,29.384
108.083,6.014,29.505
108.125,6.014,29.515
108.167,6.014,29.385
108.208,6.014,29.572
108.250,6.014,29.241
108.292,6.013,29.431
108.375,2.454,13.644
108.417,2.454,13.655
108.458,2.454,13.672
108.500,2.454,13.671
108.542,2.453,13.676
108.583,2.454,13.673
108.625,2.453,13.677
108.667,2.454,13.679
108.708,2.454,13.673
108.750,2.453,13.653
108.792,2.453,13.662
108.833,2.454,13.650
108.875,2.453,13.652
108.958,6.012,28.604
109.000,6.012,28.482
109.042,6.014,28.466
109.083,6.014,28.700
109.125,6.013,28.346
109.167,6.013,28.670
109.208,6.015,28.696
109.250,6.015,28.601
109.292,6.013,28.559
109.375,2.454,13.329
109.417,2.455,13.337
109.458,2.454,13.342
109.500,2.455,13.345
109.542,2.454,13.351
109.583,2.454,13.337
109.625,2.454,13.336
109.667,2.454,13.343
109.708,2.453,13.344
109.750,2.453,13.331
109.792,2.453,13.311
109.833,2.453,13.326
109.875,2.454,13.321
109.958,6.013,29.408
110.000,6.013,29.130
110.042,6.015,29.288
110.083,6.015,29.303
110.125,6.014,29.297
110.167,6.015,29.144
110.208,6.014,29.223
110.250,6.014,29.301
110.292,6.016,29.319
110.375,6.015,29.030
110.417,6.016,29.099
110.458,6.014,29.179
110.500,6.016,29.063
110.542,6.017,29.126
110.583,6.018,29.018
110.625,6.017,29.000
110.667,6.019,29.190
110.708,6.017,29.158
110.750,6.018,29.247
110.792,6.016,29.104
110.833,6.016,29.128
110.875,6.015,28.363
110.958,6.017,28.889
111.000,6.014,29.079
111.042,6.014,29.012
111.083,6.012,28.351
111.125,6.015,29.080
111.167,6.013,29.075
111.208,6.012,29.057
111.250,6.013,28.872
111.292,6.014,28.936
111.375,6.014,29.062
111.417,6.015,29.032
111.458,6.016,29.148
111.500,6.017,29.122
111.542,6.018,28.944
111.583,6.016,29.064
111.625,6.015,29.061
111.667,6.017,29.371
111.708,6.018,29.080
111.750,6.019,28.659
111.792,6.016,29.071
111.833,6.014,28.674
111.875,6.014,28.876
111.958,6.015,28.903
112.000,6.014,28.921
112.042,6.015,29.038
112.083,6.015,29.010
112.125,6.015,28.925
112.167,6.014,28.957
112.208,6.014,29.081
112.250,6.014,29.059
112.292,6.014,28.955
112.375,2.760,15.408
112.417,2.760,15.309
112.458,2.761,15.319
112.500,2.760,15.302
112.542,2.761,15.293
112.583,2.760,15.305
112.625,2.760,15.298
112.667,2.760,15.430
112.708,2.760,15.451
112.750,2.760,15.428
112.792,2.759,15.443
112.833,2.759,15.709
112.875,2.759,15.636
112.958,6.013,29.572
113.000,6.014,28.949
113.042,6.014,29.284
113.083,6.012,28.678
113.125,6.013,29.361
113.167,6.012,29.205
113.208,6.011,29.378
113.250,6.012,29.463
113.292,6.012,28.639
113.375,2.760,15.886
113.417,2.759,15.876
113.458,2.759,15.885
113.500,2.759,15.868
113.542,2.759,15.853
113.583,2.759,15.847
113.625,2.758,15.833
113.667,2.759,15.853
113.708,2.759,15.861
113.750,2.759,15.857
113.792,2.758,15.852
113.833,2.759,15.849
113.875,2.759,15.850
113.958,6.010,29.696
114.000,6.011,29.525
114.042,6.012,29.492
114.083,6.013,29.427
114.125,6.013,29.539
114.167,6.013,29.578
114.208,6.015,29.551
114.250,6.015,29.544
114.292,6.014,29.510
114.375,2.760,15.082
114.417,2.760,14.883
114.458,2.760,14.998
114.500,2.761,15.032
114.542,2.760,14.978
114.583,2.760,14.900
114.625,2.759,14.973
114.667,2.758,14.943
114.708,2.757,14.984
114.750,2.757,14.823
114.792,2.757,15.117
114.833,2.758,15.138
114.875,2.758,15.083
114.958,6.011,29.160
115.000,6.013,29.252
115.042,6.014,29.456
115.083,6.014,29.206
115.125,6.013,29.351
115.167,6.013,29.404
115.208,6.014,29.436
115.250,6.014,29.301
115.292,6.014,29.384
115.375,2.760,15.319
115.417,2.758,15.125
115.458,2.758,15.279
115.500,2.757,15.302
115.542,2.758,15.357
115.583,2.757,15.403
115.625,2.758,15.459
115.667,2.758,15.413
115.708,2.758,15.453
115.750,2.758,15.493
115.792,2.759,15.480
115.833,2.758,15.511
115.875,2.759,15.472
115.958,6.013,29.203
116.000,6.012,29.483
116.042,6.013,29.574
116.083,6.014,29.545
116.125,6.013,28.813
116.167,6.013,29.433
116.208,6.015,28.998
116.250,6.014,29.541
116.292,6.011,29.143
116.375,2.758,15.203
116.417,2.757,15.236
116.458,2.756,15.205
116.500,2.755,15.197
116.542,2.756,15.216
116.583,2.757,15.236
116.625,2.757,15.289
116.667,2.757,15.296
116.708,2.757,15.302
116.750,2.756,15.280
116.792,2.758,15.267
116.833,2.757,15.248
116.875,2.757,15.438
116.958,6.010,28.580
117.000,6.012,28.536
117.042,6.013,28.476
117.083,6.013,28.539
117.125,6.012,28.719
117.167,6.012,28.613
117.208,6.011,28.443
117.250,6.011,28.621
117.292,6.012,28.559
117.375,6.014,28.688
117.417,6.013,28.590
117.458,6.013,28.692
117.500,6.015,28.639
117.542,6.014,28.476
117.583,6.014,28.548
117.625,6.016,28.786
117.667,6.015,28.292
117.708,6.014,28.515
117.750,6.016,28.765
117.792,6.014,28.671
117.833,6.013,28.686
117.875,6.014,28.602
117.958,6.012,28.575
118.000,6.014,28.604
118.042,6.013,28.521
118.083,6.014,28.532
118.125,6.013,28.687
118.167,6.012,28.595
118.208,6.012,28.695
118.250,6.011,28.868
118.292,6.014,28.625
118.375,6.014,28.787
118.417,6.014,28.604
118.458,6.015,28.586
118.500,6.015,28.650
118.542,6.013,28.605
118.583,6.015,28.440
118.625,6.012,28.670
118.667,6.013,28.746
118.708,6.013,28.839
118.750,6.014,28.655
118.792,6.014,28.580
118.833,6.014,28.616
118.875,6.014,28.818
118.958,6.015,28.675
119.000,6.014,28.738
119.042,6.013,28.751
119.083,6.014,28.591
119.125,6.013,28.766
119.167,6.013,28.832
119.208,6.012,28.572
119.250,6.013,28.641
119.292,6.014,28.606
119.375,2.760,15.110
119.417,2.760,15.681
119.458,2.759,15.669
119.500,2.759,15.658
119.542,2.759,15.634
119.583,2.758,15.661
119.625,2.759,15.684
119.667,2.759,15.862
119.708,2.758,15.786
119.750,2.758,15.792
119.792,2.759,15.778
119.833,2.758,15.788
119.875,2.759,15.790
119.958,5.490,26.421
120.000,5.491,26.677
120.042,5.491,26.763
120.083,5.491,26.555
120.125,5.490,26.727
120.167,5.490,26.482
120.208,5.491,26.544
120.250,5.489,26.655
120.292,5.490,26.516
120.375,5.490,26.530
120.417,5.490,26.501
120.458,5.490,26.591
120.500,5.491,26.652
120.542,5.491,26.460
120.583,5.493,26.812
120.625,5.492,26.647
120.667,5.493,26.604
120.708,5.492,26.619
120.750,5.492,26.660
120.792,5.491,26.641
120.833,5.491,26.613
120.875,5.491,26.586
120.958,5.493,26.588
121.000,5.491,26.659
121.042,5.491,26.570
121.083,5.490,26.606
121.125,5.490,26.511
121.167,5.489,26.642
121.208,5.490,26.670
121.250,5.489,26.429
121.292,5.490,26.623
121.375,5.490,26.648
121.417,5.490,26.689
121.458,5.492,26.659
121.500,5.492,26.393
121.542,5.493,26.764
121.583,5.494,26.684
121.625,5.493,26.738
121.667,5.493,26.627
121.708,5.492,26.782
121.750,5.492,26.710
121.792,5.492,26.681
121.833,5.493,26.658
121.875,5.491,26.608
121.958,5.493,26.638
122.000,5.493,26.666
122.042,5.491,26.667
122.083,5.492,26.666
122.125,5.492,26.584
122.167,5.490,26.556
122.208,5.491,26.464
122.250,5.491,26.623
122.292,5.491,26.517
122.375,5.491,26.684
122.417,5.491,26.761
122.458,5.493,26.664
122.500,5.492,26.540
122.542,5.497,26.670
122.583,5.493,26.678
122.625,5.492,26.561
122.667,5.492,26.571
122.708,5.492,26.644
122.750,5.493,26.664
122.792,5.492,26.688
122.833,5.490,26.658
122.875,5.491,26.644
122.958,5.490,26.534
123.000,5.489,26.533
123.042,5.490,26.626
123.083,5.489,26.470
123.125,5.488,26.528
123.167,5.490,26.429
123.208,5.491,26.305
123.250,5.490,26.509
123.292,5.490,26.624
123.375,5.490,26.546
123.417,5.490,26.724
123.458,5.490,26.657
123.500,5.491,26.642
123.542,5.493,26.428
123.583,5.491,26.677
123.625,5.493,26.627
123.667,5.492,26.848
123.708,5.491,26.596
123.750,5.490,26.785
123.792,5.489,26.412
123.833,5.488,26.545
123.875,5.488,26.493
123.958,5.490,26.878
124.000,5.490,26.660
124.042,5.490,26.605
124.083,5.489,26.744
124.125,5.490,26.501
124.167,5.491,26.425
124.208,5.491,26.618
124.250,5.489,26.514
124.292,3.065,15.415
124.375,3.065,15.155
124.417,3.066,15.154
124.458,3.065,15.159
124.500,3.065,15.155
124.542,3.065,15.146
124.583,3.066,15.135
124.625,3.064,15.128
124.667,3.064,15.112
124.708,3.063,15.119
124.750,3.064,15.108
124.792,3.064,15.078
124.833,3.065,15.107
124.875,3.064,15.068
124.958,3.064,15.080
125.000,3.064,15.075
125.042,3.065,15.056
125.083,3.062,15.015
125.125,3.063,14.990
125.167,3.064,14.966
125.208,3.065,14.960
125.250,3.063,14.950
125.292,3.065,14.930
125.375,5.491,27.377
125.417,5.490,27.144
125.458,5.492,27.068
125.500,5.491,27.049
125.542,5.491,27.070
125.583,5.493,26.950
125.625,5.492,26.877
125.667,5.491,27.219
125.708,5.491,27.200
125.750,5.491,27.211
125.792,5.489,27.058
125.833,5.491,27.004
125.875,5.491,27.030
125.958,5.491,27.040
126.000,5.489,27.003
126.042,5.491,27.016
126.083,5.489,27.050
126.125,5.490,27.000
126.167,5.489,26.973
126.208,5.490,26.867
126.250,5.490,27.075
126.292,5.490,27.057
126.375,3.064,15.472
126.417,3.064,15.460
126.458,3.064,15.436
126.500,3.064,15.454
126.542,3.064,15.445
126.583,3.063,15.464
126.625,3.062,15.435
126.667,3.064,15.437
126.708,3.063,15.411
126.750,3.063,15.410
126.792,3.063,15.393
126.833,3.062,15.375
126.875,3.062,15.384
126.958,5.487,27.186
127.000,5.488,27.118
127.042,5.489,27.113
127.083,5.489,27.062
127.125,5.489,27.095
127.167,5.489,27.198
127.208,5.490,27.167
127.250,5.489,27.169
127.292,5.491,27.227
127.375,3.064,15.749
127.417,3.065,15.749
127.458,3.065,15.751
127.500,3.064,15.698
127.542,3.064,15.749
127.583,3.064,15.761
127.625,3.064,15.771
127.667,3.065,15.782
127.708,3.064,15.764
127.750,3.064,15.761
127.792,3.063,15.746
127.833,3.063,15.747
127.875,3.065,15.757
127.958,5.486,27.327
128.000,5.488,27.369
128.042,5.489,27.280
128.083,5.490,27.271
128.125,5.489,27.406
128.167,5.488,27.375
128.208,5.489,27.325
128.250,5.488,27.308
128.292,5.490,27.444
128.375,3.064,15.573
128.417,3.064,15.556
128.458,3.064,15.566
128.500,3.064,15.503
128.542,3.064,15.455
128.583,3.064,15.476
128.625,3.065,15.436
128.667,3.063,15.593
128.708,3.065,15.549
128.750,3.065,15.483
128.792,3.065,15.481
128.833,3.064,15.497
128.875,3.064,15.455
128.958,5.491,27.522
129.000,5.490,27.593
129.042,5.491,26.992
129.083,5.491,27.360
129.125,5.490,27.192
129.167,5.490,27.597
129.208,5.490,27.509
129.250,5.491,27.511
129.292,5.490,27.571
129.375,2.759,15.040
129.417,2.759,14.968
129.458,2.759,14.967
129.500,2.760,14.960
129.542,2.759,14.863
129.583,2.759,14.931
129.625,2.760,14.929
129.667,2.759,14.970
129.708,2.759,14.939
129.750,2.759,14.991
129.792,2.759,14.984
129.833,2.758,14.942
129.875,2.758,14.965
129.958,5.490,27.674
130.000,5.489,27.601
130.042,5.490,27.583
130.083,5.490,27.566
130.125,5.490,27.741
130.167,5.489,27.616
130.208,5.489,27.697
130.250,5.490,27.572
130.292,5.491,27.736
130.375,3.065,15.960
130.417,3.066,15.925
130.458,3.065,15.938
130.500,3.064,15.938
130.542,3.065,15.943
130.583,3.064,15.962
130.625,3.064,15.942
130.667,3.064,15.996
130.708,3.064,15.946
130.750,3.062,15.683
130.792,3.062,15.676
130.833,3.061,15.890
130.875,3.062,15.863
130.958,5.489,26.726
131.000,5.490,26.659
131.042,5.489,26.645
131.083,5.488,26.898
131.125,5.488,26.857
131.167,5.487,26.757
131.208,5.488,26.888
131.250,5.488,26.876
131.292,5.490,26.675
131.375,5.491,26.973
131.417,5.490,26.837
131.458,5.490,26.885
131.500,5.489,26.881
131.542,5.489,26.902
131.583,5.489,27.080
131.625,5.490,27.029
131.667,5.487,26.496
131.708,5.488,26.897
131.750,5.486,26.957
131.792,5.486,27.008
131.833,5.487,26.760
131.875,5.487,26.976
131.958,5.488,26.964
132.000,5.487,26.892
132.042,5.487,27.007
132.083,5.488,26.386
132.125,5.487,26.920
132.167,5.487,26.949
132.208,5.488,26.947
132.250,5.486,26.899
132.292,5.487,27.026
132.375,5.487,26.881
132.417,5.487,26.864
132.458,5.489,26.895
132.500,5.488,26.603
132.542,5.489,26.848
132.583,5.488,26.924
132.625,5.490,26.938
132.667,5.489,26.904
132.708,5.491,26.811
132.750,5.491,26.855
132.792,5.489,26.885
132.833,5.490,26.921
132.875,5.492,26.896
132.958,5.489,26.641
133.000,5.490,26.926
133.042,5.490,26.488
133.083,5.490,26.919
133.125,5.488,26.232
133.167,5.489,26.888
133.208,5.491,26.906
133.250,5.489,26.559
133.292,5.489,26.825
133.375,3.065,15.470
133.417,3.062,15.458
133.458,3.064,15.538
133.500,3.064,15.539
133.542,3.065,15.522
133.583,3.065,15.516
133.625,3.064,15.480
133.667,3.064,15.496
133.708,3.063,15.001
133.750,3.062,15.278
133.792,3.062,15.366
133.833,3.062,15.297
133.875,3.062,15.553
133.958,6.009,30.084
134.000,6.010,29.824
134.042,6.013,29.978
134.083,6.012,30.166
134.125,6.011,30.088
134.167,6.009,29.960
134.208,6.010,29.914
134.250,6.011,30.167
134.292,6.012,30.038
134.375,3.062,15.219
134.417,3.063,15.136
134.458,3.063,14.975
134.500,3.065,15.249
134.542,3.065,15.244
134.583,3.064,15.246
134.625,3.065,15.215
134.667,3.065,15.271
134.708,3.064,15.207
134.750,3.065,15.207
134.792,3.064,15.102
134.833,3.063,15.062
134.875,3.063,15.032
134.958,6.009,29.997
135.000,6.009,29.896
135.042,6.009,29.947
135.083,6.009,29.734
135.125,6.008,29.813
135.167,6.010,29.935
135.208,6.010,29.866
135.250,6.009,29.805
135.292,6.009,29.679
135.375,6.011,29.374
135.417,6.010,29.657
135.458,6.011,29.788
135.500,6.013,29.548
135.542,6.013,29.685
135.583,6.013,29.543
135.625,6.014,29.644
135.667,6.015,29.780
135.708,6.013,29.696
135.750,6.011,29.688
135.792,6.012,29.786
135.833,6.012,29.673
135.875,6.011,29.689
135.958,6.013,29.795
136.000,6.011,29.811
136.042,6.012,29.812
136.083,6.011,29.606
136.125,6.011,29.813
136.167,6.011,29.794
136.208,6.011,29.848
136.250,6.011,29.801
136.292,6.011,29.660
136.375,6.011,29.446
136.417,6.012,29.721
136.458,6.013,29.743
136.500,6.014,29.758
136.542,6.015,29.791
136.583,6.017,29.854
136.625,6.017,29.784
136.667,6.015,29.432
136.708,6.013,29.813
136.750,6.013,29.796
136.792,6.013,29.662
136.833,6.012,29.790
136.875,6.010,30.064
136.958,6.013,29.913
137.000,6.013,29.748
137.042,6.012,29.760
137.083,6.012,29.716
137.125,6.012,29.821
137.167,6.012,29.624
137.208,6.012,29.716
137.250,6.010,29.670
137.292,6.011,29.854
137.375,6.012,29.785
137.417,2.758,14.529
137.458,2.758,14.627
137.500,2.758,14.664
137.542,2.758,14.659
137.583,2.758,14.664
137.625,2.758,14.660
137.667,2.758,14.691
137.708,2.758,14.652
137.750,2.757,14.684
137.792,2.757,14.637
137.833,2.757,14.675
137.875,2.757,14.661
137.958,6.011,29.305
138.000,6.013,29.043
138.042,6.014,29.214
138.083,6.013,29.314
138.125,6.012,29.294
138.167,6.012,29.454
138.208,6.012,29.334
138.250,6.012,29.243
138.292,6.012,29.053
138.375,6.011,28.909
138.417,6.011,28.934
138.458,6.013,29.344
138.500,6.013,29.104
138.542,6.014,29.203
138.583,6.014,29.289
138.625,6.012,29.060
138.667,6.012,29.127
138.708,6.013,29.102
138.750,6.013,29.128
138.792,6.013,29.153
138.833,6.014,29.130
138.875,6.014,29.044
138.958,6.013,29.162
139.000,6.012,29.286
139.042,6.012,29.169
139.083,6.013,29.085
139.125,6.013,29.435
139.167,6.012,29.092
139.208,6.011,29.161
139.250,6.012,29.112
139.292,6.011,29.101
139.375,6.012,29.233
139.417,6.012,29.005
139.458,6.012,29.373
139.500,6.014,28.775
139.542,6.013,28.921
139.583,6.012,29.090
139.625,6.014,28.823
139.667,6.014,29.215
139.708,6.014,29.035
139.750,6.014,29.459
139.792,6.014,29.306
139.833,6.013,29.400
139.875,6.014,29.024
139.958,6.012,29.288
140.000,6.014,29.251
140.042,6.014,29.025
140.083,6.014,29.401
140.125,6.015,29.157
140.167,6.012,29.290
140.208,6.013,29.155
140.250,6.012,29.285
140.292,6.012,29.301
140.375,4.229,24.300
140.417,3.062,15.041
140.458,3.064,15.109
140.500,3.065,15.109
140.542,3.066,15.092
140.583,3.068,15.079
140.625,3.067,15.064
140.667,3.066,14.964
140.708,3.065,14.988
140.750,3.066,14.865
140.792,3.066,14.901
140.833,3.065,14.835
140.875,3.064,14.823
140.958,6.012,28.933
141.000,6.013,28.824
141.042,6.014,28.902
141.083,6.013,29.069
141.125,6.013,28.513
141.167,6.012,29.063
141.208,6.012,29.087
141.250,6.011,28.695
141.292,6.011,29.116
141.375,3.678,18.459
141.417,3.678,18.481
141.458,3.678,18.457
141.500,3.679,18.437
141.542,3.679,18.440
141.583,3.678,18.437
141.625,3.678,18.446
141.667,3.678,18.420
141.708,3.678,18.375
141.750,3.677,18.405
141.792,3.678,18.428
141.833,3.678,18.454
141.875,3.677,18.395
141.958,6.012,29.635
142.000,6.013,29.356
142.042,6.012,29.531
142.083,6.013,29.535
142.125,6.013,29.497
142.167,6.014,29.470
142.208,6.013,29.670
142.250,6.013,29.563
142.292,6.015,29.577
142.375,6.015,29.575
142.417,6.014,29.693
142.458,6.012,29.628
142.500,6.015,29.576
142.542,6.015,29.630
142.583,6.013,29.423
142.625,6.013,29.754
142.667,6.014,29.771
142.708,6.014,29.667
142.750,6.013,29.633
142.792,6.014,29.899
142.833,6.013,29.761
142.875,6.014,29.575
142.958,6.012,29.679
143.000,6.013,29.696
143.042,6.013,29.712
143.083,6.012,29.467
143.125,6.010,29.234
143.167,6.010,29.586
143.208,6.010,29.753
143.250,6.010,29.423
143.292,6.010,29.801
143.375,6.010,29.689
143.417,6.008,29.705
143.458,6.010,29.474
143.500,6.009,29.347
143.542,6.010,29.552
143.583,6.010,29.386
143.625,6.011,29.670
143.667,6.011,29.595
143.708,6.011,29.934
143.750,6.012,29.224
143.792,6.012,29.357
143.833,6.010,29.456
143.875,6.012,29.511
143.958,6.009,29.578
144.000,6.011,29.546
144.042,6.011,30.099
144.083,6.012,29.509
144.125,6.011,29.943
144.167,6.011,29.656
144.208,6.012,29.456
144.250,6.012,29.936
144.292,6.012,29.583
144.375,6.011,30.218
144.417,6.012,29.588
144.458,6.012,29.804
144.500,6.013,30.322
144.542,6.013,29.698
144.583,6.014,29.609
144.625,6.014,30.267
144.667,6.015,29.670
144.708,6.016,29.619
144.750,6.016,30.283
144.792,6.014,30.082
144.833,6.015,29.687
144.875,6.016,29.664
144.958,6.016,29.547
145.000,6.015,29.720
145.042,6.012,29.680
145.083,6.012,30.037
145.125,6.010,29.703
145.167,6.011,29.685
145.208,6.011,29.995
145.250,6.011,29.962
145.292,6.011,30.010
145.375,6.013,29.779
145.417,6.012,30.018
145.458,6.013,29.764
145.500,6.015,29.742
145.542,6.013,29.821
145.583,6.013,29.466
145.625,6.014,29.637
145.667,6.013,29.656
145.708,6.013,29.562
145.750,6.013,29.675
145.792,6.011,29.916
145.833,6.013,29.237
145.875,6.013,29.606
145.958,6.014,29.964
146.000,6.013,30.018
146.042,6.013,29.753
146.083,6.014,29.710
146.125,6.013,29.627
146.167,6.012,29.843
146.208,6.012,29.972
146.250,6.011,29.820
146.292,6.014,30.295
146.375,6.012,29.732
146.417,6.013,29.663
146.458,6.012,29.572
146.500,6.013,29.769
146.542,6.014,29.719
146.583,6.014,29.706
146.625,6.015,29.744
146.667,6.015,29.876
146.708,6.014,29.797
146.750,6.016,29.762
146.792,6.014,29.813
146.833,6.014,29.659
146.875,6.013,29.856
146.958,6.012,29.665
147.000,6.012,30.162
147.042,6.012,29.768
147.083,6.013,29.952
147.125,6.010,29.539
147.167,6.013,29.724
147.208,6.013,29.766
147.250,6.013,29.562
147.292,6.013,29.866
147.375,4.262,21.637
147.417,4.262,21.798
147.458,4.260,21.779
147.500,4.262,21.694
147.542,4.262,21.793
147.583,4.263,21.855
147.625,4.262,21.791
147.667,4.263,21.838
147.708,4.264,21.816
147.750,4.263,21.859
147.792,4.262,21.856
147.833,4.262,21.796
147.875,4.262,21.881
147.958,6.010,28.961
148.000,6.012,28.780
148.042,6.011,29.258
148.083,6.013,29.092
148.125,6.013,29.009
148.167,6.012,28.816
148.208,6.012,28.915
148.250,6.012,28.994
148.292,6.011,29.272
148.375,4.261,20.986
148.417,4.261,20.991
148.458,4.261,20.858
148.500,4.262,20.966
148.542,4.263,20.872
148.583,4.261,20.930
148.625,4.261,20.931
148.667,4.261,20.951
148.708,4.261,20.956
148.750,4.261,20.946
148.792,4.262,20.969
148.833,4.261,20.836
148.875,4.261,20.834
148.958,6.014,28.610
149.000,6.013,28.607
149.042,6.014,28.830
149.083,6.012,28.764
149.125,6.015,28.677
149.167,6.012,28.765
149.208,6.013,28.672
149.250,6.012,29.102
149.292,6.013,28.674
149.375,4.294,21.468
149.417,4.294,21.412
149.458,4.294,21.315
149.500,4.294,21.204
149.542,4.294,21.301
149.583,4.295,21.409
149.625,4.293,21.461
149.667,4.294,21.321
149.708,4.293,21.316
149.750,4.294,21.210
149.792,4.294,21.282
149.833,4.294,21.322
149.875,4.295,21.447
149.958,6.013,28.607
150.000,6.013,28.789
150.042,6.013,28.775
150.083,6.012,28.551
150.125,6.013,28.689
150.167,6.013,28.714
150.208,6.012,28.782
150.250,6.011,28.701
150.292,6.012,28.704
150.375,6.014,28.545
150.417,6.013,28.548
150.458,6.013,28.737
150.500,6.012,28.560
150.542,6.012,28.860
150.583,6.014,28.639
150.625,6.015,28.666
150.667,6.014,28.815
150.708,6.014,28.910
150.750,6.014,28.563
150.792,6.014,29.021
150.833,6.014,28.745
150.875,6.012,28.786
150.958,6.013,28.834
151.000,6.014,28.721
151.042,6.014,28.740
151.083,6.014,28.665
151.125,6.014,28.630
151.167,6.013,28.817
151.208,6.012,28.808
151.250,6.013,28.789
151.292,6.014,28.697
151.375,3.678,18.995
151.417,3.677,19.100
151.458,3.678,19.111
151.500,3.678,19.122
151.542,3.678,19.108
151.583,3.679,19.166
151.625,3.680,19.200
151.667,3.679,19.193
151.708,3.680,19.128
151.750,3.678,19.090
151.792,3.678,19.108
151.833,3.679,19.051
151.875,3.679,19.072
151.958,6.012,29.719
152.000,6.013,29.610
152.042,6.012,29.570
152.083,6.013,29.727
152.125,6.013,29.760
152.167,6.013,29.447
152.208,6.012,29.715
152.250,6.014,29.721
152.292,6.015,29.607
152.375,6.013,29.692
152.417,6.013,29.584
152.458,6.015,29.480
152.500,6.013,29.757
152.542,6.012,29.642
152.583,6.014,29.537
152.625,6.015,29.617
152.667,6.014,29.673
152.708,6.013,29.747
152.750,6.013,29.630
152.792,6.014,29.724
152.833,6.013,29.792
152.875,6.013,29.653
152.958,6.014,29.688
153.000,6.013,29.559
153.042,6.015,29.685
153.083,6.014,29.727
153.125,6.014,29.617
153.167,6.015,29.663
153.208,6.014,29.610
153.250,6.014,29.672
153.292,6.014,29.708
153.375,6.014,29.687
153.417,6.014,29.775
153.458,6.014,29.656
153.500,6.014,29.605
153.542,6.014,29.738
153.583,6.015,29.741
153.625,6.015,29.740
153.667,6.014,29.702
153.708,6.015,29.732
153.750,6.013,29.640
153.792,6.015,29.692
153.833,6.014,29.658
153.875,6.013,29.743
153.958,6.016,29.823
154.000,6.016,29.655
154.042,6.017,29.662
154.083,6.016,29.691
154.125,6.014,29.604
154.167,6.014,29.716
154.208,6.014,29.637
154.250,6.013,29.733
154.292,6.014,29.658
154.375,3.064,15.375
154.417,3.064,15.396
154.458,3.064,15.324
154.500,3.063,15.264
154.542,3.370,16.568
154.583,3.370,16.555
154.625,3.370,16.550
154.667,3.370,16.620
154.708,3.065,16.528
154.750,3.064,15.143
154.792,3.062,15.124
154.833,3.063,15.071
154.875,3.063,15.011
154.958,6.010,29.897
155.000,6.011,29.598
155.042,6.011,29.849
155.083,6.011,29.897
155.125,6.010,29.648
155.167,6.012,29.564
155.208,6.012,29.803
155.250,6.011,29.595
155.292,6.014,29.588
155.375,3.063,15.101
155.417,3.062,15.075
155.458,3.369,16.991
155.500,3.368,17.012
155.542,3.368,16.987
155.583,3.674,17.501
155.625,3.063,15.265
155.667,3.063,15.175
155.708,3.063,15.159
155.750,3.063,15.136
155.792,3.063,15.154
155.833,3.064,15.154
155.875,3.063,15.133
155.958,6.010,29.878
156.000,6.009,29.877
156.042,6.010,29.851
156.083,6.009,29.714
156.125,6.010,29.873
156.167,6.012,29.632
156.208,6.010,29.399
156.250,6.011,29.935
156.292,6.012,29.718
156.375,3.065,14.781
156.417,3.063,14.801
156.458,3.063,14.826
156.500,3.063,14.856
156.542,3.064,14.860
156.583,3.064,14.851
156.625,3.064,14.861
156.667,3.064,14.852
156.708,3.064,14.836
156.750,3.063,14.810
156.792,3.063,14.760
156.833,3.063,14.794
156.875,3.062,14.812
156.958,6.010,29.343
157.000,6.012,29.613
157.042,6.011,29.235
157.083,6.011,29.414
157.125,6.012,29.557
157.167,6.011,29.841
157.208,6.010,29.561
157.250,6.011,29.441
157.292,6.010,29.404
157.375,3.063,14.963
157.417,3.064,14.934
157.458,3.064,14.930
157.500,3.064,14.922
157.542,3.065,14.921
157.583,3.065,14.934
157.625,3.063,14.953
157.667,3.066,14.954
157.708,3.064,14.934
157.750,3.063,14.943
157.792,3.064,14.937
157.833,3.064,14.929
157.875,3.064,15.089
157.958,6.012,29.848
158.000,6.012,29.828
158.042,6.012,29.865
158.083,6.011,29.834
158.125,6.009,29.879
158.167,6.010,29.697
158.208,6.010,29.848
158.250,6.012,29.974
158.292,6.010,29.766
158.375,2.452,14.375
158.417,2.452,14.474
158.458,2.452,14.480
158.500,2.452,14.508
158.542,2.452,14.489
158.583,2.452,14.496
158.625,2.452,14.521
158.667,2.452,14.596
158.708,2.453,14.550
158.750,2.452,14.558
158.792,2.452,14.531
158.833,2.451,14.455
158.875,2.451,14.552
158.958,5.793,28.817
159.000,5.795,29.094
159.042,5.795,29.165
159.083,5.795,28.922
159.125,5.795,28.755
159.167,5.796,28.879
159.208,5.797,28.851
159.250,5.795,28.979
159.292,5.797,29.045
159.375,5.797,29.062
159.417,5.798,29.045
159.458,5.798,28.951
159.500,5.797,28.975
159.542,5.797,28.978
159.583,5.798,29.065
159.625,5.797,29.023
159.667,5.798,28.997
159.708,5.796,28.840
159.750,5.796,28.944
159.792,5.794,28.950
159.833,5.795,28.953
159.875,5.796,28.830
159.958,5.796,28.958
160.000,5.795,29.030
160.042,5.795,28.960
160.083,5.795,28.991
160.125,5.796,28.956
160.167,5.794,28.797
160.208,5.795,29.082
160.250,5.794,28.717
160.292,5.796,29.005
160.375,5.796,28.820
160.417,5.796,28.842
160.458,5.797,28.984
160.500,5.797,29.020
160.542,5.798,28.990
160.583,5.797,28.968
160.625,5.797,29.017
160.667,5.798,29.041
160.708,5.796,28.986
160.750,5.799,28.928
160.792,5.799,28.894
160.833,5.798,28.890
160.875,5.798,28.903
160.958,5.797,29.086
161.000,5.797,28.866
161.042,5.796,29.002
161.083,5.797,28.945
161.125,5.796,29.057
161.167,5.796,28.979
161.208,5.796,29.033
161.250,5.797,28.939
161.292,5.796,28.908
161.375,2.453,13.023
161.417,2.740,13.010
161.458,3.064,14.612
161.500,3.062,15.142
161.542,3.062,15.165
161.583,3.062,15.157
161.625,3.063,15.133
161.667,3.063,13.870
161.708,3.063,13.886
161.750,3.063,13.883
161.792,3.063,13.806
161.833,3.062,13.843
161.875,3.061,13.856
161.958,6.010,28.701
162.000,6.011,28.842
162.042,6.012,28.721
162.083,6.012,28.979
162.125,6.011,28.815
162.167,6.011,28.999
162.208,6.012,29.420
162.250,6.012,29.693
162.292,6.011,28.782
162.375,3.063,16.168
162.417,3.063,16.209
162.458,3.064,16.250
162.500,3.065,16.310
162.542,3.065,16.249
162.583,3.063,16.250
162.625,3.064,16.249
162.667,3.065,16.228
162.708,3.063,16.853
162.750,3.676,18.569
162.792,2.452,14.575
162.833,2.451,14.465
162.875,2.452,14.433
162.958,6.011,28.704
163.000,6.011,28.774
163.042,6.012,28.581
163.083,6.012,28.798
163.125,6.012,28.348