CV,DOL,CD,FI3312A,FI3312B,TI3302A,TI3302B
3.057,1,6.011,28.951,31.324,88.364,86.681
3.057,1.042,6.011,29.264,31.376,88.354,86.677
3.057,1.083,6.01,29.071,31.471,88.328,86.65
3.057,1.125,6.011,28.901,31.488,88.278,86.537
3.057,1.167,6.01,29.47,31.255,88.282,86.59
3.057,1.208,6.01,28.899,31.488,88.299,86.621
3.057,1.25,6.009,29.83,31.422,88.306,86.553
3.057,1.292,6.01,29.386,31.237,88.346,86.65
3.057,1.375,6.012,28.743,31.218,88.393,86.707
3.063,1.417,6.011,29.8,31.945,88.373,86.709
3.056,1.458,6.011,29.27,31.809,88.357,86.724
3.057,1.5,6.012,29.961,31.762,88.421,86.814
3.058,1.542,6.012,29.879,31.659,88.439,86.897
3.058,1.583,6.012,29.725,31.858,88.431,86.798
3.057,1.625,6.013,29.813,31.651,88.396,86.856
3.057,1.667,6.013,29.557,31.742,88.361,86.77
3.057,1.708,6.012,29.29,31.712,88.294,86.696
3.057,1.75,6.012,29.925,31.818,88.271,86.62
3.057,1.792,6.01,29.241,31.74,88.275,86.513
3.057,1.833,6.01,29.681,31.765,88.288,86.589
3.057,1.875,6.01,29.142,31.715,88.255,86.638
3.057,1.958,6.01,29.298,31.897,88.294,86.612
3.057,2,6.011,29.059,31.589,88.228,86.624
3.058,2.042,6.011,29.117,31.553,88.225,86.559
3.058,2.083,6.013,29.427,31.693,88.252,86.585
3.058,2.125,6.01,29.546,31.426,88.245,86.571
3.058,2.167,6.013,29.228,31.669,88.274,86.567
3.058,2.208,6.011,29.797,31.628,88.27,86.563
3.058,2.25,6.011,29.202,31.619,88.224,86.47
3.058,2.292,6.01,29.889,31.618,88.31,86.581
3.058,2.375,6.009,30.111,31.623,88.358,86.668
3.058,2.417,6.011,29.567,31.794,88.386,86.722
3.058,2.458,6.011,30.072,31.575,88.397,86.801
3.058,2.5,6.011,29.515,31.719,88.443,86.817
3.058,2.542,6.011,29.994,31.522,88.431,86.83
3.057,2.583,6.012,29.883,31.464,88.354,86.799
3.06,2.625,6.012,30.079,31.625,88.307,86.752
3.057,2.667,6.011,29.927,31.625,88.315,86.712
3.058,2.708,6.011,30.014,31.683,88.327,86.691
3.059,2.75,6.011,29.86,31.689,88.321,86.634
3.058,2.792,6.01,29.207,31.854,88.318,86.623
3.057,2.833,6.011,30.153,31.72,88.286,86.603
3.057,2.875,6.01,29.336,31.732,88.277,86.595
3.057,2.958,6.011,29.938,31.471,88.314,86.613
3.057,3,6.011,29.709,31.518,88.315,86.649
3.057,3.042,6.011,29.848,31.652,88.331,86.633
3.057,3.083,6.012,29.865,31.48,88.229,86.572
3.057,3.125,6.01,29.822,31.757,88.266,86.577
3.057,3.167,6.01,29.35,31.809,88.249,86.576
3.057,3.208,6.011,29.032,31.636,88.242,86.56
3.057,3.25,6.01,29.507,31.816,88.28,86.579
3.057,3.292,6.01,29.25,31.747,88.326,86.609
3.057,3.375,6.009,29.188,31.567,88.341,86.705
3.056,3.417,6.01,29.134,31.706,88.359,86.751
3.057,3.458,6.01,30.097,31.798,88.419,86.82
3.057,3.5,6.012,29.53,31.741,88.426,86.852
3.057,3.542,6.011,29.899,31.708,88.445,86.916
2.973,3.583,5.06,29.387,31.815,88.065,86.583
2.848,3.625,3.677,19.479,31.181,85.175,83.793
2.887,3.667,4.046,23.984,31.319,84.885,83.468
3.062,3.708,6.012,28.577,31.586,88.3,86.697
3.06,3.75,6.011,28.484,31.51,88.554,86.934
3.058,3.792,6.01,28.446,31.503,88.575,86.928
3.056,3.833,6.011,28.329,31.678,88.555,86.884
3.056,3.875,6.01,27.753,31.552,88.549,86.902
3.055,3.958,6.01,28.433,31.608,88.575,86.911
3.056,4,6.01,28.556,31.651,88.509,86.812
3.056,4.042,6.009,28.17,31.415,88.491,86.822
3.056,4.083,6.012,28.441,31.667,88.471,86.752
3.056,4.125,6.009,28.648,31.483,88.496,86.78
3.057,4.167,6.01,28.739,31.502,88.469,86.74
3.057,4.208,6.01,28.685,31.542,88.506,86.78
3.057,4.25,6.01,28.684,31.374,88.509,86.829
3.057,4.292,6.01,28.042,31.452,88.519,86.827
3.056,4.375,6.012,28.647,31.537,88.55,86.854
3.056,4.417,6.011,28.417,31.405,88.542,86.851
3.055,4.458,6.013,28.206,31.685,88.537,86.988
3.055,4.5,6.014,28.456,31.623,88.554,86.995
3.056,4.542,6.014,28.625,31.786,88.552,86.951
3.056,4.583,6.014,28.144,31.516,88.581,86.974
3.056,4.625,6.014,28.357,31.622,88.549,87.034
3.056,4.667,6.013,28.299,31.644,88.486,86.946
3.055,4.708,6.012,28.677,31.869,88.46,86.835
3.055,4.75,6.012,28.317,31.703,88.373,86.711
3.055,4.792,6.011,28.421,31.511,88.402,86.667
3.057,4.833,6.011,28.425,31.615,88.499,86.799
3.057,4.875,6.011,28.584,31.748,88.488,86.803
3.055,4.958,6.01,28.543,31.415,88.431,86.782
3.056,5,6.01,28.699,31.573,88.433,86.784
3.056,5.042,6.01,28.726,31.57,88.404,86.705
3.056,5.083,6.011,28.474,31.516,88.382,86.718
3.056,5.125,6.011,28.203,31.812,88.378,86.729
3.056,5.167,6.011,28.749,31.553,88.4,86.72
3.056,5.208,6.01,28.584,31.512,88.408,86.576
3.056,5.25,6.011,28.536,31.521,88.422,86.74
3.055,5.292,6.011,28.668,31.672,88.447,86.759
3.055,5.375,6.012,28.322,31.91,88.491,86.851
3.055,5.417,6.012,28.105,31.575,88.506,86.867
3.055,5.458,6.013,28.082,31.492,88.539,86.914
3.056,5.5,6.014,28.614,31.631,88.544,86.978
3.056,5.542,6.011,28.229,31.568,88.57,86.988
3.056,5.583,6.013,28.162,31.677,88.582,87.024
3.056,5.625,6.013,28.717,31.682,88.527,86.969
3.054,5.667,6.012,28.133,31.631,88.478,86.886
3.056,5.708,6.012,28.385,31.604,88.473,86.855
3.057,5.75,6.012,28.042,31.586,88.517,86.842
3.057,5.792,6.011,28.329,31.632,88.508,86.838
3.056,5.833,6.011,28.327,31.889,88.491,86.826
3.056,5.875,6.012,28.382,31.796,88.494,86.87
3.055,5.958,6.013,28.44,31.86,88.491,86.815
3.056,6,6.013,28.84,31.91,88.475,86.763
3.056,6.042,6.012,28.451,31.62,88.437,86.771
3.056,6.083,6.012,28.558,31.726,88.44,86.759
3.056,6.125,6.013,28.407,31.512,88.435,86.745
3.056,6.167,6.01,28.575,31.777,88.446,86.758
3.056,6.208,6.012,28.434,31.565,88.421,86.728
3.057,6.25,6.013,28.526,31.723,88.446,86.785
3.057,6.292,6.012,27.914,31.618,88.479,86.823
3.057,6.375,6.013,28.344,31.761,88.536,86.888
3.057,6.417,6.013,28.152,31.778,88.554,86.938
3.056,6.458,6.013,28.672,31.778,88.541,86.957
3.056,6.5,6.014,28.268,31.614,88.551,87.008
3.056,6.542,6.012,28.547,31.534,88.589,87.056
3.056,6.583,6.014,28.533,31.539,88.592,87.053
3.057,6.625,6.015,28.676,31.638,88.562,87.003
3.057,6.667,6.014,28.669,31.428,88.515,86.93
3.056,6.708,6.014,28.709,31.459,88.436,86.898
3.056,6.75,6.013,28.44,31.645,88.435,86.771
3.055,6.792,6.014,28.378,31.656,88.45,86.869
3.056,6.833,6.015,27.937,31.651,88.495,86.854
3.056,6.875,6.014,28.757,31.393,88.487,86.872
3.056,6.958,6.012,28.627,31.654,88.511,86.895
3.056,7,6.014,28.269,31.402,88.496,86.867
3.056,7.042,6.012,28.679,31.559,88.469,86.838
3.056,7.083,6.011,28.002,31.593,88.476,86.831
3.056,7.125,6.011,28.409,31.742,88.466,86.843
3.056,7.167,6.012,28.631,31.809,88.489,86.833
3.056,7.208,6.011,28.049,31.598,88.454,86.821
3.056,7.25,6.012,28.019,31.854,88.464,86.814
3.056,7.292,6.011,28.472,31.638,88.451,86.811
2.899,7.375,4.293,21.429,31.593,86.606,85.094
2.898,7.417,4.261,21.012,31.283,86.421,84.931
2.898,7.458,4.26,21.204,31.373,86.438,84.996
2.898,7.5,4.261,20.972,31.301,86.457,85.017
2.898,7.542,4.261,20.943,31.219,86.45,85.013
2.898,7.583,4.26,21.051,31.054,86.45,85.036
2.899,7.625,4.262,21.199,31.101,86.403,84.974
2.899,7.667,4.261,21.199,30.986,86.408,84.913
2.899,7.708,4.26,21.132,31.254,86.383,84.901
2.899,7.75,4.26,21.202,30.869,86.349,84.83
2.898,7.792,4.26,20.859,31.298,86.334,84.798
2.899,7.833,4.26,21.158,31.353,86.344,84.809
2.899,7.875,4.26,20.921,31.068,86.364,84.818
3.058,7.958,6.011,29.296,31.746,88.273,86.659
3.057,8,6.012,29.263,31.697,88.269,86.631
3.059,8.042,6.011,29.439,31.422,88.109,86.472
3.058,8.083,6.011,29.432,31.336,88.213,86.476
3.058,8.125,6.009,29.368,31.577,88.314,86.595
3.059,8.167,6.01,29.432,31.352,88.326,86.621
3.059,8.208,6.009,29.07,31.435,88.318,86.591
3.059,8.25,6.009,29.342,31.384,88.384,86.639
3.058,8.292,6.011,29.524,31.461,88.348,86.653
3.058,8.375,6.01,29.266,31.6,88.326,86.634
3.058,8.417,6.01,29.445,31.47,88.373,86.623
3.057,8.458,6.011,29.362,31.448,88.368,86.692
3.058,8.5,6.011,29.362,31.59,88.355,86.744
3.058,8.542,6.011,29.376,31.705,88.353,86.652
3.058,8.583,6.012,29.405,31.464,88.357,86.746
3.058,8.625,6.012,29.501,31.716,88.353,86.703
3.057,8.667,6.012,29.42,31.585,88.383,86.753
3.058,8.708,6.011,29.432,31.599,88.346,86.661
3.059,8.75,6.011,29.492,31.573,88.363,86.704
3.059,8.792,6.011,29.44,31.747,88.345,86.709
3.055,8.833,6.011,29.367,31.801,88.653,86.944
3.055,8.875,6.011,29.387,31.623,88.645,86.976
3.055,8.958,6.014,29.651,31.846,88.756,87.081
3.055,9,6.01,29.713,31.758,88.716,87.08
3.055,9.042,6.011,29.678,31.768,88.729,87.118
3.055,9.083,6.011,29.071,31.613,88.717,87.073
3.055,9.125,6.014,29.342,31.519,88.709,87.083
3.055,9.167,6.012,29.572,31.44,88.699,86.968
3.055,9.208,6.012,29.48,31.268,88.713,87.026
3.055,9.25,6.011,29.57,31.447,88.748,87.057
3.055,9.292,6.011,29.608,31.734,88.74,87.089
3.055,9.375,6.012,29.546,31.605,88.71,87.075
3.054,9.417,6.013,29.434,31.574,88.705,87.127
3.054,9.458,6.014,29.722,31.756,88.758,87.173
3.055,9.5,6.013,29.646,31.926,88.762,87.196
3.055,9.542,6.013,29.686,31.48,88.736,87.153
3.056,9.583,6.012,29.553,31.363,88.752,87.208
3.055,9.625,6.013,29.561,31.534,88.735,87.216
3.055,9.667,6.013,29.594,31.621,88.701,87.124
3.055,9.708,6.013,29.489,31.559,88.731,87.108
3.055,9.75,6.012,29.687,31.637,88.708,87.034
3.055,9.792,6.011,29.799,31.668,88.683,86.985
3.055,9.833,6.011,29.747,31.545,88.718,87.045
3.055,9.875,6.011,29.646,31.702,88.698,87.03
3.055,9.958,6.011,29.567,31.612,88.679,86.996
3.055,10,6.009,29.634,31.653,88.69,87.008
3.055,10.042,6.01,29.689,31.676,88.673,87.024
3.055,10.083,6.012,29.766,31.835,88.688,87.032
3.055,10.125,6.011,29.016,31.698,88.673,86.963
3.055,10.167,6.01,29.659,31.576,88.659,86.99
3.055,10.208,6.013,29.651,31.587,88.662,87.02
3.055,10.25,6.011,29.542,31.648,88.659,86.966
3.055,10.292,6.011,29.754,31.417,88.68,87.022
3.055,10.375,6.012,29.66,31.74,88.754,87.073
3.055,10.417,6.012,29.614,31.834,88.791,87.182
3.055,10.458,6.012,29.651,31.708,88.751,87.202
3.055,10.5,6.012,29.629,31.578,88.807,87.237
3.055,10.542,6.012,29.706,31.606,88.746,87.229
3.055,10.583,6.013,29.688,31.493,88.758,87.211
3.055,10.625,6.013,29.768,31.628,88.7,87.173
3.056,10.667,6.013,29.371,31.51,88.691,87.117
3.056,10.708,6.012,29.794,31.767,88.7,87.122
3.056,10.75,6.011,29.729,31.961,88.73,87.098
3.056,10.792,6.012,29.739,31.677,88.729,87.063
3.056,10.833,6.01,29.609,31.665,88.724,87.064
3.055,10.875,6.011,29.779,31.902,88.73,87.072
3.055,10.958,6.01,29.855,31.607,88.704,87.053
3.055,11,6.01,29.452,31.715,88.716,87.047
3.055,11.042,6.009,29.569,31.586,88.71,87.044
3.055,11.083,6.011,29.593,31.798,88.69,87.027
3.056,11.125,6.01,29.628,31.618,88.694,87.017
3.056,11.167,6.011,29.589,31.64,88.674,87.028
3.056,11.208,6.011,29.603,31.376,88.656,87.022
3.056,11.25,6.011,29.475,31.473,88.687,87.006
3.057,11.292,6.011,29.611,31.665,88.701,87.037
3.056,11.375,6.009,29.788,31.415,88.725,87.082
3.055,11.417,6.012,29.575,31.661,88.765,87.179
3.055,11.458,6.013,29.811,31.632,88.774,87.238
3.056,11.5,6.012,29.771,31.707,88.799,87.294
3.056,11.542,6.012,29.858,31.785,88.793,87.308
3.056,11.583,6.013,29.653,31.538,88.74,87.212
3.058,11.625,6.013,29.628,31.879,88.693,87.134
3.056,11.667,6.012,29.581,31.652,88.672,87.121
3.056,11.708,6.013,29.923,31.695,88.701,87.11
3.056,11.75,6.012,29.814,31.622,88.683,87.085
3.056,11.792,6.012,29.946,31.648,88.691,87.044
3.056,11.833,6.011,29.757,31.673,88.72,87.03
3.056,11.875,6.011,29.159,31.625,88.76,87.077
3.055,11.958,6.013,29.74,31.826,88.742,87.072
3.055,12,6.01,29.676,31.757,88.712,87.054
3.056,12.042,6.01,29.733,31.734,88.7,87.033
3.056,12.083,6.011,29.712,31.676,88.729,87.055
3.056,12.125,6.01,29.706,31.539,88.725,87.013
3.056,12.167,6.012,29.393,31.502,88.696,87.049
3.056,12.208,6.011,29.062,31.638,88.695,87.024
3.056,12.25,6.01,29.618,31.541,88.715,87.023
3.056,12.292,6.011,29.589,31.63,88.728,87.065
3.055,12.375,6.01,29.627,31.56,88.784,87.168
3.055,12.417,6.013,29.661,32.056,88.809,87.218
3.056,12.458,6.013,29.77,31.377,88.825,87.296
3.056,12.5,6.013,29.732,31.794,88.835,87.288
3.056,12.542,6.012,29.698,31.629,88.825,87.285
3.056,12.583,6.014,29.836,31.716,88.809,87.311
3.056,12.625,6.014,29.826,31.75,88.766,87.246
3.056,12.667,6.014,29.826,31.419,88.684,87.187
3.055,12.708,6.013,29.792,31.796,88.651,87.129
3.056,12.75,6.014,29.9,31.516,88.7,87.079
3.057,12.792,6.012,29.66,31.561,88.735,87.063
3.057,12.833,6.012,29.83,31.595,88.795,87.1
3.057,12.875,6.011,29.721,31.862,88.775,87.127
3.055,12.958,6.012,29.74,31.666,88.757,87.079
3.055,13,6.012,29.673,31.512,88.732,87.098
3.055,13.042,6.011,29.55,31.699,88.727,87.044
3.055,13.083,6.012,29.689,31.623,88.703,87.051
3.056,13.125,6.015,29.792,31.855,88.727,87.046
3.056,13.167,6.013,29.02,31.8,88.726,87.009
3.056,13.208,6.011,29.716,31.711,88.728,87.033
3.056,13.25,6.013,29.441,31.787,88.734,86.984
3.056,13.292,6.012,29.691,31.51,88.736,87.078
3.056,13.375,6.013,29.687,31.754,88.775,87.113
3.056,13.417,6.013,29.685,31.517,88.786,87.22
3.056,13.458,6.014,29.417,31.762,88.842,87.284
3.056,13.5,6.014,29.636,31.622,88.841,87.336
3.056,13.542,6.015,29.22,31.731,88.829,87.345
3.056,13.583,6.015,29.702,31.542,88.779,87.294
3.056,13.625,6.013,29.838,31.638,88.708,87.179
3.056,13.667,6.014,29.437,31.756,88.672,87.062
3.055,13.708,6.013,29.711,31.65,88.66,87.062
3.057,13.75,6.013,29.716,31.722,88.714,87.09
3.057,13.792,6.011,29.872,31.724,88.737,87.054
3.056,13.833,6.01,29.534,31.561,88.688,87.074
3.055,13.875,6.012,29.662,31.511,88.717,87.091
3.055,13.958,6.012,29.779,31.826,88.7,87.061
3.055,14,6.011,29.797,31.477,88.737,87.067
3.055,14.042,6.012,29.658,31.484,88.704,87.045
3.056,14.083,6.013,29.796,31.592,88.731,87.024
3.056,14.125,6.014,29.657,31.547,88.71,87.07
3.056,14.167,6.013,28.938,31.558,88.722,87.079
3.056,14.208,6.013,29.738,31.583,88.717,87.064
3.056,14.25,6.013,29.799,31.622,88.758,87.113
3.056,14.292,6.014,29.755,31.636,88.764,87.102
3.055,14.375,6.013,29.377,31.702,88.814,87.218
3.053,14.417,5.982,29.848,31.648,88.765,87.198
3.056,14.458,6.013,29.983,31.639,88.838,87.289
3.056,14.5,6.013,29.619,31.74,88.853,87.334
3.057,14.542,6.014,29.812,31.757,88.847,87.31
3.057,14.583,6.012,29.805,31.496,88.829,87.264
3.057,14.625,6.014,29.46,31.637,88.794,87.127
3.056,14.667,6.013,29.581,31.632,88.786,87.192
3.056,14.708,6.013,29.093,31.548,88.699,87.09
3.057,14.75,6.012,29.074,31.755,88.662,87.045
3.057,14.792,6.013,29.739,31.343,88.693,87.002
3.057,14.833,6.012,29.652,31.608,88.759,87.1
3.057,14.875,6.012,29.318,31.716,88.709,87.072
3.056,14.958,6.014,29.391,31.446,88.72,87.118
3.057,15,6.011,29.652,31.408,88.739,87.097
3.057,15.042,6.011,29.854,31.823,88.781,87.116
3.057,15.083,6.011,29.724,31.686,88.756,87.038
3.057,15.125,6.011,29.67,31.626,88.744,87.099
3.057,15.167,6.011,29.902,31.7,88.727,87.082
3.057,15.208,6.01,29.674,31.475,88.748,87.091
3.057,15.25,6.01,29.809,31.603,88.751,87.082
3.056,15.292,6.013,29.853,31.644,88.731,87.094
3.056,15.375,6.014,29.491,31.725,88.718,87.101
3.055,15.417,6.014,29.191,31.956,88.75,87.159
3.055,15.458,6.013,29.838,31.675,88.775,87.24
3.056,15.5,6.013,29.721,31.619,88.793,87.264
3.057,15.542,6.014,29.699,31.552,88.839,87.328
3.057,15.583,6.015,29.632,31.662,88.828,87.297
3.057,15.625,6.015,29.731,31.495,88.735,87.169
3.056,15.667,6.014,29.66,31.598,88.692,87.193
3.056,15.708,6.014,29.831,31.741,88.567,86.986
3.056,15.75,6.014,29.72,31.742,88.581,86.965
3.057,15.792,6.012,29.85,31.733,88.633,87.052
3.057,15.833,6.014,29.896,31.654,88.714,87.054
3.057,15.875,6.013,29.31,31.646,88.706,87.018
3.055,15.958,6.013,29.722,31.784,88.631,87.072
3.056,16,6.012,29.623,31.718,88.645,87.064
3.057,16.042,6.013,29.874,31.703,88.681,87.085
3.057,16.083,6.012,29.696,31.464,88.619,86.991
3.056,16.125,6.011,29.819,31.439,88.635,87.029
3.056,16.167,6.011,29.421,31.627,88.627,86.998
3.056,16.208,6.014,28.992,31.613,88.626,87.001
3.056,16.25,6.013,29.603,31.593,88.626,86.99
3.057,16.292,6.011,29.857,31.506,88.671,87.018
3.057,16.375,6.012,29.677,31.752,88.732,87.156
3.056,16.417,6.013,29.82,31.532,88.783,87.161
3.056,16.458,6.014,29.793,31.48,88.762,87.228
3.056,16.5,6.014,29.1,31.691,88.752,87.211
3.056,16.542,6.014,29.802,31.287,88.739,87.21
3.057,16.583,6.014,29.717,31.506,88.765,87.199
3.056,16.625,6.013,29.163,31.686,88.737,87.246
3.056,16.667,6.015,29.245,31.679,88.768,87.238
3.056,16.708,6.014,29.497,31.584,88.71,87.126
3.056,16.75,6.014,29.715,31.815,88.705,87.064
3.056,16.792,6.013,29.701,31.464,88.694,87.037
3.055,16.833,6.012,29.571,31.743,88.719,87.119
3.056,16.875,6.013,29.419,31.884,88.738,87.209
3.056,16.958,6.013,29.356,31.698,88.792,87.177
3.056,17,6.014,29.452,31.753,88.794,87.111
3.056,17.042,6.012,29.591,31.672,88.775,87.157
3.056,17.083,6.013,29.549,31.688,88.796,87.152
3.056,17.125,6.01,29.619,31.723,88.762,87.119
3.055,17.167,6.012,28.791,31.661,88.75,87.118
3.055,17.208,6.012,28.755,31.582,88.733,87.099
3.055,17.25,6.011,29.13,31.899,88.746,87.12
3.055,17.292,6.011,29.317,31.902,88.776,87.137
3.056,17.375,6.013,29.526,31.681,88.794,87.199
3.056,17.417,6.012,29.57,31.55,88.815,87.212
3.056,17.458,6.013,29.336,31.369,88.806,87.264
3.056,17.5,6.012,29.337,31.274,88.88,87.256
3.055,17.542,6.014,28.833,31.578,88.9,87.364
3.055,17.583,6.014,29.452,31.651,88.845,87.335
3.057,17.625,6.013,29.428,31.654,88.833,87.294
3.055,17.667,6.013,28.829,31.456,88.833,87.301
3.056,17.708,6.013,29.487,31.562,88.751,87.262
3.056,17.75,6.013,29.581,31.733,88.754,87.157
3.056,17.792,6.013,28.759,31.59,88.761,87.126
3.056,17.833,6.012,29.202,31.704,88.787,87.183
3.056,17.875,6.013,29.785,31.673,88.784,87.132
3.056,17.958,6.012,29.126,31.405,88.814,87.14
3.056,18,6.012,29.557,31.661,88.786,87.077
3.057,18.042,6.012,28.791,31.468,88.777,87.086
3.056,18.083,6.01,29.557,31.455,88.758,87.11
3.056,18.125,6.012,29.21,31.575,88.758,87.098
3.056,18.167,6.01,28.844,31.709,88.751,87.014
3.056,18.208,6.01,29.37,31.731,88.764,87.12
3.056,18.25,6.01,29.65,31.61,88.759,87.142
3.056,18.292,6.01,28.88,31.494,88.791,87.192
3.056,18.375,6.011,29.533,31.647,88.774,87.22
3.056,18.417,6.011,29.681,31.572,88.806,87.22
3.056,18.458,6.012,29.297,31.622,88.807,87.27
3.056,18.5,6.011,29.524,31.535,88.733,87.126
3.056,18.542,6.01,29.537,31.502,88.625,86.949
3.056,18.583,6.009,29.551,31.41,88.591,86.902
3.057,18.625,6.009,29.432,31.447,88.638,87.039
3.057,18.667,6.009,29.474,31.821,88.728,87.216
3.057,18.708,6.009,29.807,31.817,88.727,87.188
3.056,18.75,6.01,29.388,31.79,88.755,87.135
3.057,18.792,6.011,29.645,31.548,88.757,87.105
3.057,18.833,6.01,29.413,31.799,88.803,87.138
3.057,18.875,6.009,28.95,31.503,88.765,87.089
3.056,18.958,6.01,29.465,31.488,88.721,87.075
3.057,19,6.009,29.523,31.495,88.745,87.096
3.057,19.042,6.009,29.504,31.472,88.739,87.085
3.057,19.083,6.01,29.493,31.434,88.755,87.061
3.057,19.125,6.012,29.334,31.181,88.783,87.086
3.057,19.167,6.011,29.35,31.691,88.766,87.138
3.057,19.208,6.012,29.502,31.57,88.776,87.118
3.057,19.25,6.011,28.884,31.69,88.79,87.107
3.057,19.292,6.009,29.607,31.539,88.804,87.126
3.056,19.375,6.01,29.567,31.465,88.82,87.289
3.056,19.417,6.012,29.121,31.484,88.854,87.268
3.056,19.458,6.013,29.57,31.512,88.849,87.257
3.056,19.5,6.014,29.756,31.727,88.872,87.343
3.056,19.542,6.015,29.204,31.422,88.882,87.326
3.056,19.583,6.014,29.448,31.612,88.865,87.339
3.056,19.625,6.014,29.793,31.702,88.843,87.29
3.056,19.667,6.014,29.051,31.489,88.803,87.279
3.056,19.708,6.013,29.548,31.395,88.774,87.196
3.056,19.75,6.013,28.8,31.61,88.767,87.153
3.056,19.792,6.013,29.766,31.327,88.736,87.108
3.056,19.833,6.013,29.565,31.506,88.78,87.081
3.056,19.875,6.015,29.637,31.459,88.789,87.135
3.056,19.958,6.014,29.347,31.557,88.784,87.263
3.056,20,6.013,29.463,31.644,88.8,87.174
3.056,20.042,6.011,29.521,31.7,88.794,87.191
3.056,20.083,6.012,29.565,31.873,88.774,87.142
3.056,20.125,6.011,29.616,31.603,88.778,87.214
3.056,20.167,6.013,29.228,31.91,88.772,87.231
3.056,20.208,6.011,29.665,31.817,88.752,87.162
3.056,20.25,6.011,29.651,31.741,88.75,87.212
3.056,20.292,6.009,29.745,31.736,88.642,87.07
3.056,20.375,6.012,29.652,31.816,88.801,87.226
3.056,20.417,6.013,29.478,32.003,88.804,87.283
3.056,20.458,6.011,29.697,31.814,88.803,87.234
3.056,20.5,6.016,29.642,31.752,88.862,87.281
3.056,20.542,6.015,29.706,31.876,88.851,87.326
3.056,20.583,6.015,28.958,31.747,88.853,87.233
3.056,20.625,6.014,29.492,31.43,88.756,87.111
3.056,20.667,6.014,29.706,31.636,88.819,87.307
3.056,20.708,6.014,29.56,31.661,88.801,87.212
3.056,20.75,6.012,29.648,31.832,88.814,87.211
3.056,20.792,6.013,29.724,31.625,88.794,87.148
3.057,20.833,6.013,29.43,31.406,88.768,87.127
3.056,20.875,6.014,29.53,31.368,88.81,87.062
3.057,20.958,6.013,29.511,31.481,88.864,87.143
3.057,21,6.012,29.84,31.463,88.814,87.152
3.057,21.042,6.013,29.507,31.607,88.814,87.038
3.057,21.083,6.012,29.55,31.484,88.807,87.117
3.058,21.125,6.011,29.323,30.95,88.558,86.839
3.059,21.167,6.009,29.451,31.072,88.412,86.641
3.058,21.208,6.01,29.88,31.54,88.645,86.994
3.058,21.25,6.01,29.62,31.373,88.686,87.039
3.058,21.292,6.01,28.909,31.402,88.752,87.027
3.058,21.375,6.012,28.94,31.53,88.814,87.148
3.057,21.417,6.011,29.025,31.499,88.827,87.178
3.057,21.458,6.012,29.726,31.373,88.722,87.069
3.057,21.5,6.012,29.892,31.752,88.743,87.166
3.057,21.542,6.013,29.876,31.401,88.793,87.236
3.057,21.583,6.013,29.947,31.402,88.795,87.194
3.057,21.625,6.014,29.89,31.711,88.789,87.235
3.057,21.667,6.013,29.982,31.763,88.798,87.159
3.057,21.708,6.012,29.031,31.512,88.776,87.132
3.057,21.75,6.012,29.894,31.807,88.77,87.142
3.057,21.792,6.012,29.991,31.894,88.722,87.192
3.056,21.833,6.013,29.84,31.774,88.724,87.147
3.057,21.875,6.012,30.008,31.784,88.747,87.176
3.057,21.958,6.012,29.813,31.679,88.815,87.206
3.057,22,6.012,29.829,31.884,88.8,87.2
3.057,22.042,6.013,29.88,31.468,88.774,87.136
3.056,22.083,6.012,29.345,31.367,88.753,87.09
3.057,22.125,6.012,29.858,31.462,88.773,87.094
3.057,22.167,6.011,29.747,31.305,88.751,87.088
3.057,22.208,6.013,29.889,31.412,88.763,87.109
3.057,22.25,6.013,29.387,31.628,88.755,87.117
3.057,22.292,6.012,29.69,31.538,88.784,87.147
3.057,22.375,6.014,29.549,31.612,88.792,87.136
3.057,22.417,6.013,29.694,31.651,88.866,87.242
3.057,22.458,6.013,29.943,31.737,88.846,87.203
3.057,22.5,6.013,29.75,31.892,88.837,87.236
3.057,22.542,6.014,29.836,31.707,88.851,87.298
3.058,22.583,6.014,29.81,31.471,88.826,87.225
3.057,22.625,6.014,29.913,31.663,88.795,87.194
3.056,22.667,6.013,29.746,31.502,88.769,87.122
3.057,22.708,6.013,29.712,31.783,88.756,87.15
3.057,22.75,6.013,29.829,31.519,88.813,87.191
3.058,22.792,6.012,29.958,31.612,88.843,87.145
3.058,22.833,6.013,29.769,31.784,88.819,87.192
3.058,22.875,6.013,29.882,31.494,88.814,87.136
3.058,22.958,6.013,29.559,31.586,88.882,87.182
3.057,23,6.014,29.712,31.533,88.821,87.223
3.057,23.042,6.012,29.778,31.46,88.787,87.093
3.057,23.083,6.012,29.831,31.567,88.745,87.054
3.058,23.125,6.012,29.909,31.561,88.795,87.113
3.058,23.167,6.011,29.797,31.489,88.795,87.161
3.058,23.208,6.012,29.702,31.477,88.802,87.163
3.058,23.25,6.012,29.845,31.451,88.838,87.118
3.06,23.292,6.01,29.229,31.452,88.613,86.93
3.058,23.375,6.01,29.687,31.687,88.69,86.995
3.058,23.417,6.011,29.873,31.732,88.703,87.026
3.058,23.458,6.009,29.682,31.624,88.702,87.002
3.058,23.5,6.011,29.7,31.665,88.74,87.009
3.058,23.542,6.011,29.519,31.55,88.861,87.215
3.058,23.583,6.011,29.688,31.806,88.886,87.284
3.059,23.625,6.013,29.658,31.49,88.861,87.246
3.058,23.667,6.012,29.432,31.599,88.864,87.222
3.058,23.708,6.012,29.612,31.561,88.829,87.178
3.059,23.75,6.012,29.234,31.578,88.873,87.2
3.058,23.792,6.012,29.137,31.579,88.801,87.128
3.058,23.833,6.011,29.355,31.247,88.763,87.127
3.058,23.875,6.011,29.839,31.692,88.78,87.124
3.057,23.958,6.015,29.223,31.774,88.772,87.197
3.057,24,6.012,29.82,31.674,88.797,87.17
3.057,24.042,6.012,29.864,31.635,88.755,87.172
3.058,24.083,6.012,29.632,31.569,88.734,87.111
3.058,24.125,6.013,29.251,31.569,88.745,87.098
3.058,24.167,6.012,29.774,31.629,88.731,87.119
3.058,24.208,6.012,29.458,31.538,88.732,87.099
3.058,24.25,6.013,29.85,31.382,88.734,87.081
3.058,24.292,6.012,29.828,31.549,88.774,87.125
3.058,24.375,6.012,29.779,31.464,88.8,87.189
3.058,24.417,6.011,29.837,31.384,88.819,87.242
3.058,24.458,6.012,28.96,31.344,88.823,87.22
3.058,24.5,6.013,29.165,31.584,88.874,87.289
3.058,24.542,6.014,28.988,31.571,88.858,87.393
3.058,24.583,6.014,29.866,31.465,88.836,87.294
3.058,24.625,6.013,29.632,31.535,88.802,87.333
3.058,24.667,6.013,29.892,31.485,88.779,87.338
3.058,24.708,6.013,29.794,31.509,88.783,87.247
3.058,24.75,6.014,29.879,31.742,88.767,87.195
3.058,24.792,6.012,29.76,31.318,88.748,87.161
3.057,24.833,6.013,29.833,31.507,88.755,87.127
3.057,24.875,6.012,29.581,31.508,88.738,87.12
3.057,24.958,6.013,29.923,31.641,88.78,87.143
3.057,25,6.012,29.805,31.56,88.757,87.143
3.057,25.042,6.012,29.929,31.768,88.774,87.153
3.058,25.083,6.01,30.042,31.617,88.76,87.078
3.058,25.125,6.011,29.624,31.552,88.774,87.154
3.058,25.167,6.011,29.737,31.472,88.794,87.141
3.058,25.208,6.011,29.685,31.625,88.804,87.208
3.058,25.25,6.011,29.795,31.533,88.793,87.178
3.058,25.292,6.013,29.8,31.601,88.809,87.195
3.059,25.375,6.013,29.632,31.569,88.896,87.308
3.059,25.417,6.013,29.927,31.628,88.898,87.26
3.058,25.458,6.013,29.745,31.543,88.861,87.319
3.058,25.5,6.013,29.967,31.523,88.863,87.392
3.058,25.542,6.014,29.68,31.641,88.899,87.453
3.058,25.583,6.014,29.835,31.739,88.912,87.423
3.058,25.625,6.014,29.902,31.64,88.886,87.394
3.058,25.667,6.014,29.106,31.542,88.863,87.345
3.058,25.708,6.012,29.825,31.559,88.812,87.291
3.058,25.75,6.012,29.953,31.404,88.796,87.218
3.058,25.792,6.012,29.88,31.776,88.778,87.115
3.058,25.833,6.012,29.827,31.51,88.801,87.191
3.058,25.875,6.013,29.881,31.617,88.803,87.206
3.058,25.958,6.012,29.723,31.655,88.832,87.202
3.058,26,6.014,29.804,31.665,88.83,87.209
3.058,26.042,6.013,29.78,31.547,88.82,87.176
3.058,26.083,6.015,29.824,31.429,88.769,87.153
3.059,26.125,6.015,29.736,31.495,88.784,87.168
3.058,26.167,6.013,29.651,31.521,88.752,87.152
3.058,26.208,6.014,29.802,31.815,88.799,87.174
3.058,26.25,6.012,29.889,31.575,88.785,87.161
3.058,26.292,6.013,29.913,31.651,88.811,87.2
3.058,26.375,6.013,29.889,31.603,88.859,87.253
3.058,26.417,6.013,30.014,31.708,88.894,87.342
3.059,26.458,6.014,29.381,31.516,88.913,87.437
3.058,26.5,6.014,29.884,31.521,88.96,87.48
3.058,26.542,6.015,29.805,31.622,88.982,87.492
3.058,26.583,6.015,29.656,31.828,88.946,87.467
3.06,26.625,6.014,29.671,31.487,89.021,87.518
3.058,26.667,6.015,29.827,31.519,88.878,87.371
3.059,26.708,6.013,29.814,31.535,88.868,87.347
3.059,26.75,6.012,29.62,31.76,88.851,87.312
3.059,26.792,6.012,29.835,31.742,88.849,87.246
3.06,26.833,6.013,29.701,31.453,88.892,87.292
3.06,26.875,6.013,29.968,31.548,88.925,87.295
3.058,26.958,6.013,29.913,31.663,88.836,87.2
3.058,27,6.012,29.818,31.51,88.814,87.195
3.058,27.042,6.012,29.673,31.378,88.792,87.138
3.059,27.083,6.014,29.864,31.662,88.793,87.189
3.059,27.125,6.012,29.684,31.559,88.816,87.186
3.059,27.167,6.012,29.837,31.513,88.84,87.19
3.059,27.208,6.012,29.99,31.68,88.83,87.194
3.059,27.25,6.013,29.902,31.491,88.84,87.187
3.059,27.292,6.013,29.907,31.591,88.822,87.216
3.058,27.375,6.014,29.575,31.699,88.844,87.307
3.058,27.417,6.014,29.987,31.561,88.89,87.391
3.059,27.458,6.013,29.971,31.597,88.904,87.462
3.059,27.5,6.015,29.678,31.69,88.971,87.468
3.059,27.542,6.015,29.772,31.848,88.958,87.464
3.059,27.583,6.015,29.872,31.713,88.928,87.449
3.059,27.625,6.014,29.737,31.715,88.9,87.439
3.059,27.667,6.014,29.734,31.555,88.884,87.365
3.059,27.708,6.012,30.046,31.799,88.865,87.318
3.059,27.75,6.014,29.79,31.453,88.838,87.246
3.059,27.792,6.013,29.737,31.674,88.85,87.243
3.059,27.833,6.014,29.76,31.636,88.806,87.231
3.058,27.875,6.015,29.981,31.628,88.836,87.223
3.059,27.958,6.012,29.637,31.596,88.892,87.285
3.059,28,6.013,29.738,31.651,88.874,87.28
3.059,28.042,6.012,29.519,31.387,88.865,87.282
3.059,28.083,6.013,29.561,31.655,88.857,87.242
3.059,28.125,6.013,29.132,31.803,88.877,87.24
3.059,28.167,6.014,29.943,31.589,88.835,87.193
3.059,28.208,6.012,29.858,31.723,88.86,87.235
3.059,28.25,6.013,29.158,31.76,88.884,87.291
3.059,28.292,6.013,29.986,31.834,88.901,87.317
2.713,28.375,2.547,15.496,30.883,85.618,84.21
2.698,28.417,2.455,15.722,30.885,85.085,83.822
2.683,28.458,2.331,17.235,30.878,85.072,83.814
3.033,28.958,6.011,28.539,29.879,88.579,87.304
3.038,29,6.013,28.528,29.749,88.804,87.518
3.039,29.042,6.012,28.539,30.292,88.589,87.301
3.041,29.083,6.013,28.022,30.227,88.639,87.297
3.043,29.125,6.013,28.458,30.748,88.702,87.325
3.044,29.167,6.014,28.536,30.403,88.68,87.265
3.045,29.208,6.013,28.134,30.608,88.563,87.118
3.046,29.25,6.013,28.091,30.712,88.566,87.142
3.047,29.292,6.012,27.955,30.616,88.701,87.308
2.776,29.375,3.047,16.188,30.184,86.559,85.027
2.713,29.417,2.454,14.097,29.611,84.373,83.118
2.717,29.458,2.454,13.972,29.744,84.099,82.875
2.72,29.5,2.455,13.949,29.995,84.076,82.857
2.719,29.542,2.454,13.973,29.776,84.05,82.815
2.718,29.583,2.453,13.973,29.69,83.987,82.751
2.721,29.625,2.454,13.976,29.674,84.038,82.741
2.721,29.667,2.453,13.893,29.426,84.007,82.624
2.721,29.708,2.452,13.781,29.889,84.037,82.777
2.722,29.75,2.454,13.851,29.941,84.079,82.755
2.722,29.792,2.452,13.858,29.765,84.032,82.685
2.722,29.833,2.453,13.784,29.628,83.983,82.61
2.722,29.875,2.452,13.747,29.399,83.947,82.616
3.058,29.958,6.012,28.888,30.458,88.426,86.906
3.056,30,6.012,28.566,30.233,88.906,87.397
3.054,30.042,6.012,28.278,30.391,88.819,87.335
3.055,30.083,6.013,28.608,30.807,88.785,87.314
3.056,30.125,6.014,28.223,30.146,88.807,87.261
3.056,30.167,6.012,28.359,30.573,88.84,87.342
3.057,30.208,6.014,28.875,29.766,88.857,87.33
3.058,30.25,6.013,28.528,30.302,88.902,87.357
3.058,30.292,6.012,28.434,30.501,88.9,87.347
2.893,30.375,4.294,25.381,29.749,89.166,87.591
2.715,30.417,2.452,14.447,30.687,85.107,83.801
2.72,30.458,2.451,14.397,30.935,84.424,83.07
2.716,30.5,2.454,14.474,30.775,84.836,83.583
2.715,30.542,2.453,14.476,30.316,85.091,83.821
2.716,30.583,2.453,14.416,30.525,85.1,83.637
2.718,30.625,2.452,14.328,30.879,85.066,83.719
2.717,30.667,2.453,14.412,30.793,85.244,83.866
2.717,30.708,2.453,14.446,30.558,85.313,83.919
2.716,30.75,2.453,14.507,30.761,85.316,83.976
2.714,30.792,2.453,14.5,30.699,85.275,83.901
2.714,30.833,2.453,14.492,30.567,85.266,83.859
2.715,30.875,2.453,14.473,30.525,85.259,83.922
3.06,30.958,6.012,30.025,31.576,88.721,87.227
3.059,31,6.011,30.045,31.801,88.731,87.22
3.06,31.042,6.012,29.969,31.543,88.779,87.258
3.06,31.083,6.012,29.975,31.607,88.846,87.322
3.061,31.125,6.011,30.036,31.478,88.842,87.273
3.062,31.167,6.011,30.133,31.433,88.853,87.277
3.063,31.208,6.012,30.031,31.91,88.88,87.235
3.063,31.25,6.012,30.106,31.382,88.879,87.305
3.062,31.292,6.013,30.203,32.019,88.851,87.275
2.715,31.375,2.456,14.873,31.256,86.254,84.803
2.718,31.417,2.454,14.511,30.867,84.898,83.605
2.719,31.458,2.455,14.567,30.977,84.641,83.397
2.72,31.5,2.454,14.543,31.034,84.436,83.16
2.721,31.542,2.454,14.424,30.682,84.257,82.915
2.723,31.583,2.452,14.295,30.755,84.209,82.888
2.723,31.625,2.454,14.431,31.026,84.333,83.082
2.723,31.667,2.453,14.49,30.703,84.407,83.098
2.726,31.708,2.453,14.262,30.429,84.178,82.684
2.726,31.75,2.451,14.206,30.784,84.125,82.712
2.724,31.792,2.45,14.21,30.836,84.269,82.813
2.723,31.833,2.451,14.247,30.592,84.208,82.832
2.723,31.875,2.451,14.314,30.619,84.178,82.774
3.066,31.958,6.01,29.725,31.066,88.583,86.979
3.064,32,6.01,29.682,31.544,88.881,87.29
3.064,32.042,6.011,29.735,31.15,88.926,87.318
3.065,32.083,6.009,29.627,31.202,88.98,87.393
3.065,32.125,6.011,29.938,31.426,88.969,87.275
3.065,32.167,6.011,29.572,31.622,88.959,87.321
3.066,32.208,6.01,29.863,30.827,88.965,87.307
3.066,32.25,6.009,29.761,31.078,88.984,87.35
3.064,32.292,6.011,29.943,31.252,88.835,87.217
2.822,32.375,3.372,18.977,30.628,86.505,85.015
2.726,32.417,2.452,13.22,30.57,84.218,82.851
2.727,32.458,2.454,13.314,30.687,83.729,82.419
2.729,32.5,2.455,13.367,30.89,83.624,82.379
2.73,32.542,2.456,13.552,30.898,83.621,82.481
2.731,32.583,2.456,13.592,31.165,83.645,82.413
2.728,32.625,2.455,14.006,31.017,83.732,82.481
2.725,32.667,2.455,14.14,31.06,84.24,83.034
2.724,32.708,2.455,14.1,31.082,84.244,83.044
2.726,32.75,2.454,14.074,30.7,84.287,82.977
2.726,32.792,2.455,14.03,31.073,84.234,82.962
2.726,32.833,2.454,14.023,30.528,84.173,82.824
2.726,32.875,2.453,13.964,30.57,84.06,82.699
3.062,32.958,6.01,29.561,31.508,88.979,87.467
3.062,33,6.01,28.799,31.395,88.883,87.333
3.063,33.042,6.011,29.264,31.302,88.944,87.403
3.065,33.083,6.011,29.392,31.356,89.05,87.406
3.065,33.125,6.011,29.243,31.362,89.065,87.448
3.065,33.167,6.008,28.773,31.347,89.028,87.334
3.064,33.208,6.008,29.241,31.158,88.983,87.28
3.064,33.25,6.01,29.291,31.129,88.95,87.254
3.064,33.292,6.01,29.094,31.285,88.974,87.273
3.065,33.375,6.01,29.171,31.357,89.081,87.413
3.065,33.417,6.008,29.27,31.538,89.071,87.543
3.065,33.458,6.012,29.215,31.143,89.139,87.549
3.066,33.5,6.011,28.541,31.056,89.182,87.567
3.065,33.542,6.012,29.19,31.379,89.133,87.604
3.065,33.583,6.013,28.871,31.056,89.105,87.549
3.066,33.625,6.01,29.234,31.225,89.091,87.458
3.066,33.667,6.012,29.182,31.103,89.062,87.437
3.067,33.708,6.01,29.097,31.343,89.018,87.257
3.067,33.75,6.01,29.027,30.96,89.02,87.311
3.067,33.792,6.009,28.429,30.874,88.983,87.243
3.067,33.833,6.008,29.008,30.712,88.977,87.269
3.067,33.875,6.007,29.036,30.868,88.97,87.298
3.067,33.958,6.006,29.088,30.896,88.968,87.225
3.068,34,6.006,29.161,31.276,88.926,87.209
3.065,34.042,6.005,29.094,30.727,89.206,87.452
3.066,34.083,6.006,29.192,30.798,89.271,87.466
3.066,34.125,6.006,29.207,30.76,89.285,87.483
3.067,34.167,6.005,29.08,30.633,89.229,87.449
3.067,34.208,6.005,29.081,30.571,89.201,87.446
3.067,34.25,6.003,29.079,30.721,89.168,87.31
3.067,34.292,6.003,29.005,30.342,89.195,87.372
3.066,34.375,6.005,28.967,30.888,89.278,87.516
3.066,34.417,6.006,29.225,30.957,89.356,87.627
3.066,34.458,6.009,29.308,30.828,89.414,87.811
3.066,34.5,6.011,29.096,31,89.486,87.75
3.066,34.542,6.011,29.198,30.875,89.443,87.794
3.065,34.583,6.01,29.254,30.981,89.389,87.754
3.066,34.625,6.012,29.387,31.209,89.427,87.836
3.067,34.667,6.013,29.42,31.04,89.499,87.953
3.064,34.708,6.013,29.38,31.231,89.387,87.752
3.064,34.75,6.012,29.237,31.156,89.331,87.6
3.065,34.792,6.011,29.236,31.512,89.329,87.63
3.065,34.833,6.012,29.355,31.349,89.364,87.667
3.065,34.875,6.011,29.199,30.963,89.35,87.633
3.066,34.958,6.01,29.233,30.899,89.367,87.602
3.066,35,6.009,29.016,30.853,89.317,87.561
3.066,35.042,6.009,29.131,30.815,89.287,87.577
3.066,35.083,6.008,28.879,30.862,89.251,87.502
3.066,35.125,6.009,29.191,30.857,89.244,87.513
3.066,35.167,6.008,29.399,30.982,89.272,87.589
3.067,35.208,6.008,29.229,30.911,89.276,87.545
3.067,35.25,6.008,29.174,30.724,89.267,87.61
3.067,35.292,6.007,28.961,30.944,89.3,87.63
3.067,35.375,6.009,29.309,31.044,89.41,87.667
3.071,35.417,6.011,29.25,30.561,89.107,87.434
3.07,35.458,6.012,28.861,30.256,88.865,87.151
3.07,35.5,6.012,28.337,30.62,89.063,87.438
3.069,35.542,6.014,28.432,30.744,89.436,87.875
3.068,35.583,6.013,28.366,30.598,89.369,87.762
3.069,35.625,6.012,28.314,30.306,89.368,87.785
3.07,35.667,6.012,28.089,30.705,89.541,87.912
3.071,35.708,6.013,28.296,30.793,89.162,87.603
3.076,35.75,6.013,28.996,30.78,88.602,86.909
3.074,35.792,6.012,28.486,30.728,89.22,87.507
3.071,35.833,6.012,28.629,30.61,89.61,88.013
3.07,35.875,6.013,28.467,30.85,89.617,88.05
3.07,35.958,6.012,28.045,30.927,89.653,88.065
3.071,36,6.009,29.037,30.651,89.512,87.999
3.072,36.042,6.011,29.345,30.683,89.542,87.937
3.072,36.083,6.012,28.782,30.577,89.549,87.873
3.072,36.125,6.01,29.381,30.324,89.528,87.851
3.072,36.167,6.011,29.546,30.55,89.525,87.784
3.072,36.208,6.011,29.5,30.691,89.514,87.767
3.072,36.25,6.01,29.414,30.379,89.548,87.826
3.072,36.292,6.01,29.394,30.313,89.573,87.837
3.072,36.375,6.012,28.964,30.595,89.619,88.022
3.072,36.417,6.013,29.598,30.664,89.646,88.107
3.072,36.458,6.013,28.819,30.59,89.644,88.109
3.072,36.5,6.013,28.9,30.659,89.727,88.149
3.072,36.542,6.015,29.511,30.811,89.693,88.265
3.072,36.583,6.016,29.499,30.851,89.692,88.191
3.072,36.625,6.016,29.515,30.719,89.635,88.049
3.072,36.667,6.014,29.478,30.925,89.628,88.017
3.072,36.708,6.015,29.514,30.815,89.604,88.045
3.072,36.75,6.013,29.594,30.583,89.58,88.017
3.072,36.792,6.012,29.591,30.9,89.558,87.953
3.072,36.833,6.013,29.5,30.576,89.554,87.905
3.072,36.875,6.011,29.362,30.758,89.582,87.948
3.073,36.958,6.011,29.476,30.653,89.62,87.978
3.073,37,6.014,29.126,30.552,89.64,88.064
3.073,37.042,6.014,29.373,30.785,89.633,87.994
3.074,37.083,6.013,28.789,30.739,89.617,87.995
3.073,37.125,6.014,29.406,30.42,89.605,87.903
3.074,37.167,6.013,29.621,30.581,89.574,87.886
3.074,37.208,6.011,29.026,30.605,89.552,88.019
3.073,37.25,6.011,28.861,30.795,89.558,87.906
3.073,37.292,6.012,29.559,30.218,89.545,87.899
3.072,37.375,6.014,29.643,30.807,89.6,88.122
3.072,37.417,6.015,28.862,30.464,89.674,88.129
3.073,37.458,6.017,29.613,30.726,89.681,88.163
3.073,37.5,6.015,29.548,30.656,89.704,88.132
3.073,37.542,6.015,29.659,30.602,89.69,88.087
3.073,37.583,6.017,29.593,30.429,89.667,88.105
3.073,37.625,6.017,29.482,30.64,89.629,88.031
3.073,37.667,6.015,28.901,30.312,89.64,88.033
3.073,37.708,6.014,28.685,30.47,89.608,87.894
3.073,37.75,6.013,29.552,30.558,89.58,87.937
3.073,37.792,6.014,28.837,30.586,89.531,87.923
3.073,37.833,6.013,29.008,30.471,89.557,87.897
3.073,37.875,6.014,29.603,30.485,89.624,87.957
3.074,37.958,6.012,29.589,30.656,89.627,88.007
3.073,38,6.013,28.778,30.696,89.644,87.958
3.073,38.042,6.014,29.422,30.614,89.599,87.968
3.073,38.083,6.013,29.551,30.649,89.592,87.917
3.074,38.125,6.013,29.568,30.387,89.552,87.858
3.073,38.167,6.014,29.649,30.627,89.57,87.887
3.073,38.208,6.013,28.599,30.564,89.552,87.932
3.074,38.25,6.013,29.505,30.54,89.549,87.919
3.074,38.292,6.013,29.591,30.199,89.546,87.953
2.849,38.375,3.677,18.954,30.308,87.715,86.331
2.852,38.417,3.678,18.999,30.264,87.449,86.003
2.853,38.458,3.678,18.981,29.986,87.534,86.119
2.853,38.5,3.678,18.975,30.17,87.531,86.174
2.853,38.542,3.679,18.976,29.942,87.535,86.113
2.853,38.583,3.678,18.977,29.981,87.533,86.162
2.853,38.625,3.678,18.956,29.895,87.552,86.015
2.853,38.667,3.677,18.954,29.88,87.574,86.031
2.853,38.708,3.677,18.909,29.847,87.422,85.939
2.853,38.75,3.677,18.902,30,87.419,85.873
2.853,38.792,3.677,18.906,30.09,87.445,85.946
2.853,38.833,3.678,18.894,30.075,87.496,85.909
2.853,38.875,3.677,18.904,30.21,87.527,85.969
3.079,38.958,6.012,28.606,30.441,88.96,87.318
3.08,39,6.013,28.562,30.416,88.699,87.072
3.081,39.042,6.01,28.523,30.515,88.699,87.137
3.081,39.083,6.01,28.305,30.453,88.718,87.069
3.082,39.125,6.012,28.377,30.367,88.729,87.114
3.082,39.167,6.013,28.242,30.285,88.719,87.081
3.082,39.208,6.012,28.53,30.329,88.696,87.053
3.082,39.25,6.011,28.627,30.305,88.692,86.992
3.082,39.292,6.011,28.261,30.154,88.667,86.984
2.852,39.375,3.677,18.999,30.372,87.506,86.038
2.854,39.417,3.677,19.255,30.203,87.491,85.967
2.853,39.458,3.679,19.253,30.382,87.529,86.053
2.853,39.5,3.678,19.377,30.471,87.576,86.219
2.853,39.542,3.678,19.341,30.281,87.527,86.063
2.852,39.583,3.677,19.35,30.199,87.472,85.966
2.852,39.625,3.679,19.353,30.286,87.418,85.967
2.853,39.667,3.677,19.27,30.248,87.392,85.9
2.859,39.708,3.676,19.006,30.157,86.879,85.38
2.86,39.75,3.676,18.946,30.366,86.759,85.219
2.861,39.792,3.676,18.557,30.252,86.76,85.189
2.855,39.833,3.675,19.214,29.924,87.251,85.57
2.849,39.875,3.676,19.181,30.28,88.055,86.496
3.079,39.958,6.012,28.093,30.797,89.175,87.529
3.08,40,6.01,28.283,30.495,88.798,87.151
3.082,40.042,6.011,28.484,30.26,88.784,86.987
3.081,40.083,6.011,28.06,30.607,88.783,87.13
3.082,40.125,6.012,28.229,30.594,88.775,87.078
3.081,40.167,6.011,28.349,30.475,88.764,87.074
3.081,40.208,6.011,28.226,30.699,88.753,87.149
3.081,40.25,6.01,28.368,30.564,88.776,87.132
3.082,40.292,6.012,28.453,30.518,88.72,87.069
3.082,40.375,6.011,28.598,30.782,88.808,87.166
3.081,40.417,6.014,28.711,30.705,88.801,87.219
3.082,40.458,6.013,28.72,30.712,88.808,87.237
3.082,40.5,6.014,28.566,30.448,88.808,87.274
3.082,40.542,6.014,28.141,30.555,88.812,87.28
3.082,40.583,6.015,28.74,30.678,88.806,87.214
3.076,40.625,6.012,28.274,30.527,89.417,87.867
3.076,40.667,6.013,28.332,30.485,89.35,87.817
3.076,40.708,6.014,28.668,30.458,89.319,87.761
3.076,40.75,6.014,28.49,30.431,89.28,87.679
3.076,40.792,6.013,28.937,30.398,89.271,87.618
3.076,40.833,6.012,28.882,30.493,89.258,87.643
3.076,40.875,6.012,28.811,30.526,89.337,87.647
3.077,40.958,6.012,28.806,30.746,89.367,87.707
3.077,41,6.014,28.768,30.478,89.373,87.694
3.077,41.042,6.012,28.847,30.349,89.352,87.714
3.077,41.083,6.012,28.392,30.548,89.361,87.735
3.077,41.125,6.011,28.743,30.445,89.38,87.729
3.078,41.167,6.011,28.881,30.161,89.383,87.695
3.077,41.208,6.013,28.842,30.156,89.364,87.692
3.077,41.25,6.012,28.649,30.393,89.385,87.672
3.075,41.292,6.012,28.748,30.431,89.646,87.941
3.073,41.375,6.012,28.825,30.459,89.651,88.035
3.073,41.417,6.013,28.744,30.265,89.671,88.014
3.072,41.458,6.012,28.872,30.364,89.628,87.997
3.073,41.5,6.013,28.776,30.466,89.63,87.996
3.073,41.542,6.013,28.861,30.45,89.675,88.142
3.073,41.583,6.013,28.852,30.499,89.682,88.143
3.075,41.625,6.013,28.937,30.217,89.618,88.072
3.073,41.667,6.013,28.958,30.448,89.664,88.061
3.074,41.708,6.013,28.919,30.295,89.679,88.072
3.074,41.75,6.014,28.883,30.404,89.588,87.966
3.074,41.792,6.015,28.503,30.451,89.634,87.989
3.073,41.833,6.012,29.008,30.528,89.65,88.002
3.073,41.875,6.012,28.838,30.326,89.636,87.949
3.073,41.958,6.014,28.983,30.35,89.646,88.005
3.073,42,6.014,28.888,30.047,89.637,87.927
3.074,42.042,6.014,29.005,30.054,89.638,87.95
3.074,42.083,6.012,28.509,30.185,89.609,87.985
3.074,42.125,6.013,28.646,30.24,89.595,87.944
3.074,42.167,6.014,28.861,30.142,89.61,87.954
3.074,42.208,6.012,28.844,30.225,89.642,87.911
3.074,42.25,6.012,28.857,30.109,89.636,87.984
3.074,42.292,6.011,28.992,30.256,89.654,87.979
3.082,42.375,6.012,28.653,30.335,88.721,87.134
3.082,42.417,6.012,28.847,30.1,88.729,87.15
3.082,42.458,6.013,28.041,30.281,88.748,87.174
3.082,42.5,6.013,28.503,30.006,88.733,87.193
3.082,42.542,6.013,28.13,30.081,88.738,87.192
3.082,42.583,6.013,28.861,30.369,88.709,87.213
3.083,42.625,6.014,28.596,30.186,88.736,87.202
3.083,42.667,6.013,28.166,30.154,88.705,87.148
3.083,42.708,6.012,28.744,30.219,88.701,87.1
3.081,42.75,6.013,28.621,30.279,88.902,87.301
3.08,42.792,6.012,28.134,30.162,88.985,87.353
3.08,42.833,6.013,28.562,30.132,89.009,87.329
3.079,42.875,6.013,28.816,30.316,88.997,87.339
3.079,42.958,6.012,28.283,30.311,88.994,87.363
3.079,43,6.013,28.914,30.207,88.997,87.293
3.08,43.042,6.014,28.829,30.338,89.004,87.365
3.08,43.083,6.015,28.869,30.304,89.002,87.328
3.08,43.125,6.014,28.809,30.119,88.983,87.285
3.08,43.167,6.014,28.537,30.265,88.965,87.276
3.08,43.208,6.013,28.176,30.164,88.98,87.333
3.08,43.25,6.012,28.266,30.171,88.99,87.297
3.08,43.292,6.013,28.827,30.173,88.907,87.207
3.08,43.375,6.012,28.474,30.034,89.039,87.423
3.08,43.417,6.013,28.949,30.16,89.037,87.413
3.08,43.458,6.013,28.801,30.08,89.075,87.509
3.082,43.5,6.013,28.805,30.252,88.982,87.437
3.082,43.542,6.015,28.912,30.198,88.695,87.261
3.083,43.583,6.015,28.445,30.072,88.68,87.158
3.083,43.625,6.016,28.043,30.231,88.709,87.158
3.084,43.667,6.015,28.869,30.169,88.68,87.207
3.084,43.708,6.014,28.597,30.225,88.638,87.136
3.084,43.75,6.015,28.139,30,88.617,87.013
3.083,43.792,6.014,28.801,30.154,88.613,87.062
3.083,43.833,6.014,28.258,30.066,88.624,87.053
3.084,43.875,6.014,28.227,30.155,88.58,87.004
3.081,43.958,6.014,28.576,29.964,88.773,87.173
3.081,44,6.014,28.785,30.173,88.992,87.351
3.081,44.042,6.014,28.328,29.973,89.001,87.371
3.081,44.083,6.014,28.495,29.992,88.983,87.373
3.081,44.125,6.012,28.856,30.266,88.977,87.352
3.081,44.167,6.012,28.254,30.072,88.969,87.341
3.081,44.208,6.013,28.755,29.755,88.965,87.362
3.081,44.25,6.015,28.485,30.074,88.977,87.343
3.081,44.292,6.012,28.463,29.922,88.964,87.376
3.081,44.375,6.012,28.883,30.134,88.996,87.397
3.08,44.417,6.013,28.829,30.168,88.972,87.418
3.08,44.458,6.013,28.486,29.88,89.018,87.5
3.081,44.5,6.015,28.987,29.869,89.053,87.481
3.081,44.542,6.017,28.99,30.271,88.992,87.464
3.081,44.583,6.013,29.085,30.147,89.029,87.467
3.081,44.625,6.014,29.143,30.094,89.1,87.525
3.083,44.667,6.015,28.888,30.077,88.757,87.225
3.083,44.708,6.014,28.968,30.118,88.683,87.122
3.084,44.75,6.015,28.303,30.18,88.678,87.044
3.083,44.792,6.015,28.231,30.231,88.67,87.053
3.083,44.833,6.014,28.327,30.377,88.679,87.089
3.083,44.875,6.013,28.71,30.14,88.638,87.052
3.083,44.958,6.015,28.142,30.372,88.645,87.058
3.083,45,6.013,28.726,30.066,88.625,87.066
3.084,45.042,6.013,28.845,30.177,88.646,87.005
3.084,45.083,6.014,28.644,30.231,88.643,87.033
3.084,45.125,6.014,28.2,30.091,88.621,87.013
3.084,45.167,6.012,28.355,30.226,88.621,86.993
3.084,45.208,6.013,28.343,30.223,88.629,86.957
3.084,45.25,6.014,28.438,30.088,88.639,87.004
3.083,45.292,6.012,28.746,30.068,88.656,87.036
3.083,45.375,6.013,28.166,30.121,88.675,87.155
3.083,45.417,6.013,28.032,30.105,88.754,87.254
3.083,45.458,6.014,28.381,30.297,88.789,87.28
3.083,45.5,6.014,28.575,30.17,88.795,87.3
3.083,45.542,6.014,28.28,30.119,88.807,87.233
3.083,45.583,6.015,28.891,29.963,88.75,87.205
3.083,45.625,6.016,28.868,30.06,88.739,87.189
3.083,45.667,6.016,28.142,30.016,88.7,87.147
3.083,45.708,6.014,28.854,30.196,88.705,87.16
3.083,45.75,6.016,28.698,30.326,88.702,87.1
3.083,45.792,6.015,28.762,30.227,88.695,87.155
3.083,45.833,6.016,29.055,30.256,88.705,87.103
3.083,45.875,6.014,28.915,30.319,88.707,87.072
3.083,45.958,6.012,28.437,30.335,88.644,87.052
3.083,46,6.014,28.79,30.076,88.665,86.98
3.083,46.042,6.014,28.121,30.249,88.663,87.042
3.084,46.083,6.015,28.817,30.134,88.672,87.011
3.084,46.125,6.014,28.662,30.117,88.651,87.007
3.084,46.167,6.014,28.036,30.092,88.652,87.031
3.084,46.208,6.014,28.186,30.406,88.652,86.969
3.084,46.25,6.016,28.838,30.101,88.637,87.011
3.083,46.292,6.017,28.636,30.205,88.63,86.99
3.085,46.375,6.014,29.564,30.052,88.664,87.054
3.085,46.417,6.014,29.317,29.957,88.707,87.158
3.085,46.458,6.018,29.66,29.85,88.693,87.172
3.085,46.5,6.016,29.465,30.117,88.646,87.189
3.084,46.542,6.018,29.205,30.224,88.705,87.155
3.084,46.583,6.017,29.456,29.761,88.681,87.146
3.085,46.625,6.015,29.061,30.058,88.716,87.153
3.085,46.667,6.016,29.575,30.238,88.707,87.16
3.085,46.708,6.015,29.086,29.892,88.672,87.116
3.085,46.75,6.019,29.09,30.123,88.639,87.055
3.085,46.792,6.016,29.478,29.939,88.604,87.022
3.084,46.833,6.017,29.448,30.164,88.593,87.051
3.084,46.875,6.017,28.937,30.131,88.598,86.984
3.084,46.958,6.017,28.655,30.027,88.605,87.064
3.084,47,6.014,28.954,29.95,88.59,87.02
3.084,47.042,6.014,28.526,29.99,88.594,87.04
3.084,47.083,6.015,29.2,30.159,88.58,86.992
3.085,47.125,6.014,29.306,29.963,88.604,86.95
3.085,47.167,6.012,28.833,29.81,88.605,87.007
3.085,47.208,6.012,29.28,29.751,88.613,86.986
3.084,47.25,6.013,28.943,29.96,88.674,87.037
3.084,47.292,6.014,29.082,29.876,88.665,87.037
3.085,47.375,6.014,29.55,30.164,88.638,87.031
3.086,47.417,6.014,29.58,29.95,88.673,87.231
3.085,47.458,6.015,29.615,29.861,88.664,87.181
3.084,47.5,6.015,29.371,29.906,88.661,87.189
3.085,47.542,6.015,29.315,29.966,88.714,87.171
3.085,47.583,6.016,29.35,29.951,88.72,87.244
3.085,47.625,6.015,29.294,30.279,88.719,87.211
3.084,47.667,6.016,28.748,29.929,88.679,87.175
3.085,47.708,6.016,29.43,29.893,88.671,87.091
3.085,47.75,6.014,28.919,29.987,88.615,87.05
3.085,47.792,6.014,29.521,30.133,88.634,87.062
3.085,47.833,6.016,29.25,29.832,88.599,87.092
3.085,47.875,6.015,29.439,30.131,88.597,87.063
3.084,47.958,6.015,28.864,30.101,88.592,87.039
3.085,48,6.014,29.363,30.078,88.599,87.108
3.085,48.042,6.014,28.628,30.11,88.609,87.089
3.085,48.083,6.015,29.086,30.114,88.605,87.016
3.085,48.125,6.014,29.314,29.954,88.611,87.025
3.086,48.167,6.013,28.689,30.021,88.627,86.98
3.086,48.208,6.014,28.713,30.017,88.541,87.008
3.086,48.25,6.014,29.486,30.003,88.615,87.124
3.086,48.292,6.013,29.621,29.777,88.606,87.024
3.086,48.375,6.014,29.062,29.896,88.641,87.11
3.086,48.417,6.014,29.113,29.827,88.654,87.097
3.086,48.458,6.013,29.092,29.881,88.636,87.034
3.024,48.5,5.211,28.259,29.159,86.31,84.684
3.051,48.542,5.578,28.677,29.793,87.641,86.028
3.084,48.583,6.011,29.023,29.936,88.975,87.406
3.084,48.625,6.013,29.273,30.032,89.048,87.488
3.084,48.667,6.013,29.212,29.77,89.041,87.47
3.083,48.708,6.014,29.125,30.052,88.966,87.405
3.083,48.75,6.013,29.1,30.218,88.948,87.42
3.083,48.792,6.01,29.418,30.144,88.992,87.367
3.083,48.833,6.012,28.666,30.233,89.019,87.418
3.083,48.875,6.014,28.547,30.091,89.047,87.375
3.083,48.958,6.012,29.245,30.057,89.044,87.515
3.083,49,6.014,28.692,30.005,88.946,87.421
3.083,49.042,6.015,28.844,30.125,88.965,87.389
3.082,49.083,6.013,28.811,30.036,88.955,87.409
3.083,49.125,6.012,29.325,29.923,88.925,87.306
3.082,49.167,6.013,29.179,29.831,88.927,87.422
3.082,49.208,6.011,28.929,30.163,88.932,87.418
3.083,49.25,6.012,28.946,29.87,88.929,87.402
3.083,49.292,6.011,28.853,29.862,88.986,87.385
3.083,49.375,6.013,29.068,29.916,89.099,87.553
3.083,49.417,6.014,28.818,30.072,89.061,87.441
3.057,49.458,5.672,29.376,29.546,88.002,86.302
3.057,49.5,5.671,29.09,29.721,88.108,86.445
3.081,49.542,6.01,28.572,29.672,89.243,87.576
3.081,49.583,6.008,29.052,29.916,89.281,87.633
3.084,49.625,6.008,28.69,30.105,89.061,87.431
3.084,49.667,6.009,29.254,29.725,89.045,87.396
3.084,49.708,6.01,28.791,29.928,89.05,87.443
3.084,49.75,6.011,29.233,29.955,89.036,87.428
3.083,49.792,6.01,29.396,30.054,89.037,87.404
3.083,49.833,6.01,29.268,29.727,89.033,87.34
3.083,49.875,6.011,29.346,30,88.968,87.456
3.084,49.958,6.009,29.185,29.714,89.053,87.327
3.084,50,6.01,29.14,29.659,89.069,87.311
3.084,50.042,6.011,28.844,29.621,89.057,87.379
3.084,50.083,6.009,29.187,29.879,89.053,87.362
3.084,50.125,6.009,29.273,29.845,89.044,87.344
3.084,50.167,6.009,29.293,29.825,89.065,87.381
3.084,50.208,6.01,28.715,29.588,89.067,87.26
3.084,50.25,6.01,28.975,29.501,89.06,87.372
3.084,50.292,6.009,28.879,29.601,89.049,87.359
3.084,50.375,6.009,29.182,29.538,89.043,87.248
3.083,50.417,6.01,29.28,29.769,89.067,87.328
3.083,50.458,6.009,29.158,29.444,89.051,87.322
3.083,50.5,6.01,28.602,29.754,89.057,87.525
3.084,50.542,6.011,29.148,29.911,89.094,87.461
3.084,50.583,6.01,28.628,29.72,89.08,87.439
3.088,50.625,6.011,29.033,29.706,88.993,87.297
3.083,50.667,6.01,28.966,29.833,89.058,87.391
3.085,50.708,6.01,29.106,30.368,88.945,87.297
3.085,50.75,6.01,29.335,30.425,88.965,87.358
3.085,50.792,6.012,29.657,30.506,89.001,87.356
3.084,50.833,6.011,28.992,30.156,88.982,87.354
3.084,50.875,6.011,29.363,30.243,88.984,87.213
3.084,50.958,6.011,29.055,30.206,88.977,87.375
3.081,51,6.01,29.725,30.281,89.268,87.573
3.081,51.042,6.012,29.736,30.279,89.321,87.653
3.082,51.083,6.011,29.749,30.19,89.31,87.644
3.082,51.125,6.011,29.449,30.493,89.334,87.674
3.082,51.167,6.011,29.614,30.256,89.355,87.562
3.082,51.208,6.01,29.588,30.071,89.318,87.641
3.081,51.25,6.01,29.923,30.082,89.254,87.661
3.082,51.292,6.01,29.745,29.855,89.261,87.544
3.081,51.375,6.011,29.124,30.156,89.342,87.781
3.081,51.417,6.014,29.756,30.181,89.385,87.847
3.081,51.458,6.014,29.951,30.461,89.373,87.895
3.08,51.5,6.014,29.076,30.109,89.323,87.784
3.081,51.542,6.014,29.51,30.288,89.406,87.9
3.081,51.583,6.013,29.886,30.302,89.433,87.868
3.083,51.625,6.014,29.992,30.179,89.14,87.584
3.084,51.667,6.014,29.732,30.422,89.03,87.475
3.084,51.708,6.013,29.46,30.188,88.99,87.431
3.084,51.75,6.013,29.285,30.325,88.966,87.425
3.084,51.792,6.014,29.079,30.156,89.005,87.434
3.085,51.833,6.014,29.908,29.991,88.996,87.416
3.084,51.875,6.014,29.193,29.868,89.019,87.417
3.081,51.958,6.014,29.193,30.404,89.286,87.636
3.081,52,6.013,29.359,30.313,89.307,87.7
3.081,52.042,6.014,29.944,30.263,89.288,87.687
3.082,52.083,6.015,30.05,30.173,89.297,87.63
3.082,52.125,6.013,30.153,29.96,89.286,87.61
3.082,52.167,6.012,30.011,30.506,89.275,87.753
3.082,52.208,6.012,30.026,30.161,89.298,87.682
3.082,52.25,6.012,30.277,30.246,89.261,87.613
3.082,52.292,6.011,29.464,30.064,89.319,87.686
3.082,52.375,6.012,29.535,30.287,89.376,87.754
3.082,52.417,6.013,29.859,30.088,89.343,87.74
3.081,52.458,6.012,29.903,30.078,89.382,87.83
3.08,52.5,6.013,29.918,30.199,89.366,87.855
3.08,52.542,6.013,29.622,30.03,89.365,87.801
3.081,52.583,6.014,29.633,30.118,89.354,87.785
3.08,52.625,6.012,29.363,30.158,89.363,87.819
3.08,52.667,6.012,29.847,30.123,89.352,87.822
3.081,52.708,6.013,29.761,30.284,89.357,87.809
3.081,52.75,6.013,29.86,30.198,89.336,87.725
3.081,52.792,6.012,29.807,30.127,89.317,87.719
3.08,52.833,6.012,29.53,30.127,89.319,87.699
3.08,52.875,6.014,29.856,30.35,89.322,87.67
3.08,52.958,6.012,29.822,29.994,89.336,87.657
3.081,53,6.012,29.609,30.143,89.341,87.708
3.081,53.042,6.013,29.667,30.041,89.314,87.676
3.081,53.083,6.014,29.076,29.87,89.315,87.627
3.081,53.125,6.014,29.928,30.06,89.313,87.603
3.081,53.167,6.014,29.159,29.972,89.321,87.705
3.081,53.208,6.013,29.222,30.04,89.346,87.721
3.081,53.25,6.013,29.61,30.063,89.36,87.722
3.081,53.292,6.013,29.964,30.138,89.36,87.719
3.082,53.375,6.014,29.455,30.061,89.414,87.837
3.081,53.417,6.014,29.872,30.139,89.392,87.83
3.081,53.458,6.014,29.904,30.082,89.417,87.859
3.081,53.5,6.015,29.882,29.876,89.45,87.89
3.081,53.542,6.014,29.726,30.087,89.474,87.972
3.081,53.583,6.015,30.028,29.841,89.465,87.877
3.081,53.625,6.014,29.928,30.052,89.394,87.806
3.083,53.667,6.014,30.285,30.211,89.347,87.791
3.083,53.708,6.015,29.453,29.963,89.029,87.437
3.084,53.75,6.014,29.974,29.857,89.012,87.405
3.084,53.792,6.014,30.161,30.089,89.051,87.403
3.085,53.833,6.013,29.428,30.136,89.074,87.418
3.085,53.875,6.014,30.02,30.097,89.092,87.432
3.085,53.958,6.014,29.934,30.054,89.079,87.5
3.085,54,6.014,29.502,30.109,89.043,87.46
3.085,54.042,6.014,29.627,29.99,89.052,87.428
3.085,54.083,6.013,30.159,30.125,89.011,87.421
3.085,54.125,6.014,29.475,30.04,89.016,87.434
3.085,54.167,6.013,29.427,30.137,89.015,87.418
3.085,54.208,6.015,29.368,29.956,89.026,87.411
3.085,54.25,6.014,30.036,29.939,89.036,87.404
3.086,54.292,6.014,30.083,30.067,89.002,87.418
3.086,54.375,6.014,29.394,30.079,89.083,87.455
3.086,54.417,6.013,30.137,30.016,89.075,87.529
3.086,54.458,6.014,29.352,29.994,89.129,87.623
3.086,54.5,6.015,29.317,30.152,89.192,87.638
3.085,54.542,6.014,30.091,30.014,89.156,87.587
3.085,54.583,6.014,29.554,30.117,89.157,87.616
3.086,54.625,6.015,30.157,29.87,89.138,87.584
3.086,54.667,6.015,29.971,30.154,89.117,87.585
3.086,54.708,6.015,29.886,29.959,89.111,87.546
3.086,54.75,6.015,30.083,29.852,89.074,87.455
3.085,54.792,6.016,29.718,30.283,88.976,87.383
3.085,54.833,6.014,30.002,29.941,88.902,87.368
3.084,54.875,6.015,29.432,29.963,88.883,87.262
3.085,54.958,6.014,30.139,30.07,88.959,87.342
3.085,55,6.015,29.252,30.196,89.007,87.42
3.085,55.042,6.013,29.13,30.184,88.98,87.37
3.085,55.083,6.014,29.922,30.095,88.961,87.33
3.086,55.125,6.012,30.128,29.917,88.969,87.308
3.086,55.167,6.012,29.485,30.081,88.999,87.371
3.086,55.208,6.013,30.178,29.95,88.985,87.365
3.085,55.25,6.013,29.42,29.946,88.986,87.369
3.086,55.292,6.013,30.309,30.236,88.993,87.399