DOL,CD,FI3312A,FI3312B,TI3302A,TI3302B
109.250,6.015,28.601,31.388,89.173,87.482
109.292,6.013,28.559,31.130,89.144,87.516
109.375,2.454,13.329,30.700,84.226,82.949
109.417,2.455,13.337,30.686,84.001,82.750
109.458,2.454,13.342,30.914,83.960,82.705
109.500,2.455,13.345,30.923,83.940,82.749
109.542,2.454,13.351,30.502,83.975,82.789
109.583,2.454,13.337,30.425,83.958,82.677
109.625,2.454,13.336,30.532,83.956,82.713
109.667,2.454,13.343,30.654,84.002,82.748
109.708,2.453,13.344,30.930,83.973,82.715
109.750,2.453,13.331,30.664,83.941,82.581
109.792,2.453,13.311,30.782,83.965,82.622
109.833,2.453,13.326,30.562,83.976,82.668
109.875,2.454,13.321,30.918,83.949,82.648
109.958,6.013,29.408,31.333,88.829,87.264
110.000,6.013,29.130,31.281,89.238,87.671
110.042,6.015,29.288,31.117,89.220,87.592
110.083,6.015,29.303,30.902,89.250,87.669
110.125,6.014,29.297,31.243,89.215,87.520
110.167,6.015,29.144,31.169,89.276,87.574
110.208,6.014,29.223,30.996,89.237,87.621
110.250,6.014,29.301,31.233,89.267,87.632
110.292,6.016,29.319,31.474,89.102,87.412
110.375,6.015,29.030,31.091,89.295,87.656
110.417,6.016,29.099,31.467,89.344,87.765
110.458,6.014,29.179,31.343,89.337,87.804
110.500,6.016,29.063,31.211,89.394,87.849
110.542,6.017,29.126,31.528,89.329,87.875
110.583,6.018,29.018,31.290,89.231,87.729
110.625,6.017,29.000,31.434,89.289,87.774
110.667,6.019,29.190,31.372,89.333,87.829
110.708,6.017,29.158,31.473,89.343,87.837
110.750,6.018,29.247,31.165,89.304,87.738
110.792,6.016,29.104,31.460,89.324,87.751
110.833,6.016,29.128,31.395,89.321,87.683
110.875,6.015,28.363,31.195,89.308,87.710
110.958,6.017,28.889,31.237,89.291,87.727
111.000,6.014,29.079,31.199,89.315,87.665
111.042,6.014,29.012,31.529,89.325,87.774
111.083,6.012,28.351,31.383,89.315,87.703
111.125,6.015,29.080,31.202,89.333,87.693
111.167,6.013,29.075,31.307,89.358,87.737
111.208,6.012,29.057,31.287,89.358,87.763
111.250,6.013,28.872,31.352,89.306,87.737
111.292,6.014,28.936,31.135,89.388,87.759
111.375,6.014,29.062,31.490,89.426,87.875
111.417,6.015,29.032,30.952,89.391,87.796
111.458,6.016,29.148,31.127,89.468,87.913
111.500,6.017,29.122,31.343,89.477,87.944
111.542,6.018,28.944,30.984,89.444,87.928
111.583,6.016,29.064,31.208,89.388,87.886
111.625,6.015,29.061,31.057,89.422,87.902
111.667,6.017,29.371,31.237,89.435,87.941
111.708,6.018,29.080,31.296,89.408,87.854
111.750,6.019,28.659,31.189,89.419,87.867
111.792,6.016,29.071,30.985,89.395,87.789
111.833,6.014,28.674,31.310,89.433,87.734
111.875,6.014,28.876,31.147,89.428,87.840
111.958,6.015,28.903,31.042,89.391,87.737
112.000,6.014,28.921,31.163,89.374,87.799
112.042,6.015,29.038,31.096,89.425,87.829
112.083,6.015,29.010,30.896,89.432,87.813
112.125,6.015,28.925,30.959,89.427,87.778
112.167,6.014,28.957,31.189,89.467,87.857
112.208,6.014,29.081,31.015,89.463,87.896
112.250,6.014,29.059,31.224,89.500,87.874
112.292,6.014,28.955,31.314,89.490,87.852
112.375,2.760,15.408,30.651,85.451,84.097
112.417,2.760,15.309,30.433,84.675,83.343
112.458,2.761,15.319,30.511,84.430,83.111
112.500,2.760,15.302,30.602,84.340,83.043
112.542,2.761,15.293,30.495,84.343,83.058
112.583,2.760,15.305,30.590,84.324,82.950
112.625,2.760,15.298,30.564,84.296,82.965
112.667,2.760,15.430,30.513,84.286,82.962
112.708,2.760,15.451,30.531,84.290,82.942
112.750,2.760,15.428,30.416,84.288,82.928
112.792,2.759,15.443,30.358,84.360,82.948
112.833,2.759,15.709,30.531,84.357,82.942
112.875,2.759,15.636,30.512,84.374,82.971
112.958,6.013,29.572,31.118,90.432,88.839
113.000,6.014,28.949,31.067,90.049,88.525
113.042,6.014,29.284,30.850,90.028,88.442
113.083,6.012,28.678,30.998,90.013,88.359
113.125,6.013,29.361,31.026,89.953,88.153
113.167,6.012,29.205,30.915,89.950,88.223
113.208,6.011,29.378,31.091,89.950,88.303
113.250,6.012,29.463,31.012,90.019,88.318
113.292,6.012,28.639,31.083,90.001,88.285
113.375,2.760,15.886,30.534,85.525,84.172
113.417,2.759,15.876,30.403,84.538,83.202
113.458,2.759,15.885,30.579,84.293,82.949
113.500,2.759,15.868,30.476,84.237,82.924
113.542,2.759,15.853,30.426,84.181,82.718
113.583,2.759,15.847,30.450,84.180,82.805
113.625,2.758,15.833,30.244,84.164,82.778
113.667,2.759,15.853,30.337,84.264,82.796
113.708,2.759,15.861,30.375,84.554,83.192
113.750,2.759,15.857,30.279,84.638,83.261
113.792,2.758,15.852,30.262,84.655,83.277
113.833,2.759,15.849,30.307,84.694,83.265
113.875,2.759,15.850,30.366,84.785,83.369
113.958,6.010,29.696,30.919,89.876,88.296
114.000,6.011,29.525,30.948,90.053,88.438
114.042,6.012,29.492,31.204,90.080,88.482
114.083,6.013,29.427,30.945,90.141,88.513
114.125,6.013,29.539,31.030,90.155,88.523
114.167,6.013,29.578,30.871,90.165,88.532
114.208,6.015,29.551,31.197,90.130,88.600
114.250,6.015,29.544,31.029,90.071,88.475
114.292,6.014,29.510,30.773,90.095,88.518
114.375,2.760,15.082,30.254,85.341,83.997
114.417,2.760,14.883,30.380,84.690,83.320
114.458,2.760,14.998,30.241,84.495,83.182
114.500,2.761,15.032,30.488,84.500,83.115
114.542,2.760,14.978,30.325,84.450,83.069
114.583,2.760,14.900,30.265,84.452,83.090
114.625,2.759,14.973,30.346,84.415,82.958
114.667,2.758,14.943,30.140,84.439,82.929
114.708,2.757,14.984,30.107,84.487,83.015
114.750,2.757,14.823,30.682,84.532,83.132
114.792,2.757,15.117,30.571,84.583,83.118
114.833,2.758,15.138,30.378,84.634,83.253
114.875,2.758,15.083,30.474,84.666,83.301
114.958,6.011,29.160,31.256,89.305,87.740
115.000,6.013,29.252,30.948,89.745,88.242
115.042,6.014,29.456,31.129,89.836,88.290
115.083,6.014,29.206,31.306,89.882,88.241
115.125,6.013,29.351,31.238,89.822,88.209
115.167,6.013,29.404,31.074,89.808,88.112
115.208,6.014,29.436,31.025,89.844,88.222
115.250,6.014,29.301,31.096,89.768,88.170
115.292,6.014,29.384,31.178,89.743,88.114
115.375,2.760,15.319,30.032,86.898,85.393
115.417,2.758,15.125,30.551,84.719,83.209
115.458,2.758,15.279,30.453,84.409,82.930
115.500,2.757,15.302,30.460,84.361,82.882
115.542,2.758,15.357,30.377,84.368,83.022
115.583,2.757,15.403,30.678,84.400,83.090
115.625,2.758,15.459,30.486,84.471,83.177
115.667,2.758,15.413,30.524,84.552,83.182
115.708,2.758,15.453,30.415,84.522,83.100
115.750,2.758,15.493,30.792,84.562,83.103
115.792,2.759,15.480,30.666,84.558,83.207
115.833,2.758,15.511,30.646,84.542,83.216
115.875,2.759,15.472,30.787,84.544,83.201
115.958,6.013,29.203,31.346,89.633,88.051
116.000,6.012,29.483,31.001,89.753,88.124
116.042,6.013,29.574,30.831,89.793,88.119
116.083,6.014,29.545,31.090,89.870,88.126
116.125,6.013,28.813,30.986,89.787,88.114
116.167,6.013,29.433,31.025,89.831,88.036
116.208,6.015,28.998,30.924,89.643,87.944
116.250,6.014,29.541,30.852,89.715,87.835
116.292,6.011,29.143,30.468,89.499,87.628
116.375,2.758,15.203,30.101,85.904,84.396
116.417,2.757,15.236,30.392,84.623,83.124
116.458,2.756,15.205,30.522,83.994,82.476
116.500,2.755,15.197,30.385,83.906,82.323
116.542,2.756,15.216,30.440,83.920,82.429
116.583,2.757,15.236,30.335,83.921,82.449
116.625,2.757,15.289,30.545,83.901,82.556
116.667,2.757,15.296,30.493,83.894,82.511
116.708,2.757,15.302,30.484,83.875,82.462
116.750,2.756,15.280,30.637,83.913,82.465
116.792,2.758,15.267,30.382,83.964,82.438
116.833,2.757,15.248,30.576,83.971,82.488
116.875,2.757,15.438,30.499,84.076,82.547
116.958,6.010,28.580,31.252,89.508,87.837
117.000,6.012,28.536,31.196,89.857,88.161
117.042,6.013,28.476,31.234,89.933,88.166
117.083,6.013,28.539,30.798,89.936,88.099
117.125,6.012,28.719,31.012,89.887,88.163
117.167,6.012,28.613,31.147,89.883,88.198
117.208,6.011,28.443,31.214,89.936,88.080
117.250,6.011,28.621,31.004,89.863,88.096
117.292,6.012,28.559,31.057,89.914,88.141
117.375,6.014,28.688,31.103,89.925,88.196
117.417,6.013,28.590,31.094,89.917,88.211
117.458,6.013,28.692,30.992,89.910,88.252
117.500,6.015,28.639,30.935,89.880,88.213
117.542,6.014,28.476,31.183,89.871,88.155
117.583,6.014,28.548,31.232,89.866,88.245
117.625,6.016,28.786,31.191,89.838,88.249
117.667,6.015,28.292,31.147,89.827,88.078
117.708,6.014,28.515,31.037,89.843,88.161
117.750,6.016,28.765,31.036,89.842,88.159
117.792,6.014,28.671,31.254,89.866,88.167
117.833,6.013,28.686,31.304,89.855,88.203
117.875,6.014,28.602,30.871,89.850,88.147
117.958,6.012,28.575,31.056,89.856,88.166
118.000,6.014,28.604,31.193,89.856,88.115
118.042,6.013,28.521,31.034,89.846,88.138
118.083,6.014,28.532,31.156,89.852,88.183
118.125,6.013,28.687,31.085,89.850,88.080
118.167,6.012,28.595,31.056,89.837,88.110
118.208,6.012,28.695,31.273,89.882,88.064
118.250,6.011,28.868,31.101,89.846,88.142
118.292,6.014,28.625,31.474,89.598,87.892
118.375,6.014,28.787,31.173,89.527,87.854
118.417,6.014,28.604,31.180,89.526,87.849
118.458,6.015,28.586,31.185,89.573,87.970
118.500,6.015,28.650,31.155,89.592,88.002
118.542,6.013,28.605,31.159,89.500,87.774
118.583,6.015,28.440,31.312,89.564,87.861
118.625,6.012,28.670,31.092,89.566,87.870
118.667,6.013,28.746,31.237,89.577,87.888
118.708,6.013,28.839,30.803,89.528,87.843
118.750,6.014,28.655,31.117,89.590,87.861
118.792,6.014,28.580,31.015,89.551,87.842
118.833,6.014,28.616,30.892,89.543,87.744
118.875,6.014,28.818,31.295,89.511,87.775
118.958,6.015,28.675,31.014,89.441,87.722
119.000,6.014,28.738,31.296,89.448,87.785
119.042,6.013,28.751,31.303,89.477,87.747
119.083,6.014,28.591,31.321,89.497,87.767
119.125,6.013,28.766,31.438,89.515,87.754
119.167,6.013,28.832,31.333,89.513,87.822
119.208,6.012,28.572,31.335,89.529,87.774
119.250,6.013,28.641,31.136,89.538,87.792
119.292,6.014,28.606,31.279,89.530,87.814
119.375,2.760,15.110,30.129,84.192,82.818
119.417,2.760,15.681,30.689,83.943,82.459
119.458,2.759,15.669,30.336,83.907,82.483
119.500,2.759,15.658,30.478,83.960,82.582
119.542,2.759,15.634,30.308,83.955,82.619
119.583,2.758,15.661,30.283,83.978,82.674
119.625,2.759,15.684,30.457,84.067,82.715
119.667,2.759,15.862,30.472,84.186,82.737
119.708,2.758,15.786,30.449,84.161,82.716
119.750,2.758,15.792,30.602,84.153,82.690
119.792,2.759,15.778,30.303,84.225,82.784
119.833,2.758,15.788,30.460,84.289,82.854
119.875,2.759,15.790,30.615,84.278,82.806
119.958,5.490,26.421,31.207,88.206,86.552
120.000,5.491,26.677,31.155,88.487,86.865
120.042,5.491,26.763,31.104,88.538,86.892
120.083,5.491,26.555,31.020,88.500,86.868
120.125,5.490,26.727,30.953,88.495,86.833
120.167,5.490,26.482,30.960,88.492,86.810
120.208,5.491,26.544,31.082,88.485,86.821
120.250,5.489,26.655,31.207,88.481,86.743
120.292,5.490,26.516,30.955,88.451,86.784
120.375,5.490,26.530,31.028,88.433,86.874
120.417,5.490,26.501,31.062,88.417,86.910
120.458,5.490,26.591,30.864,88.424,86.902
120.500,5.491,26.652,31.117,88.488,86.962
120.542,5.491,26.460,31.040,88.500,86.954
120.583,5.493,26.812,31.276,88.496,86.957
120.625,5.492,26.647,31.043,88.512,86.997
120.667,5.493,26.604,30.916,88.474,86.897
120.708,5.492,26.619,31.288,88.452,86.840
120.750,5.492,26.660,31.025,88.457,86.868
120.792,5.491,26.641,31.056,88.451,86.844
120.833,5.491,26.613,31.033,88.392,86.770
120.875,5.491,26.586,31.119,88.427,86.785
120.958,5.493,26.588,31.138,88.445,86.804
121.000,5.491,26.659,31.363,88.466,86.832
121.042,5.491,26.570,31.173,88.486,86.809
121.083,5.490,26.606,31.001,88.470,86.802
121.125,5.490,26.511,31.185,88.419,86.760
121.167,5.489,26.642,31.198,88.423,86.763
121.208,5.490,26.670,31.163,88.427,86.813
121.250,5.489,26.429,31.287,88.464,86.756
121.292,5.490,26.623,30.914,88.443,86.759
121.375,5.490,26.648,30.938,88.448,86.874
121.417,5.490,26.689,31.080,88.480,86.939
121.458,5.492,26.659,30.968,88.471,86.930
121.500,5.492,26.393,30.922,88.500,87.002
121.542,5.493,26.764,31.032,88.473,86.960
121.583,5.494,26.684,30.916,88.470,86.940
121.625,5.493,26.738,31.073,88.429,86.889
121.667,5.493,26.627,31.037,88.435,86.838
121.708,5.492,26.782,30.882,88.424,86.870
121.750,5.492,26.710,31.198,88.452,86.894
121.792,5.492,26.681,31.159,88.437,86.872
121.833,5.493,26.658,30.915,88.446,86.812
121.875,5.491,26.608,30.868,88.418,86.823
121.958,5.493,26.638,31.111,88.412,86.789
122.000,5.493,26.666,31.229,88.385,86.804
122.042,5.491,26.667,31.112,88.379,86.762
122.083,5.492,26.666,31.162,88.389,86.794
122.125,5.492,26.584,31.154,88.384,86.734
122.167,5.490,26.556,30.859,88.476,86.816
122.208,5.491,26.464,30.811,88.457,86.818
122.250,5.491,26.623,31.167,88.507,86.882
122.292,5.491,26.517,30.904,88.503,86.841
122.375,5.491,26.684,31.001,88.373,86.873
122.417,5.491,26.761,31.130,88.410,86.887
122.458,5.493,26.664,31.000,88.438,86.978
122.500,5.492,26.540,30.998,88.417,86.909
122.542,5.497,26.670,30.909,88.483,86.899
122.583,5.493,26.678,30.938,88.412,86.930
122.625,5.492,26.561,30.993,88.365,86.878
122.667,5.492,26.571,30.838,88.370,86.841
122.708,5.492,26.644,30.973,88.342,86.765
122.750,5.493,26.664,30.844,88.380,86.792
122.792,5.492,26.688,30.926,88.418,86.815
122.833,5.490,26.658,30.745,88.401,86.833
122.875,5.491,26.644,30.697,88.433,86.850
122.958,5.490,26.534,30.741,88.405,86.810
123.000,5.489,26.533,30.900,88.511,86.797
123.042,5.490,26.626,30.927,88.488,86.872
123.083,5.489,26.470,30.949,88.472,86.823
123.125,5.488,26.528,30.958,88.416,86.787
123.167,5.490,26.429,30.802,88.433,86.802
123.208,5.491,26.305,31.009,88.438,86.796
123.250,5.490,26.509,30.803,88.447,86.784
123.292,5.490,26.624,30.784,88.460,86.766
123.375,5.490,26.546,30.848,88.486,86.888
123.417,5.490,26.724,31.329,88.409,86.770
123.458,5.490,26.657,31.334,88.363,86.820
123.500,5.491,26.642,31.183,88.372,86.862
123.542,5.493,26.428,31.111,88.405,86.896
123.583,5.491,26.677,31.437,88.352,86.777
123.625,5.493,26.627,31.314,88.198,86.672
123.667,5.492,26.848,31.543,88.147,86.640
123.708,5.491,26.596,31.301,88.201,86.655
123.750,5.490,26.785,31.199,88.211,86.606
123.792,5.489,26.412,31.147,88.156,86.526
123.833,5.488,26.545,31.279,88.252,86.648
123.875,5.488,26.493,31.154,88.307,86.663
123.958,5.490,26.878,31.493,88.385,86.710
124.000,5.490,26.660,31.454,88.382,86.730
124.042,5.490,26.605,31.287,88.359,86.701
124.083,5.489,26.744,31.332,88.331,86.664
124.125,5.490,26.501,31.387,88.310,86.692
124.167,5.491,26.425,31.331,88.309,86.680
124.208,5.491,26.618,31.293,88.316,86.668
124.250,5.489,26.514,31.349,88.294,86.640
124.292,3.065,15.415,30.693,84.215,82.794
124.375,3.065,15.155,30.556,84.929,83.511
124.417,3.066,15.154,30.742,84.965,83.570
124.458,3.065,15.159,30.726,85.018,83.646
124.500,3.065,15.155,30.552,85.041,83.676
124.542,3.065,15.146,30.516,85.085,83.673
124.583,3.066,15.135,30.676,85.106,83.690
124.625,3.064,15.128,30.615,85.074,83.653
124.667,3.064,15.112,30.465,85.082,83.671
124.708,3.063,15.119,30.550,85.088,83.648
124.750,3.064,15.108,30.501,85.091,83.599
124.792,3.064,15.078,30.690,85.108,83.562
124.833,3.065,15.107,30.425,85.137,83.623
124.875,3.064,15.068,30.586,85.039,83.554
124.958,3.064,15.080,30.432,85.095,83.657
125.000,3.064,15.075,30.487,85.130,83.691
125.042,3.065,15.056,30.469,85.158,83.718
125.083,3.062,15.015,30.584,85.159,83.713
125.125,3.063,14.990,30.604,85.226,83.761
125.167,3.064,14.966,30.688,85.268,83.784
125.208,3.065,14.960,30.577,85.205,83.785
125.250,3.063,14.950,30.567,85.275,83.748
125.292,3.065,14.930,30.702,85.322,83.851
125.375,5.491,27.377,30.962,89.013,87.414
125.417,5.490,27.144,30.961,88.761,87.230
125.458,5.492,27.068,31.074,88.764,87.300
125.500,5.491,27.049,30.895,88.777,87.255
125.542,5.491,27.070,31.041,88.760,87.217
125.583,5.493,26.950,30.961,88.763,87.205
125.625,5.492,26.877,30.982,88.748,87.136
125.667,5.491,27.219,30.935,88.755,87.125
125.708,5.491,27.200,31.124,88.776,87.113
125.750,5.491,27.211,31.117,88.739,87.053
125.792,5.489,27.058,31.155,88.815,87.111
125.833,5.491,27.004,30.996,88.701,87.096
125.875,5.491,27.030,31.177,88.704,87.083
125.958,5.491,27.040,30.881,88.749,87.108
126.000,5.489,27.003,30.890,88.787,87.127
126.042,5.491,27.016,31.195,88.749,87.136
126.083,5.489,27.050,31.056,88.762,87.128
126.125,5.490,27.000,31.050,88.800,87.165
126.167,5.489,26.973,31.143,88.840,87.161
126.208,5.490,26.867,30.949,88.866,87.179
126.250,5.490,27.075,31.003,88.833,87.124
126.292,5.490,27.057,31.205,88.854,87.142
126.375,3.064,15.472,30.659,85.414,84.042
126.417,3.064,15.460,30.644,84.723,83.344
126.458,3.064,15.436,30.459,84.574,83.153
126.500,3.064,15.454,30.322,84.631,83.187
126.542,3.064,15.445,30.587,84.639,83.219
126.583,3.063,15.464,30.608,84.709,83.287
126.625,3.062,15.435,30.708,84.696,83.286
126.667,3.064,15.437,30.556,84.719,83.294
126.708,3.063,15.411,30.632,84.701,83.209
126.750,3.063,15.410,30.636,84.745,83.178
126.792,3.063,15.393,30.523,84.557,83.104
126.833,3.062,15.375,30.508,84.644,83.144
126.875,3.062,15.384,30.588,84.708,83.125
126.958,5.487,27.186,31.080,88.500,86.825
127.000,5.488,27.118,30.873,88.725,87.057
127.042,5.489,27.113,30.900,88.795,87.154
127.083,5.489,27.062,30.928,88.802,87.144
127.125,5.489,27.095,31.083,88.805,87.098
127.167,5.489,27.198,30.875,88.812,87.080
127.208,5.490,27.167,30.932,88.837,87.099
127.250,5.489,27.169,30.958,88.793,87.094
127.292,5.491,27.227,30.946,88.787,87.085
127.375,3.064,15.749,30.595,85.270,83.785
127.417,3.065,15.749,30.690,84.759,83.309
127.458,3.065,15.751,30.678,84.606,83.207
127.500,3.064,15.698,30.506,84.581,83.155
127.542,3.064,15.749,30.584,84.551,83.112
127.583,3.064,15.761,30.561,84.614,83.217
127.625,3.064,15.771,30.634,84.664,83.264
127.667,3.065,15.782,30.493,84.661,83.271
127.708,3.064,15.764,30.744,84.638,83.208
127.750,3.064,15.761,30.620,84.662,83.168
127.792,3.063,15.746,30.665,84.680,83.189
127.833,3.063,15.747,30.488,84.898,83.383
127.875,3.065,15.757,30.771,85.064,83.533
127.958,5.486,27.327,31.306,88.610,86.802
128.000,5.488,27.369,31.200,88.852,87.161
128.042,5.489,27.280,31.076,88.901,87.179
128.083,5.490,27.271,31.156,88.909,87.137
128.125,5.489,27.406,31.405,88.888,87.222
128.167,5.488,27.375,31.411,88.874,87.142
128.208,5.489,27.325,31.225,88.794,87.073
128.250,5.488,27.308,31.187,88.846,87.126
128.292,5.490,27.444,31.244,88.829,87.099
128.375,3.064,15.573,30.704,85.856,84.508
128.417,3.064,15.556,30.546,84.891,83.481
128.458,3.064,15.566,30.665,84.676,83.250
128.500,3.064,15.503,30.499,84.550,83.140
128.542,3.064,15.455,30.380,84.541,83.130
128.583,3.064,15.476,30.600,84.539,83.144
128.625,3.065,15.436,30.767,84.558,83.156
128.667,3.063,15.593,30.623,84.749,83.326
128.708,3.065,15.549,30.765,84.685,83.253
128.750,3.065,15.483,30.527,84.670,83.192
128.792,3.065,15.481,30.715,84.711,83.158
128.833,3.064,15.497,30.758,84.702,83.220
128.875,3.064,15.455,30.565,84.700,83.189
128.958,5.491,27.522,31.270,87.941,86.264
129.000,5.490,27.593,31.291,88.143,86.421
129.042,5.491,26.992,31.129,88.123,86.357
129.083,5.491,27.360,31.157,88.242,86.530
129.125,5.490,27.192,31.217,88.233,86.533
129.167,5.490,27.597,31.234,88.157,86.495
129.208,5.490,27.509,30.930,88.189,86.452
129.250,5.491,27.511,31.160,88.156,86.422
129.292,5.490,27.571,31.250,88.116,86.395
129.375,2.759,15.040,30.655,86.852,85.387
129.417,2.759,14.968,30.621,85.564,84.195
129.458,2.759,14.967,30.825,85.389,84.006
129.500,2.760,14.960,30.610,85.338,83.968
129.542,2.759,14.863,30.625,85.303,83.932
129.583,2.759,14.931,30.635,85.305,83.975
129.625,2.760,14.929,30.680,85.343,83.979
129.667,2.759,14.970,30.675,85.264,83.904
129.708,2.759,14.939,30.550,85.276,83.834
129.750,2.759,14.991,30.699,85.397,83.970
129.792,2.759,14.984,30.687,85.401,83.960
129.833,2.758,14.942,30.579,85.426,83.931
129.875,2.758,14.965,30.616,85.460,83.975
129.958,5.490,27.674,31.363,88.799,87.116
130.000,5.489,27.601,31.177,88.812,87.080
130.042,5.490,27.583,31.172,88.820,87.137
130.083,5.490,27.566,31.276,88.825,87.065
130.125,5.490,27.741,31.061,88.900,87.107
130.167,5.489,27.616,31.046,88.884,87.151
130.208,5.489,27.697,31.219,88.887,87.161
130.250,5.490,27.572,31.067,88.838,87.017
130.292,5.491,27.736,31.252,88.865,87.116
130.375,3.065,15.960,30.574,85.435,83.984
130.417,3.066,15.925,30.889,84.817,83.319
130.458,3.065,15.938,30.798,84.694,83.286
130.500,3.064,15.938,30.725,84.624,83.256
130.542,3.065,15.943,30.531,84.653,83.266
130.583,3.064,15.962,30.680,84.707,83.358
130.625,3.064,15.942,30.723,84.710,83.231
130.667,3.064,15.996,30.750,84.730,83.238
130.708,3.064,15.946,30.843,84.704,83.174
130.750,3.062,15.683,30.726,84.610,83.106
130.792,3.062,15.676,30.732,84.696,83.248
130.833,3.061,15.890,30.421,84.740,83.217
130.875,3.062,15.863,30.658,84.710,83.134
130.958,5.489,26.726,31.363,88.866,87.144
131.000,5.490,26.659,31.221,89.012,87.302
131.042,5.489,26.645,31.443,89.033,87.242
131.083,5.488,26.898,31.506,89.088,87.349
131.125,5.488,26.857,31.365,89.163,87.406
131.167,5.487,26.757,31.404,89.197,87.423
131.208,5.488,26.888,31.440,89.077,87.344
131.250,5.488,26.876,31.265,88.967,87.206
131.292,5.490,26.675,31.582,88.953,87.241
131.375,5.491,26.973,31.287,88.981,87.318
131.417,5.490,26.837,31.244,88.948,87.285
131.458,5.490,26.885,31.417,88.950,87.307
131.500,5.489,26.881,31.283,88.916,87.226
131.542,5.489,26.902,31.405,88.910,87.261
131.583,5.489,27.080,31.283,88.909,87.200
131.625,5.490,27.029,31.158,88.842,87.225
131.667,5.487,26.496,31.142,88.612,86.892
131.708,5.488,26.897,31.160,88.662,86.954
131.750,5.486,26.957,31.260,88.734,87.055
131.792,5.486,27.008,31.043,88.814,87.187
131.833,5.487,26.760,30.967,88.945,87.175
131.875,5.487,26.976,31.306,88.899,87.164
131.958,5.488,26.964,31.222,88.901,87.147
132.000,5.487,26.892,30.988,88.911,87.149
132.042,5.487,27.007,31.314,88.886,87.168
132.083,5.488,26.386,31.277,88.936,87.191
132.125,5.487,26.920,31.141,88.948,87.208
132.167,5.487,26.949,31.088,88.956,87.151
132.208,5.488,26.947,31.266,88.932,87.186
132.250,5.486,26.899,31.184,88.936,87.213
132.292,5.487,27.026,31.076,88.895,87.214
132.375,5.487,26.881,31.161,88.943,87.215
132.417,5.487,26.864,30.776,88.933,87.308
132.458,5.489,26.895,31.073,88.958,87.343
132.500,5.488,26.603,31.140,88.969,87.260
132.542,5.489,26.848,31.174,88.944,87.339
132.583,5.488,26.924,31.154,88.910,87.285
132.625,5.490,26.938,31.408,88.847,87.251
132.667,5.489,26.904,31.156,88.844,87.232
132.708,5.491,26.811,31.318,88.902,87.213
132.750,5.491,26.855,31.245,88.900,87.243
132.792,5.489,26.885,31.142,88.923,87.243
132.833,5.490,26.921,31.113,88.927,87.213
132.875,5.492,26.896,31.079,88.963,87.318
132.958,5.489,26.641,31.073,88.943,87.272
133.000,5.490,26.926,31.147,88.936,87.282
133.042,5.490,26.488,31.106,88.930,87.252
133.083,5.490,26.919,31.147,88.926,87.222
133.125,5.488,26.232,31.232,88.904,87.237
133.167,5.489,26.888,31.328,88.917,87.238
133.208,5.491,26.906,31.057,88.890,87.242
133.250,5.489,26.559,31.167,88.894,87.242
133.292,5.489,26.825,31.248,88.874,87.230
133.375,3.065,15.470,30.676,86.048,84.682
133.417,3.062,15.458,30.747,85.574,84.128
133.458,3.064,15.538,30.505,85.501,84.106
133.500,3.064,15.539,30.892,85.514,84.037
133.542,3.065,15.522,30.611,85.498,84.142
133.583,3.065,15.516,30.878,85.518,84.149
133.625,3.064,15.480,30.789,85.503,84.059
133.667,3.064,15.496,30.610,85.486,84.042
133.708,3.063,15.001,30.460,85.477,83.933
133.750,3.062,15.278,30.729,85.499,84.015
133.792,3.062,15.366,30.676,85.512,83.984
133.833,3.062,15.297,30.748,85.619,84.080
133.875,3.062,15.553,30.573,86.292,84.668
133.958,6.009,30.084,31.220,90.104,88.354
134.000,6.010,29.824,31.466,89.971,88.227
134.042,6.013,29.978,31.168,89.994,88.204
134.083,6.012,30.166,31.124,89.846,88.106
134.125,6.011,30.088,31.236,89.793,88.130
134.167,6.009,29.960,31.131,89.827,88.053
134.208,6.010,29.914,31.407,89.819,88.021
134.250,6.011,30.167,31.063,89.774,88.024
134.292,6.012,30.038,31.249,89.808,88.016
134.375,3.062,15.219,30.656,86.208,84.707
134.417,3.063,15.136,30.662,85.575,84.149
134.458,3.063,14.975,30.627,85.457,84.018
134.500,3.065,15.249,30.803,85.491,84.140
134.542,3.065,15.244,30.551,85.567,84.115
134.583,3.064,15.246,30.772,85.537,84.120
134.625,3.065,15.215,30.576,85.503,84.086
134.667,3.065,15.271,30.553,85.725,84.340
134.708,3.064,15.207,30.856,85.610,84.204
134.750,3.065,15.207,30.614,85.593,84.154
134.792,3.064,15.102,30.534,85.743,84.079
134.833,3.063,15.062,30.491,86.022,84.412
134.875,3.063,15.032,30.542,86.123,84.431
134.958,6.009,29.997,31.181,90.289,88.498
135.000,6.009,29.896,31.407,89.801,88.023
135.042,6.009,29.947,31.340,89.756,88.018
135.083,6.009,29.734,31.066,89.767,87.987
135.125,6.008,29.813,31.320,89.845,88.028
135.167,6.010,29.935,31.372,89.920,88.086
135.208,6.010,29.866,31.195,89.948,88.119
135.250,6.009,29.805,31.110,89.940,88.062
135.292,6.009,29.679,31.177,89.914,88.093
135.375,6.011,29.374,30.951,89.856,88.022
135.417,6.010,29.657,31.214,89.772,88.113
135.458,6.011,29.788,31.380,89.843,88.158
135.500,6.013,29.548,31.291,89.852,88.200
135.542,6.013,29.685,31.347,89.871,88.206
135.583,6.013,29.543,31.301,89.865,88.228
135.625,6.014,29.644,31.198,89.886,88.124
135.667,6.015,29.780,31.237,89.800,88.115
135.708,6.013,29.696,31.187,89.799,88.007
135.750,6.011,29.688,31.128,89.821,88.051
135.792,6.012,29.786,31.153,90.030,88.238
135.833,6.012,29.673,31.114,89.761,88.001
135.875,6.011,29.689,31.156,89.792,87.969
135.958,6.013,29.795,31.332,89.781,88.071
136.000,6.011,29.811,31.371,89.776,88.145
136.042,6.012,29.812,31.466,89.761,88.089
136.083,6.011,29.606,31.287,89.769,88.039
136.125,6.011,29.813,31.363,89.725,88.056
136.167,6.011,29.794,31.406,89.729,88.007
136.208,6.011,29.848,31.295,89.730,87.990
136.250,6.011,29.801,31.179,89.738,88.000
136.292,6.011,29.660,31.206,89.708,88.040
136.375,6.011,29.446,31.385,89.634,87.897
136.417,6.012,29.721,31.429,89.659,87.997
136.458,6.013,29.743,31.471,89.781,88.064
136.500,6.014,29.758,31.404,89.884,88.256
136.542,6.015,29.791,31.395,89.848,88.229
136.583,6.017,29.854,31.361,89.797,88.186
136.625,6.017,29.784,31.561,89.711,88.116
136.667,6.015,29.432,31.367,89.619,87.996
136.708,6.013,29.813,31.140,89.627,87.988
136.750,6.013,29.796,31.372,89.625,87.888
136.792,6.013,29.662,31.213,89.623,87.950
136.833,6.012,29.790,31.289,89.688,87.964
136.875,6.010,30.064,31.064,89.653,87.932
136.958,6.013,29.913,31.340,89.676,87.991
137.000,6.013,29.748,31.193,89.745,87.988
137.042,6.012,29.760,31.564,89.725,88.031
137.083,6.012,29.716,31.016,89.689,87.974
137.125,6.012,29.821,31.270,89.672,88.008
137.167,6.012,29.624,31.349,89.660,87.991
137.208,6.012,29.716,31.242,89.654,87.951
137.250,6.010,29.670,31.307,89.697,88.017
137.292,6.011,29.854,31.427,89.688,87.949
137.375,6.012,29.785,31.416,89.689,87.966
137.417,2.758,14.529,30.599,85.827,84.454
137.458,2.758,14.627,30.819,84.882,83.498
137.500,2.758,14.664,30.480,84.660,83.373
137.542,2.758,14.659,30.745,84.629,83.323
137.583,2.758,14.664,30.645,84.649,83.321
137.625,2.758,14.660,30.661,84.653,83.252
137.667,2.758,14.691,30.532,84.681,83.310
137.708,2.758,14.652,30.892,84.672,83.219
137.750,2.757,14.684,30.602,84.690,83.216
137.792,2.757,14.637,30.843,84.667,83.205
137.833,2.757,14.675,30.529,84.708,83.228
137.875,2.757,14.661,30.671,84.707,83.216
137.958,6.011,29.305,31.378,89.253,87.512
138.000,6.013,29.043,31.186,89.937,88.239
138.042,6.014,29.214,31.206,90.023,88.327
138.083,6.013,29.314,31.372,89.994,88.363
138.125,6.012,29.294,31.112,90.036,88.325
138.167,6.012,29.454,31.120,90.008,88.243
138.208,6.012,29.334,31.268,89.965,88.270
138.250,6.012,29.243,31.086,89.962,88.223
138.292,6.012,29.053,31.081,89.916,88.231
138.375,6.011,28.909,31.243,89.954,88.216
138.417,6.011,28.934,31.060,89.941,88.287
138.458,6.013,29.344,31.309,89.918,88.265
138.500,6.013,29.104,31.335,89.911,88.298
138.542,6.014,29.203,30.948,89.876,88.250
138.583,6.014,29.289,31.056,89.891,88.278
138.625,6.012,29.060,31.128,89.897,88.289
138.667,6.012,29.127,31.050,89.908,88.322
138.708,6.013,29.102,31.144,89.919,88.279
138.750,6.013,29.128,31.169,89.913,88.210
138.792,6.013,29.153,31.321,89.909,88.219
138.833,6.014,29.130,31.068,89.924,88.245
138.875,6.014,29.044,31.139,89.878,88.235
138.958,6.013,29.162,31.131,89.901,88.184
139.000,6.012,29.286,31.062,89.927,88.184
139.042,6.012,29.169,31.138,89.923,88.247
139.083,6.013,29.085,31.149,89.900,88.215
139.125,6.013,29.435,31.437,89.895,88.165
139.167,6.012,29.092,31.134,89.863,88.127
139.208,6.011,29.161,31.130,89.921,88.212
139.250,6.012,29.112,30.998,89.937,88.226
139.292,6.011,29.101,31.043,89.961,88.308
139.375,6.012,29.233,31.098,89.959,88.374
139.417,6.012,29.005,31.034,89.942,88.362
139.458,6.012,29.373,31.053,89.964,88.316
139.500,6.014,28.775,31.143,89.952,88.330
139.542,6.013,28.921,30.939,89.927,88.280
139.583,6.012,29.090,31.087,89.980,88.342
139.625,6.014,28.823,31.242,89.919,88.334
139.667,6.014,29.215,31.147,89.925,88.350
139.708,6.014,29.035,31.365,89.954,88.335
139.750,6.014,29.459,31.073,89.935,88.299
139.792,6.014,29.306,31.341,89.972,88.297
139.833,6.013,29.400,31.216,89.948,88.241
139.875,6.014,29.024,31.379,89.965,88.290
139.958,6.012,29.288,31.334,89.960,88.344
140.000,6.014,29.251,31.259,89.984,88.242
140.042,6.014,29.025,31.249,89.964,88.303
140.083,6.014,29.401,31.033,89.934,88.281
140.125,6.015,29.157,31.081,89.940,88.281
140.167,6.012,29.290,30.904,89.902,88.219
140.208,6.013,29.155,31.197,89.891,88.213
140.250,6.012,29.285,31.173,89.953,88.277
140.292,6.012,29.301,30.800,89.918,88.272
140.375,4.229,24.300,31.404,89.236,87.670
140.417,3.062,15.041,31.253,86.805,85.442
140.458,3.064,15.109,31.301,86.659,85.288
140.500,3.065,15.109,31.387,86.868,85.445
140.542,3.066,15.092,31.282,86.859,85.489
140.583,3.068,15.079,31.061,86.990,85.572
140.625,3.067,15.064,30.981,87.029,85.617
140.667,3.066,14.964,31.015,86.921,85.558
140.708,3.065,14.988,30.792,87.012,85.675
140.750,3.066,14.865,30.967,86.911,85.451
140.792,3.066,14.901,30.965,86.976,85.468
140.833,3.065,14.835,30.901,86.939,85.433
140.875,3.064,14.823,30.795,86.932,85.421
140.958,6.012,28.933,31.624,90.215,88.569
141.000,6.013,28.824,31.597,90.001,88.403
141.042,6.014,28.902,31.105,90.091,88.478
141.083,6.013,29.069,31.402,90.061,88.426
141.125,6.013,28.513,31.443,90.082,88.473
141.167,6.012,29.063,31.487,90.060,88.429
141.208,6.012,29.087,31.525,90.020,88.450
141.250,6.011,28.695,31.599,90.011,88.388
141.292,6.011,29.116,32.118,89.974,88.324
141.375,3.678,18.459,31.361,86.261,84.825
141.417,3.678,18.481,31.515,85.458,84.093
141.458,3.678,18.457,31.402,85.449,84.054
141.500,3.679,18.437,31.431,85.464,84.115
141.542,3.679,18.440,31.286,85.673,84.263
141.583,3.678,18.437,31.496,85.696,84.333
141.625,3.678,18.446,31.485,85.761,84.333
141.667,3.678,18.420,31.488,85.825,84.406
141.708,3.678,18.375,31.485,85.855,84.380
141.750,3.677,18.405,31.489,85.810,84.392
141.792,3.678,18.428,31.833,85.848,84.436
141.833,3.678,18.454,31.633,85.972,84.472
141.875,3.677,18.395,31.309,85.981,84.504
141.958,6.012,29.635,32.146,89.823,88.234
142.000,6.013,29.356,31.785,89.905,88.301
142.042,6.012,29.531,31.928,89.929,88.390
142.083,6.013,29.535,31.788,89.898,88.348
142.125,6.013,29.497,31.618,89.947,88.288
142.167,6.014,29.470,31.675,89.893,88.292
142.208,6.013,29.670,31.709,89.834,88.265
142.250,6.013,29.563,31.883,89.857,88.301
142.292,6.015,29.577,31.872,89.950,88.330
142.375,6.015,29.575,31.874,89.872,88.403
142.417,6.014,29.693,32.070,89.893,88.399
142.458,6.012,29.628,31.964,89.871,88.410
142.500,6.015,29.576,31.721,89.796,88.238
142.542,6.015,29.630,31.811,89.699,88.170
142.583,6.013,29.423,31.609,89.676,88.135
142.625,6.013,29.754,31.680,89.683,88.100
142.667,6.014,29.771,31.834,89.715,88.132
142.708,6.014,29.667,31.818,89.750,88.133
142.750,6.013,29.633,31.860,89.709,88.075
142.792,6.014,29.899,31.851,89.795,88.211
142.833,6.013,29.761,31.811,89.847,88.201
142.875,6.014,29.575,31.757,89.823,88.219
142.958,6.012,29.679,31.561,89.741,88.153
143.000,6.013,29.696,31.645,89.741,88.150
143.042,6.013,29.712,31.612,89.746,88.190
143.083,6.012,29.467,31.289,89.471,87.795
143.125,6.010,29.234,31.699,89.499,87.906
143.167,6.010,29.586,31.957,89.555,87.949
143.208,6.010,29.753,31.631,89.659,87.959
143.250,6.010,29.423,31.704,89.795,88.174
143.292,6.010,29.801,31.748,89.848,88.253
143.375,6.010,29.689,31.582,89.508,87.806
143.417,6.008,29.705,31.537,89.537,87.867
143.458,6.010,29.474,31.375,89.261,87.633
143.500,6.009,29.347,30.491,88.057,86.303
143.542,6.010,29.552,30.497,87.796,86.157
143.583,6.010,29.386,30.659,88.048,86.517
143.625,6.011,29.670,30.716,88.451,86.902
143.667,6.011,29.595,31.485,88.455,86.868
143.708,6.011,29.934,31.487,87.677,86.138
143.750,6.012,29.224,30.420,88.066,86.417
143.792,6.012,29.357,30.503,89.032,87.421
143.833,6.010,29.456,30.535,89.090,87.520
143.875,6.012,29.511,30.690,89.097,87.546
143.958,6.009,29.578,30.652,88.968,87.477
144.000,6.011,29.546,30.935,89.022,87.520
144.042,6.011,30.099,30.856,89.059,87.516
144.083,6.012,29.509,30.872,89.068,87.541
144.125,6.011,29.943,30.892,89.081,87.536
144.167,6.011,29.656,30.874,89.128,87.593
144.208,6.012,29.456,30.914,89.119,87.565
144.250,6.012,29.936,30.814,89.113,87.540
144.292,6.012,29.583,30.847,89.101,87.563
144.375,6.011,30.218,31.089,89.106,87.538
144.417,6.012,29.588,30.978,89.170,87.617
144.458,6.012,29.804,31.015,89.191,87.737
144.500,6.013,30.322,30.974,89.608,88.153
144.542,6.013,29.698,31.012,89.631,88.181
144.583,6.014,29.609,31.016,89.596,88.115
144.625,6.014,30.267,30.913,89.543,88.117
144.667,6.015,29.670,31.024,89.502,88.013
144.708,6.016,29.619,31.033,89.524,87.990
144.750,6.016,30.283,30.865,89.517,87.990
144.792,6.014,30.082,30.855,89.532,87.973
144.833,6.015,29.687,30.730,89.538,88.010
144.875,6.016,29.664,31.197,89.536,87.908
144.958,6.016,29.547,31.003,89.529,87.972
145.000,6.015,29.720,31.015,89.572,87.970
145.042,6.012,29.680,30.863,89.472,87.813
145.083,6.012,30.037,31.124,89.377,87.751
145.125,6.010,29.703,30.921,89.502,87.902
145.167,6.011,29.685,30.872,89.509,87.908
145.208,6.011,29.995,30.999,89.557,87.964
145.250,6.011,29.962,30.930,89.506,87.875
145.292,6.011,30.010,30.971,89.551,87.963
145.375,6.013,29.779,30.832,89.628,88.124
145.417,6.012,30.018,30.827,89.659,88.160
145.458,6.013,29.764,30.754,89.671,88.173
145.500,6.015,29.742,30.866,89.648,88.216
145.542,6.013,29.821,30.783,89.656,88.194
145.583,6.013,29.466,30.701,89.657,88.151
145.625,6.014,29.637,30.790,89.604,88.051
145.667,6.013,29.656,30.879,89.565,88.006
145.708,6.013,29.562,30.940,89.585,88.013
145.750,6.013,29.675,30.870,89.573,87.986
145.792,6.011,29.916,30.895,89.599,88.047
145.833,6.013,29.237,30.855,89.666,88.105
145.875,6.013,29.606,31.252,89.664,88.186
145.958,6.014,29.964,30.935,89.630,88.114
146.000,6.013,30.018,31.014,89.659,88.147
146.042,6.013,29.753,31.070,89.670,88.108
146.083,6.014,29.710,30.721,89.686,88.121
146.125,6.013,29.627,30.942,89.648,88.095
146.167,6.012,29.843,31.087,89.635,88.081
146.208,6.012,29.972,31.001,89.661,88.082
146.250,6.011,29.820,30.821,89.654,88.066
146.292,6.014,30.295,30.647,89.621,88.033
146.375,6.012,29.732,30.962,89.669,88.143
146.417,6.013,29.663,31.233,89.694,88.207
146.458,6.012,29.572,30.972,89.682,88.183
146.500,6.013,29.769,30.899,89.658,88.210
146.542,6.014,29.719,30.998,89.699,88.264
146.583,6.014,29.706,30.997,89.657,88.222
146.625,6.015,29.744,30.851,89.634,88.201
146.667,6.015,29.876,30.850,89.621,88.165
146.708,6.014,29.797,30.920,89.584,88.100
146.750,6.016,29.762,30.957,89.594,88.105
146.792,6.014,29.813,31.109,89.637,88.114
146.833,6.014,29.659,30.964,89.636,88.053
146.875,6.013,29.856,30.550,89.585,87.979
146.958,6.012,29.665,30.688,89.704,88.143
147.000,6.012,30.162,30.805,89.681,88.155
147.042,6.012,29.768,30.644,89.676,88.089
147.083,6.013,29.952,30.806,89.685,88.128
147.125,6.010,29.539,30.862,89.671,88.118
147.167,6.013,29.724,30.873,89.671,88.055
147.208,6.013,29.766,30.842,89.641,88.089
147.250,6.013,29.562,30.537,89.582,87.944
147.292,6.013,29.866,31.012,89.485,87.923
147.375,4.262,21.637,30.735,86.525,85.130
147.417,4.262,21.798,30.319,86.668,85.224
147.458,4.260,21.779,30.520,86.652,85.215
147.500,4.262,21.694,30.469,86.738,85.335
147.542,4.262,21.793,30.267,86.793,85.387
147.583,4.263,21.855,30.555,86.792,85.338
147.625,4.262,21.791,30.425,86.733,85.409
147.667,4.263,21.838,30.454,86.763,85.371
147.708,4.264,21.816,30.502,86.805,85.403
147.750,4.263,21.859,30.193,86.838,85.388
147.792,4.262,21.856,30.685,86.945,85.486
147.833,4.262,21.796,30.359,86.941,85.472
147.875,4.262,21.881,30.758,86.944,85.494
147.958,6.010,28.961,30.981,89.760,88.228
148.000,6.012,28.780,30.837,89.790,88.260
148.042,6.011,29.258,30.903,89.812,88.285
148.083,6.013,29.092,30.979,89.792,88.231
148.125,6.013,29.009,30.789,89.768,88.236
148.167,6.012,28.816,30.745,89.808,88.247
148.208,6.012,28.915,30.834,89.842,88.301
148.250,6.012,28.994,31.006,89.848,88.326
148.292,6.011,29.272,30.997,89.848,88.317
148.375,4.261,20.986,30.283,87.222,85.775
148.417,4.261,20.991,30.369,87.072,85.569
148.458,4.261,20.858,30.486,87.086,85.646
148.500,4.262,20.966,30.551,87.155,85.792
148.542,4.263,20.872,30.539,87.138,85.714
148.583,4.261,20.930,30.585,87.105,85.737
148.625,4.261,20.931,30.507,87.112,85.753
148.667,4.261,20.951,30.487,87.137,85.762
148.708,4.261,20.956,30.455,87.115,85.703
148.750,4.261,20.946,30.569,87.094,85.646
148.792,4.262,20.969,30.778,87.128,85.658
148.833,4.261,20.836,30.700,87.158,85.659
148.875,4.261,20.834,30.646,87.171,85.692
148.958,6.014,28.610,30.810,89.546,88.043
149.000,6.013,28.607,30.623,89.579,88.054
149.042,6.014,28.830,30.888,89.653,88.136
149.083,6.012,28.764,30.727,89.725,88.130
149.125,6.015,28.677,30.660,89.731,88.186
149.167,6.012,28.765,30.875,89.596,88.045
149.208,6.013,28.672,30.920,89.542,88.003
149.250,6.012,29.102,30.878,89.573,88.018
149.292,6.013,28.674,31.063,89.537,87.981
149.375,4.294,21.468,30.331,86.602,85.198
149.417,4.294,21.412,30.444,86.384,84.967
149.458,4.294,21.315,30.439,86.391,84.954
149.500,4.294,21.204,30.469,86.381,85.021
149.542,4.294,21.301,30.306,86.449,85.019
149.583,4.295,21.409,30.564,86.473,85.137
149.625,4.293,21.461,30.442,86.450,85.091
149.667,4.294,21.321,30.412,86.484,85.060
149.708,4.293,21.316,30.457,86.478,85.027
149.750,4.294,21.210,30.657,86.512,84.966
149.792,4.294,21.282,30.374,86.495,85.059
149.833,4.294,21.322,30.759,86.466,85.054
149.875,4.295,21.447,30.692,86.441,85.071
149.958,6.013,28.607,31.152,89.477,88.024
150.000,6.013,28.789,30.912,89.646,88.127
150.042,6.013,28.775,30.909,89.634,88.177
150.083,6.012,28.551,30.771,89.584,88.015
150.125,6.013,28.689,30.999,89.536,87.971
150.167,6.013,28.714,30.843,89.556,87.985
150.208,6.012,28.782,30.718,89.578,87.924
150.250,6.011,28.701,30.650,89.565,87.979
150.292,6.012,28.704,31.048,89.604,88.079
150.375,6.014,28.545,30.951,89.615,88.134
150.417,6.013,28.548,30.768,89.608,88.034
150.458,6.013,28.737,30.657,89.608,88.064
150.500,6.012,28.560,30.915,89.646,88.095
150.542,6.012,28.860,30.959,89.693,88.237
150.583,6.014,28.639,30.932,89.683,88.235
150.625,6.015,28.666,30.915,89.635,88.218
150.667,6.014,28.815,30.845,89.559,88.126
150.708,6.014,28.910,30.866,89.542,88.015
150.750,6.014,28.563,30.852,89.488,87.959
150.792,6.014,29.021,30.935,89.526,87.985
150.833,6.014,28.745,31.110,89.601,88.119
150.875,6.012,28.786,30.761,89.595,88.050
150.958,6.013,28.834,30.786,89.583,88.080
151.000,6.014,28.721,31.016,89.558,87.965
151.042,6.014,28.740,30.918,89.552,88.060
151.083,6.014,28.665,31.140,89.538,88.013
151.125,6.014,28.630,30.713,89.528,88.041
151.167,6.013,28.817,30.673,89.514,88.004
151.208,6.012,28.808,30.982,89.500,88.005
151.250,6.013,28.789,30.916,89.524,87.969
151.292,6.014,28.697,30.854,89.719,88.176
151.375,3.678,18.995,30.391,86.879,85.438
151.417,3.677,19.100,30.717,86.598,85.159
151.458,3.678,19.111,30.555,86.599,85.215
151.500,3.678,19.122,30.603,86.617,85.254
151.542,3.678,19.108,30.497,86.635,85.222
151.583,3.679,19.166,30.673,86.636,85.257
151.625,3.680,19.200,30.645,86.658,85.252
151.667,3.679,19.193,30.636,86.592,85.242
151.708,3.680,19.128,30.568,86.621,85.244
151.750,3.678,19.090,30.597,86.612,85.200
151.792,3.678,19.108,30.621,86.614,85.157
151.833,3.679,19.051,30.715,86.634,85.184
151.875,3.679,19.072,30.731,86.655,85.116
151.958,6.012,29.719,31.250,89.607,88.050
152.000,6.013,29.610,31.091,89.728,88.214
152.042,6.012,29.570,31.222,89.731,88.231
152.083,6.013,29.727,31.054,89.740,88.223
152.125,6.013,29.760,31.322,89.743,88.196
152.167,6.013,29.447,31.076,89.782,88.240
152.208,6.012,29.715,30.946,89.776,88.234
152.250,6.014,29.721,31.417,89.779,88.232
152.292,6.015,29.607,31.112,89.739,88.175
152.375,6.013,29.692,31.087,89.721,88.244
152.417,6.013,29.584,31.166,89.705,88.267
152.458,6.015,29.480,31.013,89.728,88.323
152.500,6.013,29.757,30.765,89.719,88.287
152.542,6.012,29.642,31.131,89.730,88.238
152.583,6.014,29.537,31.138,89.744,88.305
152.625,6.015,29.617,31.011,89.745,88.273
152.667,6.014,29.673,31.129,89.726,88.240
152.708,6.013,29.747,30.983,89.672,88.183
152.750,6.013,29.630,31.398,89.712,88.207
152.792,6.014,29.724,31.104,89.765,88.241
152.833,6.013,29.792,31.141,89.793,88.266
152.875,6.013,29.653,31.150,89.754,88.203
152.958,6.014,29.688,31.225,89.756,88.215
153.000,6.013,29.559,31.283,89.753,88.216
153.042,6.015,29.685,31.080,89.702,88.171
153.083,6.014,29.727,31.026,89.644,88.159
153.125,6.014,29.617,30.853,89.629,88.142
153.167,6.015,29.663,31.076,89.679,88.152
153.208,6.014,29.610,31.138,89.680,88.076
153.250,6.014,29.672,31.209,89.645,88.122
153.292,6.014,29.708,30.941,89.674,88.124
153.375,6.014,29.687,31.206,89.596,88.166
153.417,6.014,29.775,31.193,89.630,88.206
153.458,6.014,29.656,30.987,89.655,88.195
153.500,6.014,29.605,31.037,89.669,88.228
153.542,6.014,29.738,30.857,89.678,88.224
153.583,6.015,29.741,31.279,89.701,88.296
153.625,6.015,29.740,31.013,89.640,88.150
153.667,6.014,29.702,31.025,89.640,88.104
153.708,6.015,29.732,31.001,89.647,88.091
153.750,6.013,29.640,31.122,89.662,88.054
153.792,6.015,29.692,31.199,89.675,88.124
153.833,6.014,29.658,31.132,89.681,88.144
153.875,6.013,29.743,31.254,89.712,88.181
153.958,6.016,29.823,31.361,89.710,88.222
154.000,6.016,29.655,31.220,89.663,88.158
154.042,6.017,29.662,31.156,89.680,88.185
154.083,6.016,29.691,30.977,89.670,88.081
154.125,6.014,29.604,31.137,89.639,88.066
154.167,6.014,29.716,31.331,89.661,88.068
154.208,6.014,29.637,31.269,89.649,88.141
154.250,6.013,29.733,31.172,89.644,88.079
154.292,6.014,29.658,31.191,89.681,88.054
154.375,3.064,15.375,30.409,85.046,83.616
154.417,3.064,15.396,30.331,84.703,83.274
154.458,3.064,15.324,30.432,84.718,83.304
154.500,3.063,15.264,30.682,84.625,83.208
154.542,3.370,16.568,30.479,85.295,83.889
154.583,3.370,16.555,30.406,85.912,84.452
154.625,3.370,16.550,30.290,86.002,84.527
154.667,3.370,16.620,30.367,85.989,84.503
154.708,3.065,16.528,30.423,85.001,83.614
154.750,3.064,15.143,30.452,84.915,83.553
154.792,3.062,15.124,30.323,84.813,83.436
154.833,3.063,15.071,30.334,84.919,83.428
154.875,3.063,15.011,30.083,84.905,83.419
154.958,6.010,29.897,30.985,89.463,87.815
155.000,6.011,29.598,30.863,89.837,88.232
155.042,6.011,29.849,30.843,89.883,88.270
155.083,6.011,29.897,30.992,89.871,88.269
155.125,6.010,29.648,31.012,89.855,88.258
155.167,6.012,29.564,30.694,89.815,88.252
155.208,6.012,29.803,31.073,89.755,88.210
155.250,6.011,29.595,30.987,89.709,88.212
155.292,6.014,29.588,31.021,89.583,87.924
155.375,3.063,15.101,30.363,85.676,84.131
155.417,3.062,15.075,30.370,85.387,83.857
155.458,3.369,16.991,30.647,85.383,83.842
155.500,3.368,17.012,30.298,85.900,84.343
155.542,3.368,16.987,30.346,86.058,84.562
155.583,3.674,17.501,30.401,86.878,85.318
155.625,3.063,15.265,30.391,86.414,84.918
155.667,3.063,15.175,30.205,85.904,84.464
155.708,3.063,15.159,30.142,85.714,84.214
155.750,3.063,15.136,30.337,85.663,84.151
155.792,3.063,15.154,30.402,85.628,84.123
155.833,3.064,15.154,30.067,85.614,84.074
155.875,3.063,15.133,30.248,85.575,84.089
155.958,6.010,29.878,30.996,89.575,87.995
156.000,6.009,29.877,31.075,89.800,88.256
156.042,6.010,29.851,30.666,89.776,88.215
156.083,6.009,29.714,30.569,89.801,88.219
156.125,6.010,29.873,30.971,89.845,88.228
156.167,6.012,29.632,30.901,89.757,88.149
156.208,6.010,29.399,30.927,89.755,88.109
156.250,6.011,29.935,30.830,89.788,88.167
156.292,6.012,29.718,30.824,89.763,88.043
156.375,3.065,14.781,30.341,85.805,84.246
156.417,3.063,14.801,30.385,85.639,84.133
156.458,3.063,14.826,30.529,85.650,84.170
156.500,3.063,14.856,30.419,85.654,84.207
156.542,3.064,14.860,30.389,85.727,84.256
156.583,3.064,14.851,30.433,85.753,84.279
156.625,3.064,14.861,30.436,85.759,84.313
156.667,3.064,14.852,30.132,85.796,84.321
156.708,3.064,14.836,30.274,85.759,84.274
156.750,3.063,14.810,30.087,85.701,84.205
156.792,3.063,14.760,30.190,85.675,84.176
156.833,3.063,14.794,30.340,85.833,84.339
156.875,3.062,14.812,30.342,85.914,84.373
156.958,6.010,29.343,31.171,89.827,88.197
157.000,6.012,29.613,30.824,89.901,88.175
157.042,6.011,29.235,30.760,89.877,88.256
157.083,6.011,29.414,30.944,89.920,88.308
157.125,6.012,29.557,30.819,89.928,88.312
157.167,6.011,29.841,31.021,89.941,88.338
157.208,6.010,29.561,30.824,89.916,88.283
157.250,6.011,29.441,30.977,89.866,88.203
157.292,6.010,29.404,31.061,89.804,88.173
157.375,3.063,14.963,30.643,85.924,84.544
157.417,3.064,14.934,30.367,85.697,84.280
157.458,3.064,14.930,30.444,85.665,84.244
157.500,3.064,14.922,30.448,85.679,84.308
157.542,3.065,14.921,30.282,85.745,84.319
157.583,3.065,14.934,30.306,85.769,84.389
157.625,3.063,14.953,30.550,85.811,84.435
157.667,3.066,14.954,30.407,85.762,84.432
157.708,3.064,14.934,30.511,85.804,84.365
157.750,3.063,14.943,30.474,85.859,84.334
157.792,3.064,14.937,30.545,85.838,84.333
157.833,3.064,14.929,30.631,85.839,84.358
157.875,3.064,15.089,30.540,85.844,84.302
157.958,6.012,29.848,30.930,90.139,88.552
158.000,6.012,29.828,30.962,89.892,88.396
158.042,6.012,29.865,31.268,89.920,88.275
158.083,6.011,29.834,30.960,89.919,88.338
158.125,6.009,29.879,30.848,89.886,88.325
158.167,6.010,29.697,31.011,89.852,88.282
158.208,6.010,29.848,31.007,89.851,88.245
158.250,6.012,29.974,30.825,89.842,88.261
158.292,6.010,29.766,30.834,89.786,88.218
158.375,2.452,14.375,30.428,85.967,84.536
158.417,2.452,14.474,30.770,85.477,84.136
158.458,2.452,14.480,30.616,85.128,83.695
158.500,2.452,14.508,30.468,85.075,83.728
158.542,2.452,14.489,30.482,85.124,83.804
158.583,2.452,14.496,30.425,85.157,83.810
158.625,2.452,14.521,30.502,85.136,83.779
158.667,2.452,14.596,30.445,85.403,84.051
158.708,2.453,14.550,30.630,85.316,83.893
158.750,2.452,14.558,30.410,85.235,83.815
158.792,2.452,14.531,30.426,85.188,83.754
158.833,2.451,14.455,30.508,85.167,83.766
158.875,2.451,14.552,30.450,85.084,83.683
158.958,5.793,28.817,31.063,89.879,88.262
159.000,5.795,29.094,30.993,89.676,88.096
159.042,5.795,29.165,30.959,89.617,88.044
159.083,5.795,28.922,30.988,89.592,88.033
159.125,5.795,28.755,31.224,89.596,87.968
159.167,5.796,28.879,30.729,89.570,87.979
159.208,5.797,28.851,30.642,89.548,87.992
159.250,5.795,28.979,31.021,89.549,87.923
159.292,5.797,29.045,31.128,89.542,87.913
159.375,5.797,29.062,31.057,89.521,87.886
159.417,5.798,29.045,31.141,89.526,87.918
159.458,5.798,28.951,30.940,89.515,88.029
159.500,5.797,28.975,30.748,89.557,88.030
159.542,5.797,28.978,31.102,89.570,87.984
159.583,5.798,29.065,31.088,89.564,88.005
159.625,5.797,29.023,30.916,89.561,88.025
159.667,5.798,28.997,31.253,89.523,87.884
159.708,5.796,28.840,30.953,89.345,87.692
159.750,5.796,28.944,31.091,89.480,87.837
159.792,5.794,28.950,30.976,89.536,87.898
159.833,5.795,28.953,31.139,89.581,87.943
159.875,5.796,28.830,31.032,89.522,87.957
159.958,5.796,28.958,30.965,89.522,87.960
160.000,5.795,29.030,31.045,89.554,87.978
160.042,5.795,28.960,30.882,89.532,87.880
160.083,5.795,28.991,31.044,89.542,87.958
160.125,5.796,28.956,30.874,89.539,87.916
160.167,5.794,28.797,31.009,89.515,87.933
160.208,5.795,29.082,31.263,89.525,87.917
160.250,5.794,28.717,30.884,89.520,87.928
160.292,5.796,29.005,31.038,89.521,87.966
160.375,5.796,28.820,31.030,89.530,87.925
160.417,5.796,28.842,31.092,89.524,88.015
160.458,5.797,28.984,30.945,89.563,88.033
160.500,5.797,29.020,30.912,89.540,88.041
160.542,5.798,28.990,30.824,89.562,88.050
160.583,5.797,28.968,31.169,89.527,88.014
160.625,5.797,29.017,31.076,89.540,88.087
160.667,5.798,29.041,31.118,89.526,87.939
160.708,5.796,28.986,31.345,89.551,87.982
160.750,5.799,28.928,31.053,89.527,87.920
160.792,5.799,28.894,30.887,89.495,87.920
160.833,5.798,28.890,31.113,89.506,87.930
160.875,5.798,28.903,30.909,89.517,87.949
160.958,5.797,29.086,31.000,89.526,87.982
161.000,5.797,28.866,31.091,89.515,87.999
161.042,5.796,29.002,30.659,89.472,87.857
161.083,5.797,28.945,30.971,89.581,87.981
161.125,5.796,29.057,31.100,89.569,87.953
161.167,5.796,28.979,30.909,89.584,87.950
161.208,5.796,29.033,31.330,89.573,87.946
161.250,5.797,28.939,30.924,89.569,87.960
161.292,5.796,28.908,30.880,89.590,88.003
161.375,2.453,13.023,30.619,85.748,84.420
161.417,2.740,13.010,30.624,84.984,83.591
161.458,3.064,14.612,29.819,86.890,85.399
161.500,3.062,15.142,30.441,86.341,84.876
161.542,3.062,15.165,30.755,86.503,85.119
161.583,3.062,15.157,30.509,86.642,85.299
161.625,3.063,15.133,30.705,86.585,85.185
161.667,3.063,13.870,30.384,86.732,85.277
161.708,3.063,13.886,31.343,86.855,85.447
161.750,3.063,13.883,31.426,86.924,85.388
161.792,3.063,13.806,30.937,86.692,85.113
161.833,3.062,13.843,31.400,86.862,85.323
161.875,3.061,13.856,31.386,87.035,85.467
161.958,6.010,28.701,31.910,89.295,87.636
162.000,6.011,28.842,31.651,89.250,87.667
162.042,6.012,28.721,31.800,89.299,87.720
162.083,6.012,28.979,31.675,89.258,87.612
162.125,6.011,28.815,31.726,89.267,87.713
162.167,6.011,28.999,31.874,89.288,87.715
162.208,6.012,29.420,31.554,89.337,87.785
162.250,6.012,29.693,31.334,89.315,87.687
162.292,6.011,28.782,31.475,88.962,87.374
162.375,3.063,16.168,30.859,85.880,84.330
162.417,3.063,16.209,31.153,86.035,84.536
162.458,3.064,16.250,31.126,86.073,84.634
162.500,3.065,16.310,31.222,86.089,84.719
162.542,3.065,16.249,31.200,86.045,84.611
162.583,3.063,16.250,31.337,86.053,84.577
162.625,3.064,16.249,31.092,86.094,84.738
162.667,3.065,16.228,31.301,86.127,84.701
162.708,3.063,16.853,31.415,86.052,84.659
162.750,3.676,18.569,29.078,86.702,85.180
162.792,2.452,14.575,30.558,84.899,83.504
162.833,2.451,14.465,30.583,84.155,82.720
162.875,2.452,14.433,30.639,84.032,82.622
162.958,6.011,28.704,31.416,88.783,87.285
163.000,6.011,28.774,31.002,89.198,87.668
163.042,6.012,28.581,31.011,89.257,87.790
163.083,6.012,28.798,31.096,89.328,87.814
163.125,6.012,28.348,31.175,89.259,87.748